"Lon";"Lat";"scientificName";"year";"month";"day";"accessRights";"bibliographicCitation";"name_sort";"X_leaflet_id";"layerId";"edit_id"
"1";-8.217372;40.217709;"Quercus lusitanica Lam.";2026;2;8;"http://creativecommons.org/licenses/by-nc/4.0/legalcode";". Accessed from R via rgbif (https://github.com/ropensci/rgbif) on 2026-04-22";"Portugal";305;"305";"305"
"2";-8.113745;38.585195;"Quercus lusitanica Lam.";2026;2;7;"http://creativecommons.org/licenses/by-nc/4.0/legalcode";". Accessed from R via rgbif (https://github.com/ropensci/rgbif) on 2026-04-22";"Portugal";305;"305";"305"
"3";-5.53016;36.073158;"Quercus lusitanica Lam.";2026;2;25;"http://creativecommons.org/licenses/by-nc/4.0/legalcode";". Accessed from R via rgbif (https://github.com/ropensci/rgbif) on 2026-04-22";"Spain";305;"305";"305"
"4";-5.513674;36.081818;"Quercus lusitanica Lam.";2026;3;28;"http://creativecommons.org/licenses/by-nc/4.0/legalcode";". Accessed from R via rgbif (https://github.com/ropensci/rgbif) on 2026-04-22";"Spain";305;"305";"305"
"5";-5.53637;36.090656;"Quercus lusitanica Lam.";2026;3;31;"http://creativecommons.org/licenses/by-nc/4.0/legalcode";". Accessed from R via rgbif (https://github.com/ropensci/rgbif) on 2026-04-22";"Spain";305;"305";"305"
"6";-5.360217;36.206963;"Quercus lusitanica Lam.";2025;1;8;"http://creativecommons.org/licenses/by-nc/4.0/legalcode";". Accessed from R via rgbif (https://github.com/ropensci/rgbif) on 2026-04-22";"Spain";305;"305";"305"
"7";-8.519903;38.693195;"Quercus lusitanica Lam.";2025;1;25;"http://creativecommons.org/licenses/by-nc/4.0/legalcode";". Accessed from R via rgbif (https://github.com/ropensci/rgbif) on 2026-04-22";"Portugal";305;"305";"305"
"8";-8.309388;40.461182;"Quercus lusitanica Lam.";2025;1;18;"http://creativecommons.org/licenses/by-nc/4.0/legalcode";". Accessed from R via rgbif (https://github.com/ropensci/rgbif) on 2026-04-22";"Portugal";305;"305";"305"
"9";-8.33626;40.087227;"Quercus lusitanica Lam.";2025;1;3;"http://creativecommons.org/licenses/by-nc/4.0/legalcode";". Accessed from R via rgbif (https://github.com/ropensci/rgbif) on 2026-04-22";"Portugal";305;"305";"305"
"10";-7.798936;41.504978;"Quercus lusitanica Lam.";2025;1;16;"http://creativecommons.org/licenses/by/4.0/legalcode";". Accessed from R via rgbif (https://github.com/ropensci/rgbif) on 2026-04-22";"Portugal";305;"305";"305"
"11";-8.498625;39.008707;"Quercus lusitanica Lam.";2025;2;2;"http://creativecommons.org/licenses/by-nc/4.0/legalcode";". Accessed from R via rgbif (https://github.com/ropensci/rgbif) on 2026-04-22";"Portugal";305;"305";"305"
"12";-8.286182;37.380081;"Quercus lusitanica Lam.";2025;2;6;"http://creativecommons.org/licenses/by-nc/4.0/legalcode";". Accessed from R via rgbif (https://github.com/ropensci/rgbif) on 2026-04-22";"Portugal";305;"305";"305"
"13";-7.862005;37.241962;"Quercus lusitanica Lam.";2025;3;30;"http://creativecommons.org/licenses/by-nc/4.0/legalcode";". Accessed from R via rgbif (https://github.com/ropensci/rgbif) on 2026-04-22";"Portugal";305;"305";"305"
"14";-8.389212;40.061291;"Quercus lusitanica Lam.";2025;3;12;"http://creativecommons.org/licenses/by-nc/4.0/legalcode";". Accessed from R via rgbif (https://github.com/ropensci/rgbif) on 2026-04-22";"Portugal";305;"305";"305"
"15";-5.586283;36.227395;"Quercus lusitanica Lam.";2025;4;17;"http://creativecommons.org/licenses/by-nc/4.0/legalcode";". Accessed from R via rgbif (https://github.com/ropensci/rgbif) on 2026-04-22";"Spain";305;"305";"305"
"16";-8.380068;40.049114;"Quercus lusitanica Lam.";2025;4;27;"http://creativecommons.org/licenses/by-nc/4.0/legalcode";". Accessed from R via rgbif (https://github.com/ropensci/rgbif) on 2026-04-22";"Portugal";305;"305";"305"
"17";-8.226659;40.256234;"Quercus lusitanica Lam.";2025;4;19;"http://creativecommons.org/licenses/by-nc/4.0/legalcode";". Accessed from R via rgbif (https://github.com/ropensci/rgbif) on 2026-04-22";"Portugal";305;"305";"305"
"18";-5.627172;36.514691;"Quercus lusitanica Lam.";2025;5;16;"http://creativecommons.org/licenses/by-nc/4.0/legalcode";". Accessed from R via rgbif (https://github.com/ropensci/rgbif) on 2026-04-22";"Spain";305;"305";"305"
"19";-5.627234;36.514583;"Quercus lusitanica Lam.";2025;5;16;"http://creativecommons.org/licenses/by-nc/4.0/legalcode";". Accessed from R via rgbif (https://github.com/ropensci/rgbif) on 2026-04-22";"Spain";305;"305";"305"
"20";-8.403675;40.44322;"Quercus lusitanica Lam.";2025;8;29;"http://creativecommons.org/licenses/by-nc/4.0/legalcode";". Accessed from R via rgbif (https://github.com/ropensci/rgbif) on 2026-04-22";"Portugal";305;"305";"305"
"21";-8.705888;39.579955;"Quercus lusitanica Lam.";2025;9;2;"http://creativecommons.org/licenses/by-nc/4.0/legalcode";". Accessed from R via rgbif (https://github.com/ropensci/rgbif) on 2026-04-22";"Portugal";305;"305";"305"
"22";-8.378603;37.316967;"Quercus lusitanica Lam.";2025;9;30;"http://creativecommons.org/licenses/by-nc/4.0/legalcode";". Accessed from R via rgbif (https://github.com/ropensci/rgbif) on 2026-04-22";"Portugal";305;"305";"305"
"23";-8.200265;40.277402;"Quercus lusitanica Lam.";2025;9;27;"http://creativecommons.org/licenses/by-nc/4.0/legalcode";". Accessed from R via rgbif (https://github.com/ropensci/rgbif) on 2026-04-22";"Portugal";305;"305";"305"
"24";-7.999038;40.262515;"Quercus lusitanica Lam.";2025;9;27;"http://creativecommons.org/licenses/by-nc/4.0/legalcode";". Accessed from R via rgbif (https://github.com/ropensci/rgbif) on 2026-04-22";"Portugal";305;"305";"305"
"25";-8.199256;40.276759;"Quercus lusitanica Lam.";2025;9;27;"http://creativecommons.org/licenses/by-nc/4.0/legalcode";". Accessed from R via rgbif (https://github.com/ropensci/rgbif) on 2026-04-22";"Portugal";305;"305";"305"
"26";-8.213267;40.259138;"Quercus lusitanica Lam.";2025;9;27;"http://creativecommons.org/licenses/by-nc/4.0/legalcode";". Accessed from R via rgbif (https://github.com/ropensci/rgbif) on 2026-04-22";"Portugal";305;"305";"305"
"27";-8.216429;40.210071;"Quercus lusitanica Lam.";2025;10;17;"http://creativecommons.org/licenses/by-nc/4.0/legalcode";". Accessed from R via rgbif (https://github.com/ropensci/rgbif) on 2026-04-22";"Portugal";305;"305";"305"
"28";-8.203488;40.228282;"Quercus lusitanica Lam.";2025;10;19;"http://creativecommons.org/licenses/by-nc/4.0/legalcode";". Accessed from R via rgbif (https://github.com/ropensci/rgbif) on 2026-04-22";"Portugal";305;"305";"305"
"29";-8.203607;40.228072;"Quercus lusitanica Lam.";2025;10;19;"http://creativecommons.org/licenses/by-nc/4.0/legalcode";". Accessed from R via rgbif (https://github.com/ropensci/rgbif) on 2026-04-22";"Portugal";305;"305";"305"
"30";-8.426833;39.094956;"Quercus lusitanica Lam.";2025;10;26;"http://creativecommons.org/licenses/by-nc/4.0/legalcode";". Accessed from R via rgbif (https://github.com/ropensci/rgbif) on 2026-04-22";"Portugal";305;"305";"305"
"31";-8.203627;40.228065;"Quercus lusitanica Lam.";2025;10;19;"http://creativecommons.org/licenses/by-nc/4.0/legalcode";". Accessed from R via rgbif (https://github.com/ropensci/rgbif) on 2026-04-22";"Portugal";305;"305";"305"
"32";-5.341277;36.20438;"Quercus lusitanica Lam.";2025;10;26;"http://creativecommons.org/licenses/by-nc/4.0/legalcode";". Accessed from R via rgbif (https://github.com/ropensci/rgbif) on 2026-04-22";"Spain";305;"305";"305"
"33";-7.918985;37.187775;"Quercus lusitanica Lam.";2025;11;1;"http://creativecommons.org/licenses/by-nc/4.0/legalcode";". Accessed from R via rgbif (https://github.com/ropensci/rgbif) on 2026-04-22";"Portugal";305;"305";"305"
"34";-7.918988;37.187912;"Quercus lusitanica Lam.";2025;11;1;"http://creativecommons.org/licenses/by-nc/4.0/legalcode";". Accessed from R via rgbif (https://github.com/ropensci/rgbif) on 2026-04-22";"Portugal";305;"305";"305"
"35";-7.918716;37.187627;"Quercus lusitanica Lam.";2025;11;1;"http://creativecommons.org/licenses/by-nc/4.0/legalcode";". Accessed from R via rgbif (https://github.com/ropensci/rgbif) on 2026-04-22";"Portugal";305;"305";"305"
"36";-7.91877;37.188;"Quercus lusitanica Lam.";2025;11;1;"http://creativecommons.org/licenses/by-nc/4.0/legalcode";". Accessed from R via rgbif (https://github.com/ropensci/rgbif) on 2026-04-22";"Portugal";305;"305";"305"
"37";-7.918928;37.187859;"Quercus lusitanica Lam.";2025;11;1;"http://creativecommons.org/licenses/by-nc/4.0/legalcode";". Accessed from R via rgbif (https://github.com/ropensci/rgbif) on 2026-04-22";"Portugal";305;"305";"305"
"38";-7.918935;37.187748;"Quercus lusitanica Lam.";2025;11;1;"http://creativecommons.org/licenses/by-nc/4.0/legalcode";". Accessed from R via rgbif (https://github.com/ropensci/rgbif) on 2026-04-22";"Portugal";305;"305";"305"
"39";-7.918877;37.187982;"Quercus lusitanica Lam.";2025;11;1;"http://creativecommons.org/licenses/by-nc/4.0/legalcode";". Accessed from R via rgbif (https://github.com/ropensci/rgbif) on 2026-04-22";"Portugal";305;"305";"305"
"40";-7.918729;37.187588;"Quercus lusitanica Lam.";2025;11;1;"http://creativecommons.org/licenses/by-nc/4.0/legalcode";". Accessed from R via rgbif (https://github.com/ropensci/rgbif) on 2026-04-22";"Portugal";305;"305";"305"
"41";-7.918694;37.187602;"Quercus lusitanica Lam.";2025;11;1;"http://creativecommons.org/licenses/by-nc/4.0/legalcode";". Accessed from R via rgbif (https://github.com/ropensci/rgbif) on 2026-04-22";"Portugal";305;"305";"305"
"42";-7.918832;37.187962;"Quercus lusitanica Lam.";2025;11;1;"http://creativecommons.org/licenses/by-nc/4.0/legalcode";". Accessed from R via rgbif (https://github.com/ropensci/rgbif) on 2026-04-22";"Portugal";305;"305";"305"
"43";-7.918917;37.188001;"Quercus lusitanica Lam.";2025;11;1;"http://creativecommons.org/licenses/by-nc/4.0/legalcode";". Accessed from R via rgbif (https://github.com/ropensci/rgbif) on 2026-04-22";"Portugal";305;"305";"305"
"44";-7.918927;37.187747;"Quercus lusitanica Lam.";2025;11;1;"http://creativecommons.org/licenses/by-nc/4.0/legalcode";". Accessed from R via rgbif (https://github.com/ropensci/rgbif) on 2026-04-22";"Portugal";305;"305";"305"
"45";-7.918221;37.187817;"Quercus lusitanica Lam.";2025;11;1;"http://creativecommons.org/licenses/by-nc/4.0/legalcode";". Accessed from R via rgbif (https://github.com/ropensci/rgbif) on 2026-04-22";"Portugal";305;"305";"305"
"46";-7.918194;37.187722;"Quercus lusitanica Lam.";2025;11;1;"http://creativecommons.org/licenses/by-nc/4.0/legalcode";". Accessed from R via rgbif (https://github.com/ropensci/rgbif) on 2026-04-22";"Portugal";305;"305";"305"
"47";-8.56685;39.23348;"Quercus lusitanica Lam.";2025;11;28;"http://creativecommons.org/licenses/by-nc/4.0/legalcode";". Accessed from R via rgbif (https://github.com/ropensci/rgbif) on 2026-04-22";"Portugal";305;"305";"305"
"48";-8.580098;39.237481;"Quercus lusitanica Lam.";2025;11;30;"http://creativecommons.org/licenses/by-nc/4.0/legalcode";". Accessed from R via rgbif (https://github.com/ropensci/rgbif) on 2026-04-22";"Portugal";305;"305";"305"
"49";-8.775089;38.851103;"Quercus lusitanica Lam.";2025;11;27;"http://creativecommons.org/licenses/by-nc/4.0/legalcode";". Accessed from R via rgbif (https://github.com/ropensci/rgbif) on 2026-04-22";"Portugal";305;"305";"305"
"50";-8.805749;39.318813;"Quercus lusitanica Lam.";2025;12;28;"http://creativecommons.org/licenses/by-nc/4.0/legalcode";". Accessed from R via rgbif (https://github.com/ropensci/rgbif) on 2026-04-22";"Portugal";305;"305";"305"
"51";-8.983821;39.103776;"Quercus lusitanica Lam.";2025;12;7;"http://creativecommons.org/licenses/by-nc/4.0/legalcode";". Accessed from R via rgbif (https://github.com/ropensci/rgbif) on 2026-04-22";"Portugal";305;"305";"305"
"52";-8.227297;40.25691;"Quercus lusitanica Lam.";2024;3;26;"http://creativecommons.org/licenses/by-nc/4.0/legalcode";". Accessed from R via rgbif (https://github.com/ropensci/rgbif) on 2026-04-22";"Portugal";305;"305";"305"
"53";-8.403959;40.233563;"Quercus lusitanica Lam.";2024;3;26;"http://creativecommons.org/licenses/by-nc/4.0/legalcode";". Accessed from R via rgbif (https://github.com/ropensci/rgbif) on 2026-04-22";"Portugal";305;"305";"305"
"54";-8.133344;40.227669;"Quercus lusitanica Lam.";2024;3;21;"http://creativecommons.org/licenses/by/4.0/legalcode";". Accessed from R via rgbif (https://github.com/ropensci/rgbif) on 2026-04-22";"Portugal";305;"305";"305"
"55";-5.606426;36.513562;"Quercus lusitanica Lam.";2024;4;13;"http://creativecommons.org/licenses/by/4.0/legalcode";". Accessed from R via rgbif (https://github.com/ropensci/rgbif) on 2026-04-22";"Spain";305;"305";"305"
"56";-8.190232;40.219688;"Quercus lusitanica Lam.";2024;5;23;"http://creativecommons.org/licenses/by-nc/4.0/legalcode";". Accessed from R via rgbif (https://github.com/ropensci/rgbif) on 2026-04-22";"Portugal";305;"305";"305"
"57";-8.193022;40.218388;"Quercus lusitanica Lam.";2024;5;23;"http://creativecommons.org/licenses/by-nc/4.0/legalcode";". Accessed from R via rgbif (https://github.com/ropensci/rgbif) on 2026-04-22";"Portugal";305;"305";"305"
"58";-5.624631;36.509856;"Quercus lusitanica Lam.";2024;6;1;"http://creativecommons.org/licenses/by-nc/4.0/legalcode";". Accessed from R via rgbif (https://github.com/ropensci/rgbif) on 2026-04-22";"Spain";305;"305";"305"
"59";-8.869471;39.85395;"Quercus lusitanica Lam.";2024;6;24;"http://creativecommons.org/licenses/by/4.0/legalcode";". Accessed from R via rgbif (https://github.com/ropensci/rgbif) on 2026-04-22";"Portugal";305;"305";"305"
"60";-8.182897;40.187477;"Quercus lusitanica Lam.";2024;8;10;"http://creativecommons.org/licenses/by-nc/4.0/legalcode";". Accessed from R via rgbif (https://github.com/ropensci/rgbif) on 2026-04-22";"Portugal";305;"305";"305"
"61";-8.206253;40.231232;"Quercus lusitanica Lam.";2024;8;30;"http://creativecommons.org/licenses/by-nc/4.0/legalcode";". Accessed from R via rgbif (https://github.com/ropensci/rgbif) on 2026-04-22";"Portugal";305;"305";"305"
"62";-8.274253;40.115833;"Quercus lusitanica Lam.";2024;9;22;"http://creativecommons.org/licenses/by-nc/4.0/legalcode";". Accessed from R via rgbif (https://github.com/ropensci/rgbif) on 2026-04-22";"Portugal";305;"305";"305"
"63";-8.293373;40.127869;"Quercus lusitanica Lam.";2024;9;21;"http://creativecommons.org/licenses/by-nc/4.0/legalcode";". Accessed from R via rgbif (https://github.com/ropensci/rgbif) on 2026-04-22";"Portugal";305;"305";"305"
"64";-8.273045;40.118889;"Quercus lusitanica Lam.";2024;9;22;"http://creativecommons.org/licenses/by-nc/4.0/legalcode";". Accessed from R via rgbif (https://github.com/ropensci/rgbif) on 2026-04-22";"Portugal";305;"305";"305"
"65";-8.299298;40.125351;"Quercus lusitanica Lam.";2024;9;21;"http://creativecommons.org/licenses/by-nc/4.0/legalcode";". Accessed from R via rgbif (https://github.com/ropensci/rgbif) on 2026-04-22";"Portugal";305;"305";"305"
"66";-8.298612;40.126453;"Quercus lusitanica Lam.";2024;9;21;"http://creativecommons.org/licenses/by-nc/4.0/legalcode";". Accessed from R via rgbif (https://github.com/ropensci/rgbif) on 2026-04-22";"Portugal";305;"305";"305"
"67";-8.217813;40.129658;"Quercus lusitanica Lam.";2024;9;30;"http://creativecommons.org/licenses/by-nc/4.0/legalcode";". Accessed from R via rgbif (https://github.com/ropensci/rgbif) on 2026-04-22";"Portugal";305;"305";"305"
"68";-8.447502;39.617637;"Quercus lusitanica Lam.";2024;9;5;"http://creativecommons.org/licenses/by/4.0/legalcode";". Accessed from R via rgbif (https://github.com/ropensci/rgbif) on 2026-04-22";"Portugal";305;"305";"305"
"69";-8.424018;37.359396;"Quercus lusitanica Lam.";2024;11;9;"http://creativecommons.org/licenses/by-nc/4.0/legalcode";". Accessed from R via rgbif (https://github.com/ropensci/rgbif) on 2026-04-22";"Portugal";305;"305";"305"
"70";-8.147493;39.62299;"Quercus lusitanica Lam.";2024;11;10;"http://creativecommons.org/licenses/by-nc/4.0/legalcode";". Accessed from R via rgbif (https://github.com/ropensci/rgbif) on 2026-04-22";"Portugal";305;"305";"305"
"71";-8.439267;37.369305;"Quercus lusitanica Lam.";2024;11;9;"http://creativecommons.org/licenses/by-nc/4.0/legalcode";". Accessed from R via rgbif (https://github.com/ropensci/rgbif) on 2026-04-22";"Portugal";305;"305";"305"
"72";-8.422271;37.359203;"Quercus lusitanica Lam.";2024;11;9;"http://creativecommons.org/licenses/by-nc/4.0/legalcode";". Accessed from R via rgbif (https://github.com/ropensci/rgbif) on 2026-04-22";"Portugal";305;"305";"305"
"73";-8.42172;37.355424;"Quercus lusitanica Lam.";2024;11;23;"http://creativecommons.org/licenses/by-nc/4.0/legalcode";". Accessed from R via rgbif (https://github.com/ropensci/rgbif) on 2026-04-22";"Portugal";305;"305";"305"
"74";-8.422277;37.356618;"Quercus lusitanica Lam.";2024;11;23;"http://creativecommons.org/licenses/by-nc/4.0/legalcode";". Accessed from R via rgbif (https://github.com/ropensci/rgbif) on 2026-04-22";"Portugal";305;"305";"305"
"75";-8.280832;40.139679;"Quercus lusitanica Lam.";2024;11;23;"http://creativecommons.org/licenses/by-nc/4.0/legalcode";". Accessed from R via rgbif (https://github.com/ropensci/rgbif) on 2026-04-22";"Portugal";305;"305";"305"
"76";-8.282612;40.139664;"Quercus lusitanica Lam.";2024;11;23;"http://creativecommons.org/licenses/by-nc/4.0/legalcode";". Accessed from R via rgbif (https://github.com/ropensci/rgbif) on 2026-04-22";"Portugal";305;"305";"305"
"77";-8.281715;40.137611;"Quercus lusitanica Lam.";2024;11;23;"http://creativecommons.org/licenses/by-nc/4.0/legalcode";". Accessed from R via rgbif (https://github.com/ropensci/rgbif) on 2026-04-22";"Portugal";305;"305";"305"
"78";-8.282798;40.138847;"Quercus lusitanica Lam.";2024;11;23;"http://creativecommons.org/licenses/by-nc/4.0/legalcode";". Accessed from R via rgbif (https://github.com/ropensci/rgbif) on 2026-04-22";"Portugal";305;"305";"305"
"79";-8.323482;40.126247;"Quercus lusitanica Lam.";2024;11;27;"http://creativecommons.org/licenses/by-nc/4.0/legalcode";". Accessed from R via rgbif (https://github.com/ropensci/rgbif) on 2026-04-22";"Portugal";305;"305";"305"
"80";-8.283507;40.137947;"Quercus lusitanica Lam.";2024;11;23;"http://creativecommons.org/licenses/by-nc/4.0/legalcode";". Accessed from R via rgbif (https://github.com/ropensci/rgbif) on 2026-04-22";"Portugal";305;"305";"305"
"81";-8.28236;40.139713;"Quercus lusitanica Lam.";2024;11;23;"http://creativecommons.org/licenses/by-nc/4.0/legalcode";". Accessed from R via rgbif (https://github.com/ropensci/rgbif) on 2026-04-22";"Portugal";305;"305";"305"
"82";-8.281867;40.13969;"Quercus lusitanica Lam.";2024;11;23;"http://creativecommons.org/licenses/by-nc/4.0/legalcode";". Accessed from R via rgbif (https://github.com/ropensci/rgbif) on 2026-04-22";"Portugal";305;"305";"305"
"83";-8.282172;40.137493;"Quercus lusitanica Lam.";2024;11;23;"http://creativecommons.org/licenses/by-nc/4.0/legalcode";". Accessed from R via rgbif (https://github.com/ropensci/rgbif) on 2026-04-22";"Portugal";305;"305";"305"
"84";-8.329972;40.113659;"Quercus lusitanica Lam.";2024;11;25;"http://creativecommons.org/licenses/by-nc/4.0/legalcode";". Accessed from R via rgbif (https://github.com/ropensci/rgbif) on 2026-04-22";"Portugal";305;"305";"305"
"85";-8.421578;37.355761;"Quercus lusitanica Lam.";2024;12;7;"http://creativecommons.org/licenses/by-nc/4.0/legalcode";". Accessed from R via rgbif (https://github.com/ropensci/rgbif) on 2026-04-22";"Portugal";305;"305";"305"
"86";-8.421754;37.355703;"Quercus lusitanica Lam.";2024;12;7;"http://creativecommons.org/licenses/by-nc/4.0/legalcode";". Accessed from R via rgbif (https://github.com/ropensci/rgbif) on 2026-04-22";"Portugal";305;"305";"305"
"87";-8.146631;39.626465;"Quercus lusitanica Lam.";2024;12;24;"http://creativecommons.org/licenses/by-nc/4.0/legalcode";". Accessed from R via rgbif (https://github.com/ropensci/rgbif) on 2026-04-22";"Portugal";305;"305";"305"
"88";-8.686974;39.603871;"Quercus lusitanica Lam.";2024;12;22;"http://creativecommons.org/licenses/by-nc/4.0/legalcode";". Accessed from R via rgbif (https://github.com/ropensci/rgbif) on 2026-04-22";"Portugal";305;"305";"305"
"89";-8.327422;40.118507;"Quercus lusitanica Lam.";2024;12;25;"http://creativecommons.org/licenses/by-nc/4.0/legalcode";". Accessed from R via rgbif (https://github.com/ropensci/rgbif) on 2026-04-22";"Portugal";305;"305";"305"
"90";-8.18552;43.375376;"Quercus lusitanica Lam.";2024;12;29;"http://creativecommons.org/licenses/by/4.0/legalcode";". Accessed from R via rgbif (https://github.com/ropensci/rgbif) on 2026-04-22";"Spain";305;"305";"305"
"91";-8.339585;40.128689;"Quercus lusitanica Lam.";2024;12;15;"http://creativecommons.org/licenses/by-nc/4.0/legalcode";". Accessed from R via rgbif (https://github.com/ropensci/rgbif) on 2026-04-22";"Portugal";305;"305";"305"
"92";-8.756289;39.742677;"Quercus lusitanica Lam.";2023;1;1;"http://creativecommons.org/licenses/by-nc/4.0/legalcode";". Accessed from R via rgbif (https://github.com/ropensci/rgbif) on 2026-04-22";"Portugal";305;"305";"305"
"93";-8.367463;39.21574;"Quercus lusitanica Lam.";2023;1;28;"http://creativecommons.org/licenses/by-nc/4.0/legalcode";". Accessed from R via rgbif (https://github.com/ropensci/rgbif) on 2026-04-22";"Portugal";305;"305";"305"
"94";-8.831024;39.860641;"Quercus lusitanica Lam.";2023;2;15;"http://creativecommons.org/licenses/by-nc/4.0/legalcode";". Accessed from R via rgbif (https://github.com/ropensci/rgbif) on 2026-04-22";"Portugal";305;"305";"305"
"95";-6.62944;37.893584;"Quercus lusitanica Lam.";2023;2;27;"http://creativecommons.org/licenses/by-nc/4.0/legalcode";". Accessed from R via rgbif (https://github.com/ropensci/rgbif) on 2026-04-22";"Spain";305;"305";"305"
"96";-7.91924;37.194329;"Quercus lusitanica Lam.";2023;4;7;"http://creativecommons.org/licenses/by-nc/4.0/legalcode";". Accessed from R via rgbif (https://github.com/ropensci/rgbif) on 2026-04-22";"Portugal";305;"305";"305"
"97";-8.450965;39.01552;"Quercus lusitanica Lam.";2023;4;10;"http://creativecommons.org/licenses/by-nc/4.0/legalcode";". Accessed from R via rgbif (https://github.com/ropensci/rgbif) on 2026-04-22";"Portugal";305;"305";"305"
"98";-7.918169;37.188508;"Quercus lusitanica Lam.";2023;4;15;"http://creativecommons.org/licenses/by-nc/4.0/legalcode";". Accessed from R via rgbif (https://github.com/ropensci/rgbif) on 2026-04-22";"Portugal";305;"305";"305"
"99";-5.634427;36.522026;"Quercus lusitanica Lam.";2023;5;1;"http://creativecommons.org/licenses/by-nc/4.0/legalcode";". Accessed from R via rgbif (https://github.com/ropensci/rgbif) on 2026-04-22";"Spain";305;"305";"305"
"100";-8.101505;38.586012;"Quercus lusitanica Lam.";2023;5;13;"http://creativecommons.org/licenses/by-nc/4.0/legalcode";". Accessed from R via rgbif (https://github.com/ropensci/rgbif) on 2026-04-22";"Portugal";305;"305";"305"
"101";-5.360996;36.192634;"Quercus lusitanica Lam.";2023;7;21;"http://creativecommons.org/licenses/by-nc/4.0/legalcode";". Accessed from R via rgbif (https://github.com/ropensci/rgbif) on 2026-04-22";"Spain";305;"305";"305"
"102";-8.413203;40.312823;"Quercus lusitanica Lam.";2023;7;30;"http://creativecommons.org/licenses/by-nc/4.0/legalcode";". Accessed from R via rgbif (https://github.com/ropensci/rgbif) on 2026-04-22";"Portugal";305;"305";"305"
"103";-8.635481;39.411472;"Quercus lusitanica Lam.";2023;8;9;"http://creativecommons.org/licenses/by-nc/4.0/legalcode";". Accessed from R via rgbif (https://github.com/ropensci/rgbif) on 2026-04-22";"Portugal";305;"305";"305"
"104";-8.235326;40.410941;"Quercus lusitanica Lam.";2023;8;8;"http://creativecommons.org/licenses/by-nc/4.0/legalcode";". Accessed from R via rgbif (https://github.com/ropensci/rgbif) on 2026-04-22";"Portugal";305;"305";"305"
"105";-8.155673;41.74456;"Quercus lusitanica Lam.";2023;8;14;"http://creativecommons.org/licenses/by/4.0/legalcode";". Accessed from R via rgbif (https://github.com/ropensci/rgbif) on 2026-04-22";"Portugal";305;"305";"305"
"106";-8.123739;40.157792;"Quercus lusitanica Lam.";2023;9;11;"http://creativecommons.org/licenses/by-nc/4.0/legalcode";". Accessed from R via rgbif (https://github.com/ropensci/rgbif) on 2026-04-22";"Portugal";305;"305";"305"
"107";-8.234834;40.124004;"Quercus lusitanica Lam.";2023;9;9;"http://creativecommons.org/licenses/by-nc/4.0/legalcode";". Accessed from R via rgbif (https://github.com/ropensci/rgbif) on 2026-04-22";"Portugal";305;"305";"305"
"108";-8.455387;39.17186;"Quercus lusitanica Lam.";2023;9;14;"http://creativecommons.org/licenses/by-nc/4.0/legalcode";". Accessed from R via rgbif (https://github.com/ropensci/rgbif) on 2026-04-22";"Portugal";305;"305";"305"
"109";-8.53213;42.799289;"Quercus lusitanica Lam.";2023;9;3;"http://creativecommons.org/licenses/by/4.0/legalcode";". Accessed from R via rgbif (https://github.com/ropensci/rgbif) on 2026-04-22";"Spain";305;"305";"305"
"110";-8.427928;41.658411;"Quercus lusitanica Lam.";2023;9;19;"http://creativecommons.org/licenses/by/4.0/legalcode";". Accessed from R via rgbif (https://github.com/ropensci/rgbif) on 2026-04-22";"Portugal";305;"305";"305"
"111";-6.707203;37.891175;"Quercus lusitanica Lam.";2023;10;21;"http://creativecommons.org/licenses/by-nc/4.0/legalcode";". Accessed from R via rgbif (https://github.com/ropensci/rgbif) on 2026-04-22";"Spain";305;"305";"305"
"112";-8.662674;39.904164;"Quercus lusitanica Lam.";2023;10;31;"http://creativecommons.org/licenses/by-nc/4.0/legalcode";". Accessed from R via rgbif (https://github.com/ropensci/rgbif) on 2026-04-22";"Portugal";305;"305";"305"
"113";-5.601287;36.480022;"Quercus lusitanica Lam.";2023;11;7;"http://creativecommons.org/licenses/by-nc/4.0/legalcode";". Accessed from R via rgbif (https://github.com/ropensci/rgbif) on 2026-04-22";"Spain";305;"305";"305"
"114";-5.362528;36.262;"Quercus lusitanica Lam.";2023;11;30;"http://creativecommons.org/licenses/by-nc/4.0/legalcode";". Accessed from R via rgbif (https://github.com/ropensci/rgbif) on 2026-04-22";"Spain";305;"305";"305"
"115";-8.45692;39.060967;"Quercus lusitanica Lam.";2023;12;8;"http://creativecommons.org/licenses/by-nc/4.0/legalcode";". Accessed from R via rgbif (https://github.com/ropensci/rgbif) on 2026-04-22";"Portugal";305;"305";"305"
"116";-8.44779;42.937224;"Quercus lusitanica Lam.";2023;12;2;"http://creativecommons.org/licenses/by/4.0/legalcode";". Accessed from R via rgbif (https://github.com/ropensci/rgbif) on 2026-04-22";"Spain";305;"305";"305"
"117";-8.443387;39.153428;"Quercus lusitanica Lam.";2022;1;7;"http://creativecommons.org/licenses/by-nc/4.0/legalcode";". Accessed from R via rgbif (https://github.com/ropensci/rgbif) on 2026-04-22";"Portugal";305;"305";"305"
"118";-7.908135;37.212917;"Quercus lusitanica Lam.";2022;1;1;"http://creativecommons.org/licenses/by-nc/4.0/legalcode";". Accessed from R via rgbif (https://github.com/ropensci/rgbif) on 2026-04-22";"Portugal";305;"305";"305"
"119";-8.059015;38.565932;"Quercus lusitanica Lam.";2022;2;14;"http://creativecommons.org/licenses/by-nc/4.0/legalcode";". Accessed from R via rgbif (https://github.com/ropensci/rgbif) on 2026-04-22";"Portugal";305;"305";"305"
"120";-8.430295;37.383529;"Quercus lusitanica Lam.";2022;3;22;"http://creativecommons.org/licenses/by-nc/4.0/legalcode";". Accessed from R via rgbif (https://github.com/ropensci/rgbif) on 2026-04-22";"Portugal";305;"305";"305"
"121";-8.161012;40.139183;"Quercus lusitanica Lam.";2022;3;30;"http://creativecommons.org/licenses/by-nc/4.0/legalcode";". Accessed from R via rgbif (https://github.com/ropensci/rgbif) on 2026-04-22";"Portugal";305;"305";"305"
"122";-8.610109;39.047481;"Quercus lusitanica Lam.";2022;4;3;"http://creativecommons.org/licenses/by-nc/4.0/legalcode";". Accessed from R via rgbif (https://github.com/ropensci/rgbif) on 2026-04-22";"Portugal";305;"305";"305"
"123";-8.161346;40.144825;"Quercus lusitanica Lam.";2022;4;26;"http://creativecommons.org/licenses/by-nc/4.0/legalcode";". Accessed from R via rgbif (https://github.com/ropensci/rgbif) on 2026-04-22";"Portugal";305;"305";"305"
"124";-7.936644;37.156805;"Quercus lusitanica Lam.";2022;4;2;"http://creativecommons.org/licenses/by/4.0/legalcode";". Accessed from R via rgbif (https://github.com/ropensci/rgbif) on 2026-04-22";"Portugal";305;"305";"305"
"125";-8.30332;41.276969;"Quercus lusitanica Lam.";2022;4;30;"http://creativecommons.org/licenses/by/4.0/legalcode";". Accessed from R via rgbif (https://github.com/ropensci/rgbif) on 2026-04-22";"Portugal";305;"305";"305"
"126";-8.920698;39.126143;"Quercus lusitanica Lam.";2022;5;1;"http://creativecommons.org/licenses/by-nc/4.0/legalcode";". Accessed from R via rgbif (https://github.com/ropensci/rgbif) on 2026-04-22";"Portugal";305;"305";"305"
"127";-8.426177;37.387903;"Quercus lusitanica Lam.";2022;5;18;"http://creativecommons.org/licenses/by-nc/4.0/legalcode";". Accessed from R via rgbif (https://github.com/ropensci/rgbif) on 2026-04-22";"Portugal";305;"305";"305"
"128";-8.696563;39.747499;"Quercus lusitanica Lam.";2022;5;25;"http://creativecommons.org/licenses/by-nc/4.0/legalcode";". Accessed from R via rgbif (https://github.com/ropensci/rgbif) on 2026-04-22";"Portugal";305;"305";"305"
"129";-8.867551;39.791308;"Quercus lusitanica Lam.";2022;5;21;"http://creativecommons.org/licenses/by-nc/4.0/legalcode";". Accessed from R via rgbif (https://github.com/ropensci/rgbif) on 2026-04-22";"Portugal";305;"305";"305"
"130";-8.474672;39.750485;"Quercus lusitanica Lam.";2022;5;9;"http://creativecommons.org/licenses/by-nc/4.0/legalcode";". Accessed from R via rgbif (https://github.com/ropensci/rgbif) on 2026-04-22";"Portugal";305;"305";"305"
"131";-8.696483;39.747982;"Quercus lusitanica Lam.";2022;5;18;"http://creativecommons.org/licenses/by-nc/4.0/legalcode";". Accessed from R via rgbif (https://github.com/ropensci/rgbif) on 2026-04-22";"Portugal";305;"305";"305"
"132";-8.226891;40.256204;"Quercus lusitanica Lam.";2022;5;14;"http://creativecommons.org/licenses/by-nc/4.0/legalcode";". Accessed from R via rgbif (https://github.com/ropensci/rgbif) on 2026-04-22";"Portugal";305;"305";"305"
"133";-8.03687;40.249862;"Quercus lusitanica Lam.";2022;5;2;"http://creativecommons.org/licenses/by-nc/4.0/legalcode";". Accessed from R via rgbif (https://github.com/ropensci/rgbif) on 2026-04-22";"Portugal";305;"305";"305"
"134";-5.677515;36.472082;"Quercus lusitanica Lam.";2022;6;25;"http://creativecommons.org/licenses/by-nc/4.0/legalcode";". Accessed from R via rgbif (https://github.com/ropensci/rgbif) on 2026-04-22";"Spain";305;"305";"305"
"135";-7.926326;37.196779;"Quercus lusitanica Lam.";2022;6;28;"http://creativecommons.org/licenses/by-nc/4.0/legalcode";". Accessed from R via rgbif (https://github.com/ropensci/rgbif) on 2026-04-22";"Portugal";305;"305";"305"
"136";-5.611339;36.510833;"Quercus lusitanica Lam.";2022;6;25;"http://creativecommons.org/licenses/by-nc/4.0/legalcode";". Accessed from R via rgbif (https://github.com/ropensci/rgbif) on 2026-04-22";"Spain";305;"305";"305"
"137";-8.176388;40.153095;"Quercus lusitanica Lam.";2022;7;2;"http://creativecommons.org/licenses/by-nc/4.0/legalcode";". Accessed from R via rgbif (https://github.com/ropensci/rgbif) on 2026-04-22";"Portugal";305;"305";"305"
"138";-8.71318;39.448577;"Quercus lusitanica Lam.";2022;8;27;"http://creativecommons.org/licenses/by-nc/4.0/legalcode";". Accessed from R via rgbif (https://github.com/ropensci/rgbif) on 2026-04-22";"Portugal";305;"305";"305"
"139";-8.164743;40.14204;"Quercus lusitanica Lam.";2022;9;21;"http://creativecommons.org/licenses/by-nc/4.0/legalcode";". Accessed from R via rgbif (https://github.com/ropensci/rgbif) on 2026-04-22";"Portugal";305;"305";"305"
"140";-8.16236;40.141304;"Quercus lusitanica Lam.";2022;9;21;"http://creativecommons.org/licenses/by-nc/4.0/legalcode";". Accessed from R via rgbif (https://github.com/ropensci/rgbif) on 2026-04-22";"Portugal";305;"305";"305"
"141";-8.162193;40.141232;"Quercus lusitanica Lam.";2022;9;21;"http://creativecommons.org/licenses/by-nc/4.0/legalcode";". Accessed from R via rgbif (https://github.com/ropensci/rgbif) on 2026-04-22";"Portugal";305;"305";"305"
"142";-8.162629;40.141335;"Quercus lusitanica Lam.";2022;9;21;"http://creativecommons.org/licenses/by-nc/4.0/legalcode";". Accessed from R via rgbif (https://github.com/ropensci/rgbif) on 2026-04-22";"Portugal";305;"305";"305"
"143";-8.226984;40.256094;"Quercus lusitanica Lam.";2022;9;25;"http://creativecommons.org/licenses/by-nc/4.0/legalcode";". Accessed from R via rgbif (https://github.com/ropensci/rgbif) on 2026-04-22";"Portugal";305;"305";"305"
"144";-8.797437;39.388138;"Quercus lusitanica Lam.";2022;9;23;"http://creativecommons.org/licenses/by-nc/4.0/legalcode";". Accessed from R via rgbif (https://github.com/ropensci/rgbif) on 2026-04-22";"Portugal";305;"305";"305"
"145";-8.166435;40.190908;"Quercus lusitanica Lam.";2022;9;26;"http://creativecommons.org/licenses/by-nc/4.0/legalcode";". Accessed from R via rgbif (https://github.com/ropensci/rgbif) on 2026-04-22";"Portugal";305;"305";"305"
"146";-8.014917;40.252469;"Quercus lusitanica Lam.";2022;10;1;"http://creativecommons.org/licenses/by-nc/4.0/legalcode";". Accessed from R via rgbif (https://github.com/ropensci/rgbif) on 2026-04-22";"Portugal";305;"305";"305"
"147";-8.032393;40.249562;"Quercus lusitanica Lam.";2022;10;1;"http://creativecommons.org/licenses/by-nc/4.0/legalcode";". Accessed from R via rgbif (https://github.com/ropensci/rgbif) on 2026-04-22";"Portugal";305;"305";"305"
"148";-8.568917;38.817397;"Quercus lusitanica Lam.";2022;11;25;"http://creativecommons.org/licenses/by-nc/4.0/legalcode";". Accessed from R via rgbif (https://github.com/ropensci/rgbif) on 2026-04-22";"Portugal";305;"305";"305"
"149";-8.416851;39.058387;"Quercus lusitanica Lam.";2021;1;27;"http://creativecommons.org/licenses/by-nc/4.0/legalcode";". Accessed from R via rgbif (https://github.com/ropensci/rgbif) on 2026-04-22";"Portugal";305;"305";"305"
"150";-8.234301;40.122568;"Quercus lusitanica Lam.";2021;2;15;"http://creativecommons.org/licenses/by-nc/4.0/legalcode";". Accessed from R via rgbif (https://github.com/ropensci/rgbif) on 2026-04-22";"Portugal";305;"305";"305"
"151";-7.875354;39.174551;"Quercus lusitanica Lam.";2021;2;13;"http://creativecommons.org/licenses/by-nc/4.0/legalcode";". Accessed from R via rgbif (https://github.com/ropensci/rgbif) on 2026-04-22";"Portugal";305;"305";"305"
"152";-8.829979;38.749837;"Quercus lusitanica Lam.";2021;3;20;"http://creativecommons.org/licenses/by-nc/4.0/legalcode";". Accessed from R via rgbif (https://github.com/ropensci/rgbif) on 2026-04-22";"Portugal";305;"305";"305"
"153";-8.167487;40.153824;"Quercus lusitanica Lam.";2021;4;18;"http://creativecommons.org/licenses/by-nc/4.0/legalcode";". Accessed from R via rgbif (https://github.com/ropensci/rgbif) on 2026-04-22";"Portugal";305;"305";"305"
"154";-5.521772;36.627707;"Quercus lusitanica Lam.";2021;4;26;"http://creativecommons.org/licenses/by-nc/4.0/legalcode";". Accessed from R via rgbif (https://github.com/ropensci/rgbif) on 2026-04-22";"Spain";305;"305";"305"
"155";-8.577943;39.763914;"Quercus lusitanica Lam.";2021;4;15;"http://creativecommons.org/licenses/by-nc/4.0/legalcode";". Accessed from R via rgbif (https://github.com/ropensci/rgbif) on 2026-04-22";"Portugal";305;"305";"305"
"156";-8.487682;38.910562;"Quercus lusitanica Lam.";2021;5;22;"http://creativecommons.org/licenses/by-nc/4.0/legalcode";". Accessed from R via rgbif (https://github.com/ropensci/rgbif) on 2026-04-22";"Portugal";305;"305";"305"
"157";-8.7661;39.199703;"Quercus lusitanica Lam.";2021;6;7;"http://creativecommons.org/licenses/by-nc/4.0/legalcode";". Accessed from R via rgbif (https://github.com/ropensci/rgbif) on 2026-04-22";"Portugal";305;"305";"305"
"158";-8.370234;39.023777;"Quercus lusitanica Lam.";2021;6;17;"http://creativecommons.org/licenses/by-nc/4.0/legalcode";". Accessed from R via rgbif (https://github.com/ropensci/rgbif) on 2026-04-22";"Portugal";305;"305";"305"
"159";-8.564466;39.043774;"Quercus lusitanica Lam.";2021;6;1;"http://creativecommons.org/licenses/by-nc/4.0/legalcode";". Accessed from R via rgbif (https://github.com/ropensci/rgbif) on 2026-04-22";"Portugal";305;"305";"305"
"160";-8.89943;39.170625;"Quercus lusitanica Lam.";2021;8;28;"http://creativecommons.org/licenses/by-nc/4.0/legalcode";". Accessed from R via rgbif (https://github.com/ropensci/rgbif) on 2026-04-22";"Portugal";305;"305";"305"
"161";-8.180739;40.155247;"Quercus lusitanica Lam.";2021;8;29;"http://creativecommons.org/licenses/by-nc/4.0/legalcode";". Accessed from R via rgbif (https://github.com/ropensci/rgbif) on 2026-04-22";"Portugal";305;"305";"305"
"162";-8.171956;40.154179;"Quercus lusitanica Lam.";2021;8;29;"http://creativecommons.org/licenses/by-nc/4.0/legalcode";". Accessed from R via rgbif (https://github.com/ropensci/rgbif) on 2026-04-22";"Portugal";305;"305";"305"
"163";-8.181233;40.155781;"Quercus lusitanica Lam.";2021;8;29;"http://creativecommons.org/licenses/by-nc/4.0/legalcode";". Accessed from R via rgbif (https://github.com/ropensci/rgbif) on 2026-04-22";"Portugal";305;"305";"305"
"164";-8.226645;40.256133;"Quercus lusitanica Lam.";2021;9;8;"http://creativecommons.org/licenses/by-nc/4.0/legalcode";". Accessed from R via rgbif (https://github.com/ropensci/rgbif) on 2026-04-22";"Portugal";305;"305";"305"
"165";-8.234999;40.123753;"Quercus lusitanica Lam.";2021;9;30;"http://creativecommons.org/licenses/by-nc/4.0/legalcode";". Accessed from R via rgbif (https://github.com/ropensci/rgbif) on 2026-04-22";"Portugal";305;"305";"305"
"166";-8.229429;40.129967;"Quercus lusitanica Lam.";2021;9;5;"http://creativecommons.org/licenses/by-nc/4.0/legalcode";". Accessed from R via rgbif (https://github.com/ropensci/rgbif) on 2026-04-22";"Portugal";305;"305";"305"
"167";-8.235012;40.123814;"Quercus lusitanica Lam.";2021;9;30;"http://creativecommons.org/licenses/by-nc/4.0/legalcode";". Accessed from R via rgbif (https://github.com/ropensci/rgbif) on 2026-04-22";"Portugal";305;"305";"305"
"168";-8.235016;40.123829;"Quercus lusitanica Lam.";2021;9;30;"http://creativecommons.org/licenses/by-nc/4.0/legalcode";". Accessed from R via rgbif (https://github.com/ropensci/rgbif) on 2026-04-22";"Portugal";305;"305";"305"
"169";-8.229587;40.134171;"Quercus lusitanica Lam.";2021;9;7;"http://creativecommons.org/licenses/by-nc/4.0/legalcode";". Accessed from R via rgbif (https://github.com/ropensci/rgbif) on 2026-04-22";"Portugal";305;"305";"305"
"170";-8.23048;40.128777;"Quercus lusitanica Lam.";2021;9;5;"http://creativecommons.org/licenses/by-nc/4.0/legalcode";". Accessed from R via rgbif (https://github.com/ropensci/rgbif) on 2026-04-22";"Portugal";305;"305";"305"
"171";-8.229813;40.128708;"Quercus lusitanica Lam.";2021;9;5;"http://creativecommons.org/licenses/by-nc/4.0/legalcode";". Accessed from R via rgbif (https://github.com/ropensci/rgbif) on 2026-04-22";"Portugal";305;"305";"305"
"172";-8.230198;40.128815;"Quercus lusitanica Lam.";2021;9;5;"http://creativecommons.org/licenses/by-nc/4.0/legalcode";". Accessed from R via rgbif (https://github.com/ropensci/rgbif) on 2026-04-22";"Portugal";305;"305";"305"
"173";-8.226946;40.128124;"Quercus lusitanica Lam.";2021;9;5;"http://creativecommons.org/licenses/by-nc/4.0/legalcode";". Accessed from R via rgbif (https://github.com/ropensci/rgbif) on 2026-04-22";"Portugal";305;"305";"305"
"174";-8.231654;40.129505;"Quercus lusitanica Lam.";2021;9;5;"http://creativecommons.org/licenses/by-nc/4.0/legalcode";". Accessed from R via rgbif (https://github.com/ropensci/rgbif) on 2026-04-22";"Portugal";305;"305";"305"
"175";-8.229779;40.128696;"Quercus lusitanica Lam.";2021;9;5;"http://creativecommons.org/licenses/by-nc/4.0/legalcode";". Accessed from R via rgbif (https://github.com/ropensci/rgbif) on 2026-04-22";"Portugal";305;"305";"305"
"176";-8.152914;40.681042;"Quercus lusitanica Lam.";2021;11;17;"http://creativecommons.org/licenses/by/4.0/legalcode";". Accessed from R via rgbif (https://github.com/ropensci/rgbif) on 2026-04-22";"Portugal";305;"305";"305"
"177";-8.672469;39.619295;"Quercus lusitanica Lam.";2021;11;26;"http://creativecommons.org/licenses/by-nc/4.0/legalcode";". Accessed from R via rgbif (https://github.com/ropensci/rgbif) on 2026-04-22";"Portugal";305;"305";"305"
"178";-8.363772;40.370367;"Quercus lusitanica Lam.";2021;12;25;"http://creativecommons.org/licenses/by-nc/4.0/legalcode";". Accessed from R via rgbif (https://github.com/ropensci/rgbif) on 2026-04-22";"Portugal";305;"305";"305"
"179";-8.162799;40.14352;"Quercus lusitanica Lam.";2020;1;26;"http://creativecommons.org/licenses/by-nc/4.0/legalcode";". Accessed from R via rgbif (https://github.com/ropensci/rgbif) on 2026-04-22";"Portugal";305;"305";"305"
"180";-8.261584;40.102943;"Quercus lusitanica Lam.";2020;1;25;"http://creativecommons.org/licenses/by-nc/4.0/legalcode";". Accessed from R via rgbif (https://github.com/ropensci/rgbif) on 2026-04-22";"Portugal";305;"305";"305"
"181";-8.1635;40.1395;"Quercus lusitanica Lam.";2020;2;20;"http://creativecommons.org/licenses/by-nc/4.0/legalcode";". Accessed from R via rgbif (https://github.com/ropensci/rgbif) on 2026-04-22";"Portugal";305;"305";"305"
"182";-8.957358;39.369028;"Quercus lusitanica Lam.";2020;2;24;"http://creativecommons.org/licenses/by-nc/4.0/legalcode";". Accessed from R via rgbif (https://github.com/ropensci/rgbif) on 2026-04-22";"Portugal";305;"305";"305"
"183";-8.274148;40.116768;"Quercus lusitanica Lam.";2020;3;15;"http://creativecommons.org/licenses/by-nc/4.0/legalcode";". Accessed from R via rgbif (https://github.com/ropensci/rgbif) on 2026-04-22";"Portugal";305;"305";"305"
"184";-8.273992;40.126759;"Quercus lusitanica Lam.";2020;3;15;"http://creativecommons.org/licenses/by-nc/4.0/legalcode";". Accessed from R via rgbif (https://github.com/ropensci/rgbif) on 2026-04-22";"Portugal";305;"305";"305"
"185";-8.226867;40.256573;"Quercus lusitanica Lam.";2020;5;15;"http://creativecommons.org/licenses/by-nc/4.0/legalcode";". Accessed from R via rgbif (https://github.com/ropensci/rgbif) on 2026-04-22";"Portugal";305;"305";"305"
"186";-8.566639;39.075697;"Quercus lusitanica Lam.";2020;5;8;"http://creativecommons.org/licenses/by-nc/4.0/legalcode";". Accessed from R via rgbif (https://github.com/ropensci/rgbif) on 2026-04-22";"Portugal";305;"305";"305"
"187";-8.173773;40.155682;"Quercus lusitanica Lam.";2020;8;17;"http://creativecommons.org/licenses/by-nc/4.0/legalcode";". Accessed from R via rgbif (https://github.com/ropensci/rgbif) on 2026-04-22";"Portugal";305;"305";"305"
"188";-8.173682;40.155651;"Quercus lusitanica Lam.";2020;8;17;"http://creativecommons.org/licenses/by-nc/4.0/legalcode";". Accessed from R via rgbif (https://github.com/ropensci/rgbif) on 2026-04-22";"Portugal";305;"305";"305"
"189";-8.723316;39.766292;"Quercus lusitanica Lam.";2020;8;27;"http://creativecommons.org/licenses/by-nc/4.0/legalcode";". Accessed from R via rgbif (https://github.com/ropensci/rgbif) on 2026-04-22";"Portugal";305;"305";"305"
"190";-8.351834;40.356015;"Quercus lusitanica Lam.";2020;8;27;"http://creativecommons.org/licenses/by-nc/4.0/legalcode";". Accessed from R via rgbif (https://github.com/ropensci/rgbif) on 2026-04-22";"Portugal";305;"305";"305"
"191";-8.164425;40.140697;"Quercus lusitanica Lam.";2020;9;27;"http://creativecommons.org/licenses/by-nc/4.0/legalcode";". Accessed from R via rgbif (https://github.com/ropensci/rgbif) on 2026-04-22";"Portugal";305;"305";"305"
"192";-8.159406;40.153255;"Quercus lusitanica Lam.";2020;9;30;"http://creativecommons.org/licenses/by-nc/4.0/legalcode";". Accessed from R via rgbif (https://github.com/ropensci/rgbif) on 2026-04-22";"Portugal";305;"305";"305"
"193";-5.455829;36.426794;"Quercus lusitanica Lam.";2020;9;23;"http://creativecommons.org/licenses/by-nc/4.0/legalcode";". Accessed from R via rgbif (https://github.com/ropensci/rgbif) on 2026-04-22";"Spain";305;"305";"305"
"194";-6.731484;37.885466;"Quercus lusitanica Lam.";2020;10;30;"http://creativecommons.org/licenses/by-nc/4.0/legalcode";". Accessed from R via rgbif (https://github.com/ropensci/rgbif) on 2026-04-22";"Spain";305;"305";"305"
"195";-5.360477;36.247368;"Quercus lusitanica Lam.";2020;10;18;"http://creativecommons.org/licenses/by-nc/4.0/legalcode";". Accessed from R via rgbif (https://github.com/ropensci/rgbif) on 2026-04-22";"Spain";305;"305";"305"
"196";-7.931664;37.202383;"Quercus lusitanica Lam.";2019;4;12;"http://creativecommons.org/licenses/by-nc/4.0/legalcode";". Accessed from R via rgbif (https://github.com/ropensci/rgbif) on 2026-04-22";"Portugal";305;"305";"305"
"197";-5.477955;36.257813;"Quercus lusitanica Lam.";2019;7;31;"http://creativecommons.org/licenses/by-nc/4.0/legalcode";". Accessed from R via rgbif (https://github.com/ropensci/rgbif) on 2026-04-22";"Spain";305;"305";"305"
"198";-8.55;38.68;"Quercus lusitanica Lam.";2019;8;29;"http://creativecommons.org/licenses/by-nc/4.0/legalcode";". Accessed from R via rgbif (https://github.com/ropensci/rgbif) on 2026-04-22";"Portugal";305;"305";"305"
"199";-8.49;38.68;"Quercus lusitanica Lam.";2019;8;29;"http://creativecommons.org/licenses/by-nc/4.0/legalcode";". Accessed from R via rgbif (https://github.com/ropensci/rgbif) on 2026-04-22";"Portugal";305;"305";"305"
"200";-8.55542;38.68017;"Quercus fruticosa Brot.";2019;8;29;"http://creativecommons.org/publicdomain/zero/1.0/legalcode";". Accessed from R via rgbif (https://github.com/ropensci/rgbif) on 2026-04-22";"Portugal";305;"305";"305"
"201";-8.227595;40.257378;"Quercus lusitanica Lam.";2019;12;23;"http://creativecommons.org/licenses/by-nc/4.0/legalcode";". Accessed from R via rgbif (https://github.com/ropensci/rgbif) on 2026-04-22";"Portugal";305;"305";"305"
"202";-5.563545;36.571148;"Quercus lusitanica Lam.";2018;2;26;"http://creativecommons.org/licenses/by-nc/4.0/legalcode";". Accessed from R via rgbif (https://github.com/ropensci/rgbif) on 2026-04-22";"Spain";305;"305";"305"
"203";-5.41;36.26;"Quercus lusitanica Lam.";2018;4;11;"http://creativecommons.org/licenses/by-nc/4.0/legalcode";". Accessed from R via rgbif (https://github.com/ropensci/rgbif) on 2026-04-22";"Spain";305;"305";"305"
"204";-5.62;36.52;"Quercus lusitanica Lam.";2018;5;13;"http://creativecommons.org/licenses/by-nc/4.0/legalcode";". Accessed from R via rgbif (https://github.com/ropensci/rgbif) on 2026-04-22";"Spain";305;"305";"305"
"205";-8.315652;39.966907;"Quercus lusitanica Lam.";2018;10;20;"http://creativecommons.org/licenses/by-nc/4.0/legalcode";". Accessed from R via rgbif (https://github.com/ropensci/rgbif) on 2026-04-22";"Portugal";305;"305";"305"
"206";-8.226898;40.2565;"Quercus lusitanica Lam.";2018;10;28;"http://creativecommons.org/licenses/by-nc/4.0/legalcode";". Accessed from R via rgbif (https://github.com/ropensci/rgbif) on 2026-04-22";"Portugal";305;"305";"305"
"207";-8.82411;39.351954;"Quercus lusitanica Lam.";2017;2;16;"http://creativecommons.org/licenses/by-nc/4.0/legalcode";". Accessed from R via rgbif (https://github.com/ropensci/rgbif) on 2026-04-22";"Portugal";305;"305";"305"
"208";-8.2424;40.147454;"Quercus lusitanica Lam.";2017;6;19;"http://creativecommons.org/licenses/by-nc/4.0/legalcode";". Accessed from R via rgbif (https://github.com/ropensci/rgbif) on 2026-04-22";"Portugal";305;"305";"305"
"209";-6.77;38.36;"Quercus lusitanica Lam.";2017;10;26;"http://creativecommons.org/licenses/by-nc/4.0/legalcode";". Accessed from R via rgbif (https://github.com/ropensci/rgbif) on 2026-04-22";"Spain";305;"305";"305"
"210";-5.41;36.24;"Quercus lusitanica Lam.";2017;11;24;"http://creativecommons.org/licenses/by/4.0/legalcode";". Accessed from R via rgbif (https://github.com/ropensci/rgbif) on 2026-04-22";"Spain";305;"305";"305"
"211";-5.64861;36.52111;"Quercus lusitanica Lam.";2016;4;7;"http://creativecommons.org/licenses/by/4.0/legalcode";". Accessed from R via rgbif (https://github.com/ropensci/rgbif) on 2026-04-22";"Spain";305;"305";"305"
"212";-6.67;37.92;"Quercus lusitanica Lam.";2016;4;26;"http://creativecommons.org/licenses/by-nc/4.0/legalcode";". Accessed from R via rgbif (https://github.com/ropensci/rgbif) on 2026-04-22";"Spain";305;"305";"305"
"213";-5.511598;36.111339;"Quercus lusitanica Lam.";2016;4;2;"http://creativecommons.org/licenses/by-nc/4.0/legalcode";". Accessed from R via rgbif (https://github.com/ropensci/rgbif) on 2026-04-22";"Spain";305;"305";"305"
"214";-5.608275;36.390186;"Quercus lusitanica Lam.";2016;9;10;"http://creativecommons.org/licenses/by-nc/4.0/legalcode";". Accessed from R via rgbif (https://github.com/ropensci/rgbif) on 2026-04-22";"Spain";305;"305";"305"
"215";-8.992106;39.198608;"Quercus lusitanica Lam.";2016;12;7;"http://creativecommons.org/licenses/by-nc/4.0/legalcode";". Accessed from R via rgbif (https://github.com/ropensci/rgbif) on 2026-04-22";"Portugal";305;"305";"305"
"216";-8.37892;37.36009;"Quercus lusitanica Lam.";2015;3;7;"Creative Commons Attribution Non Commercial (CC-BY-NC) 4.0 License";". Accessed from R via rgbif (https://github.com/ropensci/rgbif) on 2026-04-22";"Portugal";305;"305";"305"
"217";-7.43361;39.33389;"Quercus lusitanica Lam.";2015;3;20;"Creative Commons Attribution Non Commercial (CC-BY-NC) 4.0 License";". Accessed from R via rgbif (https://github.com/ropensci/rgbif) on 2026-04-22";"Portugal";305;"305";"305"
"218";-6.96;38.84;"Quercus lusitanica Lam.";2015;5;16;"http://creativecommons.org/licenses/by-nc/4.0/legalcode";". Accessed from R via rgbif (https://github.com/ropensci/rgbif) on 2026-04-22";"Spain";305;"305";"305"
"219";-8.469019;39.633006;"Quercus lusitanica Lam.";2015;5;11;"http://creativecommons.org/licenses/by/4.0/legalcode";". Accessed from R via rgbif (https://github.com/ropensci/rgbif) on 2026-04-22";"Portugal";305;"305";"305"
"220";-7.78;41.14;"Quercus lusitanica Lam.";2015;5;29;"http://creativecommons.org/licenses/by-nc/4.0/legalcode";". Accessed from R via rgbif (https://github.com/ropensci/rgbif) on 2026-04-22";"Portugal";305;"305";"305"
"221";-8.22;39.36;"Quercus lusitanica Lam.";2015;9;6;"http://creativecommons.org/licenses/by-nc/4.0/legalcode";". Accessed from R via rgbif (https://github.com/ropensci/rgbif) on 2026-04-22";"Portugal";305;"305";"305"
"222";-8.02;39.31;"Quercus lusitanica Lam.";2015;9;6;"http://creativecommons.org/licenses/by-nc/4.0/legalcode";". Accessed from R via rgbif (https://github.com/ropensci/rgbif) on 2026-04-22";"Portugal";305;"305";"305"
"223";-8.01;39.29;"Quercus lusitanica Lam.";2015;9;6;"http://creativecommons.org/licenses/by-nc/4.0/legalcode";". Accessed from R via rgbif (https://github.com/ropensci/rgbif) on 2026-04-22";"Portugal";305;"305";"305"
"224";-8.06;38.56;"Quercus lusitanica Lam.";2015;9;17;"http://creativecommons.org/licenses/by-nc/4.0/legalcode";". Accessed from R via rgbif (https://github.com/ropensci/rgbif) on 2026-04-22";"Portugal";305;"305";"305"
"225";-8.05;38.56;"Quercus lusitanica Lam.";2015;9;17;"http://creativecommons.org/licenses/by-nc/4.0/legalcode";". Accessed from R via rgbif (https://github.com/ropensci/rgbif) on 2026-04-22";"Portugal";305;"305";"305"
"226";-8.11;38.58;"Quercus lusitanica Lam.";2015;9;17;"http://creativecommons.org/licenses/by-nc/4.0/legalcode";". Accessed from R via rgbif (https://github.com/ropensci/rgbif) on 2026-04-22";"Portugal";305;"305";"305"
"227";-8.1;38.58;"Quercus lusitanica Lam.";2015;9;17;"http://creativecommons.org/licenses/by-nc/4.0/legalcode";". Accessed from R via rgbif (https://github.com/ropensci/rgbif) on 2026-04-22";"Portugal";305;"305";"305"
"228";-8.48;38.69;"Quercus lusitanica Lam.";2015;11;18;"http://creativecommons.org/licenses/by-nc/4.0/legalcode";". Accessed from R via rgbif (https://github.com/ropensci/rgbif) on 2026-04-22";"Portugal";305;"305";"305"
"229";-8.41;38.88;"Quercus lusitanica Lam.";2015;11;18;"http://creativecommons.org/licenses/by-nc/4.0/legalcode";". Accessed from R via rgbif (https://github.com/ropensci/rgbif) on 2026-04-22";"Portugal";305;"305";"305"
"230";-8.38;38.81;"Quercus lusitanica Lam.";2015;11;18;"http://creativecommons.org/licenses/by-nc/4.0/legalcode";". Accessed from R via rgbif (https://github.com/ropensci/rgbif) on 2026-04-22";"Portugal";305;"305";"305"
"231";-8.49;38.69;"Quercus lusitanica Lam.";2015;11;18;"http://creativecommons.org/licenses/by-nc/4.0/legalcode";". Accessed from R via rgbif (https://github.com/ropensci/rgbif) on 2026-04-22";"Portugal";305;"305";"305"
"232";-8.49;38.68;"Quercus lusitanica Lam.";2015;11;18;"http://creativecommons.org/licenses/by-nc/4.0/legalcode";". Accessed from R via rgbif (https://github.com/ropensci/rgbif) on 2026-04-22";"Portugal";305;"305";"305"
"233";-8.33;40.06;"Quercus lusitanica Lam.";2015;11;22;"http://creativecommons.org/licenses/by-nc/4.0/legalcode";". Accessed from R via rgbif (https://github.com/ropensci/rgbif) on 2026-04-22";"Portugal";305;"305";"305"
"234";-8.35;40.03;"Quercus lusitanica Lam.";2015;11;22;"http://creativecommons.org/licenses/by-nc/4.0/legalcode";". Accessed from R via rgbif (https://github.com/ropensci/rgbif) on 2026-04-22";"Portugal";305;"305";"305"
"235";-8.87;39.74;"Quercus lusitanica Lam.";2015;11;22;"http://creativecommons.org/licenses/by-nc/4.0/legalcode";". Accessed from R via rgbif (https://github.com/ropensci/rgbif) on 2026-04-22";"Portugal";305;"305";"305"
"236";-5.53;36.09;"Quercus lusitanica Lam.";2015;12;5;"http://creativecommons.org/licenses/by-nc/4.0/legalcode";". Accessed from R via rgbif (https://github.com/ropensci/rgbif) on 2026-04-22";"Spain";305;"305";"305"
"237";-8.15;37.34;"Quercus lusitanica Lam.";2015;12;8;"http://creativecommons.org/licenses/by-nc/4.0/legalcode";". Accessed from R via rgbif (https://github.com/ropensci/rgbif) on 2026-04-22";"Portugal";305;"305";"305"
"238";-8.1;37.33;"Quercus lusitanica Lam.";2015;12;8;"http://creativecommons.org/licenses/by-nc/4.0/legalcode";". Accessed from R via rgbif (https://github.com/ropensci/rgbif) on 2026-04-22";"Portugal";305;"305";"305"
"239";-8.82548;39.52452;"Quercus lusitanica Lam.";2014;2;1;"Creative Commons Attribution Non Commercial (CC-BY-NC) 4.0 License";". Accessed from R via rgbif (https://github.com/ropensci/rgbif) on 2026-04-22";"Portugal";305;"305";"305"
"240";-8.71208;38.80341;"Quercus lusitanica Lam.";2014;2;5;"Creative Commons Attribution Non Commercial (CC-BY-NC) 4.0 License";". Accessed from R via rgbif (https://github.com/ropensci/rgbif) on 2026-04-22";"Portugal";305;"305";"305"
"241";-8.71208;38.80341;"Quercus lusitanica Lam.";2014;2;7;"Creative Commons Attribution Non Commercial (CC-BY-NC) 4.0 License";". Accessed from R via rgbif (https://github.com/ropensci/rgbif) on 2026-04-22";"Portugal";305;"305";"305"
"242";-8.71208;38.80341;"Quercus lusitanica Lam.";2014;2;3;"Creative Commons Attribution Non Commercial (CC-BY-NC) 4.0 License";". Accessed from R via rgbif (https://github.com/ropensci/rgbif) on 2026-04-22";"Portugal";305;"305";"305"
"243";-8.71208;38.80341;"Quercus lusitanica Lam.";2014;2;4;"Creative Commons Attribution Non Commercial (CC-BY-NC) 4.0 License";". Accessed from R via rgbif (https://github.com/ropensci/rgbif) on 2026-04-22";"Portugal";305;"305";"305"
"244";-8.71208;38.80341;"Quercus lusitanica Lam.";2014;3;28;"Creative Commons Attribution Non Commercial (CC-BY-NC) 4.0 License";". Accessed from R via rgbif (https://github.com/ropensci/rgbif) on 2026-04-22";"Portugal";305;"305";"305"
"245";-8.71208;38.80341;"Quercus lusitanica Lam.";2014;3;13;"Creative Commons Attribution Non Commercial (CC-BY-NC) 4.0 License";". Accessed from R via rgbif (https://github.com/ropensci/rgbif) on 2026-04-22";"Portugal";305;"305";"305"
"246";-8.47508;39.70367;"Quercus lusitanica Lam.";2014;4;27;"Creative Commons Attribution Non Commercial (CC-BY-NC) 4.0 License";". Accessed from R via rgbif (https://github.com/ropensci/rgbif) on 2026-04-22";"Portugal";305;"305";"305"
"247";-8.35592;39.97337;"Quercus lusitanica Lam.";2014;4;8;"Creative Commons Attribution Non Commercial (CC-BY-NC) 4.0 License";". Accessed from R via rgbif (https://github.com/ropensci/rgbif) on 2026-04-22";"Portugal";305;"305";"305"
"248";-8.71208;38.80341;"Quercus lusitanica Lam.";2014;4;14;"Creative Commons Attribution Non Commercial (CC-BY-NC) 4.0 License";". Accessed from R via rgbif (https://github.com/ropensci/rgbif) on 2026-04-22";"Portugal";305;"305";"305"
"249";-8.48241;38.7125;"Quercus lusitanica Lam.";2014;5;15;"Creative Commons Attribution Non Commercial (CC-BY-NC) 4.0 License";". Accessed from R via rgbif (https://github.com/ropensci/rgbif) on 2026-04-22";"Portugal";305;"305";"305"
"250";-8.48241;38.7125;"Quercus lusitanica Lam.";2014;5;14;"Creative Commons Attribution Non Commercial (CC-BY-NC) 4.0 License";". Accessed from R via rgbif (https://github.com/ropensci/rgbif) on 2026-04-22";"Portugal";305;"305";"305"
"251";-8.71208;38.80341;"Quercus lusitanica Lam.";2014;5;28;"Creative Commons Attribution Non Commercial (CC-BY-NC) 4.0 License";". Accessed from R via rgbif (https://github.com/ropensci/rgbif) on 2026-04-22";"Portugal";305;"305";"305"
"252";-8.71208;38.80341;"Quercus lusitanica Lam.";2014;5;29;"Creative Commons Attribution Non Commercial (CC-BY-NC) 4.0 License";". Accessed from R via rgbif (https://github.com/ropensci/rgbif) on 2026-04-22";"Portugal";305;"305";"305"
"253";-6.98;38.87;"Quercus lusitanica Lam.";2014;5;10;"http://creativecommons.org/licenses/by-nc/4.0/legalcode";". Accessed from R via rgbif (https://github.com/ropensci/rgbif) on 2026-04-22";"Spain";305;"305";"305"
"254";-5.519707;36.586303;"Quercus lusitanica Lam.";2014;9;29;"http://creativecommons.org/licenses/by-nc/4.0/legalcode";". Accessed from R via rgbif (https://github.com/ropensci/rgbif) on 2026-04-22";"Spain";305;"305";"305"
"255";-8.11;38.58;"Quercus lusitanica Lam.";2014;10;1;"http://creativecommons.org/licenses/by-nc/4.0/legalcode";". Accessed from R via rgbif (https://github.com/ropensci/rgbif) on 2026-04-22";"Portugal";305;"305";"305"
"256";-8.227029;40.256468;"Quercus lusitanica Lam.";2014;12;25;"http://creativecommons.org/licenses/by-nc/4.0/legalcode";". Accessed from R via rgbif (https://github.com/ropensci/rgbif) on 2026-04-22";"Portugal";305;"305";"305"
"257";-8.36419;39.07237;"Quercus lusitanica Lam.";2013;4;7;"Creative Commons Attribution Non Commercial (CC-BY-NC) 4.0 License";". Accessed from R via rgbif (https://github.com/ropensci/rgbif) on 2026-04-22";"Portugal";305;"305";"305"
"258";-7.92983;37.1766;"Quercus lusitanica Lam.";2013;4;12;"Creative Commons Attribution Non Commercial (CC-BY-NC) 4.0 License";". Accessed from R via rgbif (https://github.com/ropensci/rgbif) on 2026-04-22";"Portugal";305;"305";"305"
"259";-8.04018;37.35782;"Quercus lusitanica Lam.";2013;4;15;"Creative Commons Attribution Non Commercial (CC-BY-NC) 4.0 License";". Accessed from R via rgbif (https://github.com/ropensci/rgbif) on 2026-04-22";"Portugal";305;"305";"305"
"260";-7.81721;37.17553;"Quercus lusitanica Lam.";2013;4;12;"Creative Commons Attribution Non Commercial (CC-BY-NC) 4.0 License";". Accessed from R via rgbif (https://github.com/ropensci/rgbif) on 2026-04-22";"Portugal";305;"305";"305"
"261";-8.266;37.35944;"Quercus lusitanica Lam.";2013;4;17;"Creative Commons Attribution Non Commercial (CC-BY-NC) 4.0 License";". Accessed from R via rgbif (https://github.com/ropensci/rgbif) on 2026-04-22";"Portugal";305;"305";"305"
"262";-8.37966;37.26995;"Quercus lusitanica Lam.";2013;4;11;"Creative Commons Attribution Non Commercial (CC-BY-NC) 4.0 License";". Accessed from R via rgbif (https://github.com/ropensci/rgbif) on 2026-04-22";"Portugal";305;"305";"305"
"263";-9.01;39.17;"Quercus lusitanica Lam.";2013;5;2;"http://creativecommons.org/licenses/by-nc/4.0/legalcode";". Accessed from R via rgbif (https://github.com/ropensci/rgbif) on 2026-04-22";"Portugal";305;"305";"305"
"264";-8.04133;37.2677;"Quercus lusitanica Lam.";2013;6;7;"Creative Commons Attribution Non Commercial (CC-BY-NC) 4.0 License";". Accessed from R via rgbif (https://github.com/ropensci/rgbif) on 2026-04-22";"Portugal";305;"305";"305"
"265";-5.47733;36.255283;"Quercus lusitanica Lam.";2013;10;25;"http://creativecommons.org/licenses/by-nc/4.0/legalcode";". Accessed from R via rgbif (https://github.com/ropensci/rgbif) on 2026-04-22";"Spain";305;"305";"305"
"266";-5.28;36.37;"Quercus lusitanica Lam.";2012;3;29;"http://creativecommons.org/licenses/by-nc/4.0/legalcode";". Accessed from R via rgbif (https://github.com/ropensci/rgbif) on 2026-04-22";"Spain";305;"305";"305"
"267";-8.03;37.24;"Quercus lusitanica Lam.";2012;4;26;"http://creativecommons.org/licenses/by-nc/4.0/legalcode";". Accessed from R via rgbif (https://github.com/ropensci/rgbif) on 2026-04-22";"Portugal";305;"305";"305"
"268";-7.942353;40.329069;"Quercus lusitanica Lam.";2012;4;20;"http://creativecommons.org/licenses/by-nc/4.0/legalcode";". Accessed from R via rgbif (https://github.com/ropensci/rgbif) on 2026-04-22";"Portugal";305;"305";"305"
"269";-5.28;36.37;"Quercus lusitanica Lam.";2012;5;11;"http://creativecommons.org/licenses/by-nc/4.0/legalcode";". Accessed from R via rgbif (https://github.com/ropensci/rgbif) on 2026-04-22";"Spain";305;"305";"305"
"270";-8.043013;40.214252;"Quercus lusitanica Lam.";2012;6;9;"http://creativecommons.org/licenses/by-nc/4.0/legalcode";". Accessed from R via rgbif (https://github.com/ropensci/rgbif) on 2026-04-22";"Portugal";305;"305";"305"
"271";-8.37966;37.26995;"Quercus lusitanica Lam.";2012;7;18;"Creative Commons Attribution Non Commercial (CC-BY-NC) 4.0 License";". Accessed from R via rgbif (https://github.com/ropensci/rgbif) on 2026-04-22";"Portugal";305;"305";"305"
"272";-8.35592;39.97337;"Quercus lusitanica Lam.";2012;8;6;"Creative Commons Attribution Non Commercial (CC-BY-NC) 4.0 License";". Accessed from R via rgbif (https://github.com/ropensci/rgbif) on 2026-04-22";"Portugal";305;"305";"305"
"273";-7.43361;39.33389;"Quercus lusitanica Lam.";2012;9;24;"Creative Commons Attribution Non Commercial (CC-BY-NC) 4.0 License";". Accessed from R via rgbif (https://github.com/ropensci/rgbif) on 2026-04-22";"Portugal";305;"305";"305"
"274";-8.008389;40.305993;"Quercus lusitanica Lam.";2012;12;7;"http://creativecommons.org/licenses/by-nc/4.0/legalcode";". Accessed from R via rgbif (https://github.com/ropensci/rgbif) on 2026-04-22";"Portugal";305;"305";"305"
"275";-8.35251;40.33373;"Quercus lusitanica Lam.";2012;NA;NA;"Creative Commons Attribution Non Commercial (CC-BY-NC) 4.0 License";". Accessed from R via rgbif (https://github.com/ropensci/rgbif) on 2026-04-22";"Portugal";305;"305";"305"
"276";-7.998873;40.262623;"Quercus lusitanica Lam.";2011;1;16;"http://creativecommons.org/licenses/by-nc/4.0/legalcode";". Accessed from R via rgbif (https://github.com/ropensci/rgbif) on 2026-04-22";"Portugal";305;"305";"305"
"277";-8.080154;40.277914;"Quercus lusitanica Lam.";2011;1;29;"http://creativecommons.org/licenses/by-nc/4.0/legalcode";". Accessed from R via rgbif (https://github.com/ropensci/rgbif) on 2026-04-22";"Portugal";305;"305";"305"
"278";-8.918968;39.353;"Quercus lusitanica Lam.";2011;2;2;"http://creativecommons.org/licenses/by-nc/4.0/legalcode";". Accessed from R via rgbif (https://github.com/ropensci/rgbif) on 2026-04-22";"Portugal";305;"305";"305"
"279";-8.715219;39.447519;"Quercus lusitanica Lam.";2011;4;1;"http://creativecommons.org/licenses/by-nc/4.0/legalcode";". Accessed from R via rgbif (https://github.com/ropensci/rgbif) on 2026-04-22";"Portugal";305;"305";"305"
"280";-8.395413;40.205244;"Quercus lusitanica Lam.";2011;4;22;"http://creativecommons.org/licenses/by-nc/4.0/legalcode";". Accessed from R via rgbif (https://github.com/ropensci/rgbif) on 2026-04-22";"Portugal";305;"305";"305"
"281";-8.733701;39.459918;"Quercus lusitanica Lam.";2011;5;5;"http://creativecommons.org/licenses/by-nc/4.0/legalcode";". Accessed from R via rgbif (https://github.com/ropensci/rgbif) on 2026-04-22";"Portugal";305;"305";"305"
"282";-8.3666;38.80204;"Quercus lusitanica Lam.";2011;6;NA;"Creative Commons Attribution Non Commercial (CC-BY-NC) 4.0 License";". Accessed from R via rgbif (https://github.com/ropensci/rgbif) on 2026-04-22";"Portugal";305;"305";"305"
"283";-8.005225;40.30257;"Quercus lusitanica Lam.";2011;8;30;"http://creativecommons.org/licenses/by-nc/4.0/legalcode";". Accessed from R via rgbif (https://github.com/ropensci/rgbif) on 2026-04-22";"Portugal";305;"305";"305"
"284";-8.032124;40.248923;"Quercus lusitanica Lam.";2011;8;19;"http://creativecommons.org/licenses/by-nc/4.0/legalcode";". Accessed from R via rgbif (https://github.com/ropensci/rgbif) on 2026-04-22";"Portugal";305;"305";"305"
"285";-8.064042;40.2389;"Quercus lusitanica Lam.";2011;8;27;"http://creativecommons.org/licenses/by-nc/4.0/legalcode";". Accessed from R via rgbif (https://github.com/ropensci/rgbif) on 2026-04-22";"Portugal";305;"305";"305"
"286";-8.114404;40.271411;"Quercus lusitanica Lam.";2011;9;2;"http://creativecommons.org/licenses/by-nc/4.0/legalcode";". Accessed from R via rgbif (https://github.com/ropensci/rgbif) on 2026-04-22";"Portugal";305;"305";"305"
"287";-5.498657;36.11257;"Quercus lusitanica Lam.";2011;10;29;"http://creativecommons.org/licenses/by-nc/4.0/legalcode";". Accessed from R via rgbif (https://github.com/ropensci/rgbif) on 2026-04-22";"Spain";305;"305";"305"
"288";-5.499387;36.113333;"Quercus lusitanica Lam.";2011;10;29;"http://creativecommons.org/licenses/by-nc/4.0/legalcode";". Accessed from R via rgbif (https://github.com/ropensci/rgbif) on 2026-04-22";"Spain";305;"305";"305"
"289";-5.499001;36.112778;"Quercus lusitanica Lam.";2011;10;29;"http://creativecommons.org/licenses/by-nc/4.0/legalcode";". Accessed from R via rgbif (https://github.com/ropensci/rgbif) on 2026-04-22";"Spain";305;"305";"305"
"290";-5.499687;36.112778;"Quercus lusitanica Lam.";2011;10;29;"http://creativecommons.org/licenses/by-nc/4.0/legalcode";". Accessed from R via rgbif (https://github.com/ropensci/rgbif) on 2026-04-22";"Spain";305;"305";"305"
"291";-5.499301;36.113367;"Quercus lusitanica Lam.";2011;11;29;"http://creativecommons.org/licenses/by-nc/4.0/legalcode";". Accessed from R via rgbif (https://github.com/ropensci/rgbif) on 2026-04-22";"Spain";305;"305";"305"
"292";-5.58;36.1;"Quercus lusitanica Lam.";2010;6;28;"http://creativecommons.org/licenses/by/4.0/legalcode";". Accessed from R via rgbif (https://github.com/ropensci/rgbif) on 2026-04-22";"Spain";305;"305";"305"
"293";-5.52082;36.070537;"Quercus lusitanica Lam.";2010;7;20;"http://creativecommons.org/licenses/by-nc/4.0/legalcode";". Accessed from R via rgbif (https://github.com/ropensci/rgbif) on 2026-04-22";"Spain";305;"305";"305"
"294";-7.887411;40.414182;"Quercus lusitanica Lam.";2010;9;12;"http://creativecommons.org/licenses/by-nc/4.0/legalcode";". Accessed from R via rgbif (https://github.com/ropensci/rgbif) on 2026-04-22";"Portugal";305;"305";"305"
"295";-8.05;38.57;"Quercus lusitanica Lam.";2010;10;8;"http://creativecommons.org/licenses/by-nc/4.0/legalcode";". Accessed from R via rgbif (https://github.com/ropensci/rgbif) on 2026-04-22";"Portugal";305;"305";"305"
"296";-8.06;38.55;"Quercus lusitanica Lam.";2010;10;8;"http://creativecommons.org/licenses/by-nc/4.0/legalcode";". Accessed from R via rgbif (https://github.com/ropensci/rgbif) on 2026-04-22";"Portugal";305;"305";"305"
"297";-8.4;38.76;"Quercus lusitanica Lam.";2010;10;8;"http://creativecommons.org/licenses/by-nc/4.0/legalcode";". Accessed from R via rgbif (https://github.com/ropensci/rgbif) on 2026-04-22";"Portugal";305;"305";"305"
"298";-8.32;38.71;"Quercus lusitanica Lam.";2010;10;8;"http://creativecommons.org/licenses/by-nc/4.0/legalcode";". Accessed from R via rgbif (https://github.com/ropensci/rgbif) on 2026-04-22";"Portugal";305;"305";"305"
"299";-8.49;38.69;"Quercus lusitanica Lam.";2010;10;28;"http://creativecommons.org/licenses/by-nc/4.0/legalcode";". Accessed from R via rgbif (https://github.com/ropensci/rgbif) on 2026-04-22";"Portugal";305;"305";"305"
"300";-8.05;38.57;"Quercus lusitanica Lam.";2010;10;8;"http://creativecommons.org/licenses/by/4.0/legalcode";". Accessed from R via rgbif (https://github.com/ropensci/rgbif) on 2026-04-22";"Portugal";305;"305";"305"
"301";-8.05444;38.57657;"Quercus lusitanica Lam.";2010;10;8;"http://creativecommons.org/licenses/by-nc/4.0/legalcode";". Accessed from R via rgbif (https://github.com/ropensci/rgbif) on 2026-04-22";"Portugal";305;"305";"305"
"302";-8.415527;40.288954;"Quercus lusitanica Lam.";2010;10;26;"http://creativecommons.org/licenses/by/4.0/legalcode";". Accessed from R via rgbif (https://github.com/ropensci/rgbif) on 2026-04-22";"Portugal";305;"305";"305"
"303";-8.750761;39.460646;"Quercus lusitanica Lam.";2010;11;26;"http://creativecommons.org/licenses/by-nc/4.0/legalcode";". Accessed from R via rgbif (https://github.com/ropensci/rgbif) on 2026-04-22";"Portugal";305;"305";"305"
"304";-8.70838;39.70449;"Quercus lusitanica Lam.";2009;5;19;"Creative Commons Attribution Non Commercial (CC-BY-NC) 4.0 License";". Accessed from R via rgbif (https://github.com/ropensci/rgbif) on 2026-04-22";"Portugal";305;"305";"305"
"305";-8.82502;39.70472;"Quercus lusitanica Lam.";2009;5;19;"Creative Commons Attribution Non Commercial (CC-BY-NC) 4.0 License";". Accessed from R via rgbif (https://github.com/ropensci/rgbif) on 2026-04-22";"Portugal";305;"305";"305"
"306";-5.63417;36.5225;"Quercus lusitanica Lam.";2009;5;3;"http://creativecommons.org/licenses/by/4.0/legalcode";". Accessed from R via rgbif (https://github.com/ropensci/rgbif) on 2026-04-22";"Spain";305;"305";"305"
"307";-7.988434;40.26931;"Quercus lusitanica Lam.";2009;7;2;"http://creativecommons.org/licenses/by-nc/4.0/legalcode";". Accessed from R via rgbif (https://github.com/ropensci/rgbif) on 2026-04-22";"Portugal";305;"305";"305"
"308";-7;38.88;"Quercus lusitanica Lam.";2009;10;17;"http://creativecommons.org/licenses/by-nc/4.0/legalcode";". Accessed from R via rgbif (https://github.com/ropensci/rgbif) on 2026-04-22";"Spain";305;"305";"305"
"309";-8.43;38.64;"Quercus lusitanica Lam.";2009;10;30;"http://creativecommons.org/licenses/by-nc/4.0/legalcode";". Accessed from R via rgbif (https://github.com/ropensci/rgbif) on 2026-04-22";"Portugal";305;"305";"305"
"310";-8.49;38.68;"Quercus lusitanica Lam.";2008;11;18;"http://creativecommons.org/licenses/by-nc/4.0/legalcode";". Accessed from R via rgbif (https://github.com/ropensci/rgbif) on 2026-04-22";"Portugal";305;"305";"305"
"311";-7.92983;37.1766;"Quercus lusitanica Lam.";2008;11;4;"Creative Commons Attribution Non Commercial (CC-BY-NC) 4.0 License";". Accessed from R via rgbif (https://github.com/ropensci/rgbif) on 2026-04-22";"Portugal";305;"305";"305"
"312";-7.92856;37.26673;"Quercus lusitanica Lam.";2008;11;4;"Creative Commons Attribution Non Commercial (CC-BY-NC) 4.0 License";". Accessed from R via rgbif (https://github.com/ropensci/rgbif) on 2026-04-22";"Portugal";305;"305";"305"
"313";-7.918997;37.187941;"Quercus lusitanica Lam.";2008;11;13;"http://creativecommons.org/licenses/by-nc/4.0/legalcode";". Accessed from R via rgbif (https://github.com/ropensci/rgbif) on 2026-04-22";"Portugal";305;"305";"305"
"314";-6.26;38.04;"Quercus lusitanica Lam.";2007;5;23;"http://creativecommons.org/licenses/by-nc/4.0/legalcode";". Accessed from R via rgbif (https://github.com/ropensci/rgbif) on 2026-04-22";"Spain";305;"305";"305"
"315";-5.39;36.62;"Quercus lusitanica Lam.";2007;6;13;"http://creativecommons.org/licenses/by-nc/4.0/legalcode";". Accessed from R via rgbif (https://github.com/ropensci/rgbif) on 2026-04-22";"Spain";305;"305";"305"
"316";-7.83466;37.223901;"Quercus lusitanica Lam.";2007;6;10;"http://creativecommons.org/licenses/by-nc/4.0/legalcode";". Accessed from R via rgbif (https://github.com/ropensci/rgbif) on 2026-04-22";"Portugal";305;"305";"305"
"317";-6.77;38.31;"Quercus lusitanica Lam.";2006;1;4;"http://creativecommons.org/licenses/by-nc/4.0/legalcode";". Accessed from R via rgbif (https://github.com/ropensci/rgbif) on 2026-04-22";"Spain";305;"305";"305"
"318";-5.348157;36.250095;"Quercus lusitanica Lam.";2006;2;14;"http://creativecommons.org/licenses/by-nc/4.0/legalcode";". Accessed from R via rgbif (https://github.com/ropensci/rgbif) on 2026-04-22";"Spain";305;"305";"305"
"319";-5.346028;36.24942;"Quercus lusitanica Lam.";2006;2;15;"http://creativecommons.org/licenses/by-nc/4.0/legalcode";". Accessed from R via rgbif (https://github.com/ropensci/rgbif) on 2026-04-22";"Spain";305;"305";"305"
"320";-6.79;38.37;"Quercus lusitanica Lam.";2006;6;19;"http://creativecommons.org/licenses/by-nc/4.0/legalcode";". Accessed from R via rgbif (https://github.com/ropensci/rgbif) on 2026-04-22";"Spain";305;"305";"305"
"321";-6.7364;37.8867;"Quercus lusitanica Lam.";2005;4;9;"http://creativecommons.org/licenses/by-nc/4.0/legalcode";". Accessed from R via rgbif (https://github.com/ropensci/rgbif) on 2026-04-22";"Spain";305;"305";"305"
"322";-8.419304;40.159722;"Quercus lusitanica Lam.";2005;10;5;"http://creativecommons.org/licenses/by/4.0/legalcode";". Accessed from R via rgbif (https://github.com/ropensci/rgbif) on 2026-04-22";"Portugal";305;"305";"305"
"323";-8.447113;40.146339;"Quercus lusitanica Lam.";2004;10;28;"http://creativecommons.org/licenses/by/4.0/legalcode";". Accessed from R via rgbif (https://github.com/ropensci/rgbif) on 2026-04-22";"Portugal";305;"305";"305"
"324";-8.04133;37.2677;"Quercus lusitanica Lam.";2004;11;NA;"Creative Commons Attribution Non Commercial (CC-BY-NC) 4.0 License";". Accessed from R via rgbif (https://github.com/ropensci/rgbif) on 2026-04-22";"Portugal";305;"305";"305"
"325";-7.92983;37.1766;"Quercus lusitanica Lam.";2004;11;NA;"Creative Commons Attribution Non Commercial (CC-BY-NC) 4.0 License";". Accessed from R via rgbif (https://github.com/ropensci/rgbif) on 2026-04-22";"Portugal";305;"305";"305"
"326";-7.81721;37.17553;"Quercus lusitanica Lam.";2004;11;NA;"Creative Commons Attribution Non Commercial (CC-BY-NC) 4.0 License";". Accessed from R via rgbif (https://github.com/ropensci/rgbif) on 2026-04-22";"Portugal";305;"305";"305"
"327";-7.8158;37.26565;"Quercus lusitanica Lam.";2004;11;NA;"Creative Commons Attribution Non Commercial (CC-BY-NC) 4.0 License";". Accessed from R via rgbif (https://github.com/ropensci/rgbif) on 2026-04-22";"Portugal";305;"305";"305"
"328";-5.39;36.63;"Quercus lusitanica Lam.";2003;11;9;"http://creativecommons.org/licenses/by-nc/4.0/legalcode";". Accessed from R via rgbif (https://github.com/ropensci/rgbif) on 2026-04-22";"Spain";305;"305";"305"
"329";-5.55;36.6;"Quercus lusitanica Lam.";2002;3;6;"http://creativecommons.org/licenses/by-nc/4.0/legalcode";". Accessed from R via rgbif (https://github.com/ropensci/rgbif) on 2026-04-22";"Spain";305;"305";"305"
"330";-6.77;38.36;"Quercus lusitanica Lam.";2002;9;19;"http://creativecommons.org/licenses/by-nc/4.0/legalcode";". Accessed from R via rgbif (https://github.com/ropensci/rgbif) on 2026-04-22";"Spain";305;"305";"305"
"331";-5.5;36.07;"Quercus lusitanica Lam.";2002;11;26;"http://creativecommons.org/licenses/by-nc/4.0/legalcode";". Accessed from R via rgbif (https://github.com/ropensci/rgbif) on 2026-04-22";"Spain";305;"305";"305"
"332";-5.5711;36.5569;"Quercus lusitanica Lam.";2001;4;26;"http://creativecommons.org/licenses/by-nc/4.0/legalcode";". Accessed from R via rgbif (https://github.com/ropensci/rgbif) on 2026-04-22";"Spain";305;"305";"305"
"333";-5.565;36.564;"Quercus lusitanica Lam.";2001;4;26;"http://creativecommons.org/licenses/by-nc/4.0/legalcode";". Accessed from R via rgbif (https://github.com/ropensci/rgbif) on 2026-04-22";"Spain";305;"305";"305"
"334";-7.85;37.17;"Quercus lusitanica Lam.";2001;5;29;"http://creativecommons.org/licenses/by-nc/4.0/legalcode";". Accessed from R via rgbif (https://github.com/ropensci/rgbif) on 2026-04-22";"Portugal";305;"305";"305"
"335";-8.53;38.68;"Quercus lusitanica Lam.";2001;5;28;"http://creativecommons.org/licenses/by-nc/4.0/legalcode";". Accessed from R via rgbif (https://github.com/ropensci/rgbif) on 2026-04-22";"Portugal";305;"305";"305"
"336";-5.36;36.2;"Quercus lusitanica Lam.";2001;9;2;"http://creativecommons.org/licenses/by-nc/4.0/legalcode";". Accessed from R via rgbif (https://github.com/ropensci/rgbif) on 2026-04-22";"Spain";305;"305";"305"
"337";-8.43;38.67;"Quercus lusitanica Lam.";2001;10;27;"http://creativecommons.org/licenses/by-nc/4.0/legalcode";". Accessed from R via rgbif (https://github.com/ropensci/rgbif) on 2026-04-22";"Portugal";305;"305";"305"
"338";-5.6;36.56;"Quercus lusitanica Lam.";2001;10;28;"http://creativecommons.org/licenses/by-nc/4.0/legalcode";". Accessed from R via rgbif (https://github.com/ropensci/rgbif) on 2026-04-22";"Spain";305;"305";"305"
"339";-5.44;36.64;"Quercus lusitanica Lam.";2001;10;19;"http://creativecommons.org/licenses/by-nc/4.0/legalcode";". Accessed from R via rgbif (https://github.com/ropensci/rgbif) on 2026-04-22";"Spain";305;"305";"305"
"340";-8.24571;39.34199;"Quercus lusitanica Lam.";2001;NA;NA;"Creative Commons Attribution Non Commercial (CC-BY-NC) 4.0 License";". Accessed from R via rgbif (https://github.com/ropensci/rgbif) on 2026-04-22";"Portugal";305;"305";"305"
"341";-5.5;36.11;"Quercus lusitanica Lam.";2000;4;26;"http://creativecommons.org/licenses/by-nc/4.0/legalcode";". Accessed from R via rgbif (https://github.com/ropensci/rgbif) on 2026-04-22";"Spain";305;"305";"305"
"342";-8;39.25;"Quercus lusitanica Lam.";2000;4;23;"http://creativecommons.org/licenses/by-nc/4.0/legalcode";". Accessed from R via rgbif (https://github.com/ropensci/rgbif) on 2026-04-22";"Portugal";305;"305";"305"
"343";-5.58;36.23;"Quercus lusitanica Lam.";2000;11;20;"http://creativecommons.org/licenses/by-nc/4.0/legalcode";". Accessed from R via rgbif (https://github.com/ropensci/rgbif) on 2026-04-22";"Spain";305;"305";"305"
"344";-8.12;39.19;"Quercus lusitanica Lam.";2000;11;18;"http://creativecommons.org/licenses/by-nc/4.0/legalcode";". Accessed from R via rgbif (https://github.com/ropensci/rgbif) on 2026-04-22";"Portugal";305;"305";"305"
"345";-8;39.21;"Quercus lusitanica Lam.";2000;11;18;"http://creativecommons.org/licenses/by-nc/4.0/legalcode";". Accessed from R via rgbif (https://github.com/ropensci/rgbif) on 2026-04-22";"Portugal";305;"305";"305"
"346";-5.49;36.11;"Quercus lusitanica Lam.";2000;11;20;"http://creativecommons.org/licenses/by-nc/4.0/legalcode";". Accessed from R via rgbif (https://github.com/ropensci/rgbif) on 2026-04-22";"Spain";305;"305";"305"
"347";-5.58;36.37;"Quercus lusitanica Lam.";1999;5;24;"http://creativecommons.org/licenses/by-nc/4.0/legalcode";". Accessed from R via rgbif (https://github.com/ropensci/rgbif) on 2026-04-22";"Spain";305;"305";"305"
"348";-8.18;39.08;"Quercus lusitanica Lam.";1999;11;23;"http://creativecommons.org/licenses/by-nc/4.0/legalcode";". Accessed from R via rgbif (https://github.com/ropensci/rgbif) on 2026-04-22";"Portugal";305;"305";"305"
"349";-8;39.21;"Quercus lusitanica Lam.";1999;11;21;"http://creativecommons.org/licenses/by-nc/4.0/legalcode";". Accessed from R via rgbif (https://github.com/ropensci/rgbif) on 2026-04-22";"Portugal";305;"305";"305"
"350";-6.708;37.894;"Quercus lusitanica Lam.";1998;6;26;"http://creativecommons.org/licenses/by-nc/4.0/legalcode";". Accessed from R via rgbif (https://github.com/ropensci/rgbif) on 2026-04-22";"Spain";305;"305";"305"
"351";-6.77;38.36;"Quercus lusitanica Lam.";1998;9;16;"http://creativecommons.org/licenses/by-nc/4.0/legalcode";". Accessed from R via rgbif (https://github.com/ropensci/rgbif) on 2026-04-22";"Spain";305;"305";"305"
"352";-8.414326;40.175627;"Quercus lusitanica Lam.";1998;10;22;"http://creativecommons.org/licenses/by/4.0/legalcode";". Accessed from R via rgbif (https://github.com/ropensci/rgbif) on 2026-04-22";"Portugal";305;"305";"305"
"353";-5.48;36.42;"Quercus lusitanica Lam.";1997;9;26;"http://creativecommons.org/licenses/by-nc/4.0/legalcode";". Accessed from R via rgbif (https://github.com/ropensci/rgbif) on 2026-04-22";"Spain";305;"305";"305"
"354";-8.0007;40.24113;"Quercus lusitanica Lam.";1996;10;21;"Creative Commons Attribution Non Commercial (CC-BY-NC) 4.0 License";". Accessed from R via rgbif (https://github.com/ropensci/rgbif) on 2026-04-22";"Portugal";305;"305";"305"
"355";-5.63;36.52;"Quercus lusitanica Lam.";1995;4;25;"http://creativecommons.org/licenses/by/4.0/legalcode";". Accessed from R via rgbif (https://github.com/ropensci/rgbif) on 2026-04-22";"Spain";305;"305";"305"
"356";-5.6;36.51;"Quercus lusitanica Lam.";1995;5;6;"http://creativecommons.org/licenses/by/4.0/legalcode";". Accessed from R via rgbif (https://github.com/ropensci/rgbif) on 2026-04-22";"Spain";305;"305";"305"
"357";-5.54;36.11;"Quercus fruticosa Brot.";1994;5;12;"http://creativecommons.org/licenses/by-nc/4.0/legalcode";". Accessed from R via rgbif (https://github.com/ropensci/rgbif) on 2026-04-22";"Spain";305;"305";"305"
"358";-5.44;36.64;"Quercus lusitanica Lam.";1994;9;28;"http://creativecommons.org/licenses/by-nc/4.0/legalcode";". Accessed from R via rgbif (https://github.com/ropensci/rgbif) on 2026-04-22";"Spain";305;"305";"305"
"359";-5.31;36.62;"Quercus lusitanica Lam.";1994;9;28;"http://creativecommons.org/licenses/by-nc/4.0/legalcode";". Accessed from R via rgbif (https://github.com/ropensci/rgbif) on 2026-04-22";"Spain";305;"305";"305"
"360";-6.76;38.34;"Quercus lusitanica Lam.";1994;10;11;"http://creativecommons.org/licenses/by-nc/4.0/legalcode";". Accessed from R via rgbif (https://github.com/ropensci/rgbif) on 2026-04-22";"Spain";305;"305";"305"
"361";-5.41;36.63;"Quercus lusitanica Lam.";1993;6;9;"http://creativecommons.org/licenses/by-nc/4.0/legalcode";". Accessed from R via rgbif (https://github.com/ropensci/rgbif) on 2026-04-22";"Spain";305;"305";"305"
"362";-4.183333;34.1;"Quercus lusitanica Lam.";1993;7;6;"http://creativecommons.org/licenses/by/4.0/legalcode";". Accessed from R via rgbif (https://github.com/ropensci/rgbif) on 2026-04-22";"Morocco";305;"305";"305"
"363";-5.5;36.16;"Quercus lusitanica Lam.";1992;4;1;"http://creativecommons.org/licenses/by-nc/4.0/legalcode";". Accessed from R via rgbif (https://github.com/ropensci/rgbif) on 2026-04-22";"Spain";305;"305";"305"
"364";-5.52;36.61;"Quercus fruticosa Brot.";1992;4;23;"http://creativecommons.org/licenses/by-nc/4.0/legalcode";". Accessed from R via rgbif (https://github.com/ropensci/rgbif) on 2026-04-22";"Spain";305;"305";"305"
"365";-5.33;36.62;"Quercus lusitanica Lam.";1992;7;29;"http://creativecommons.org/licenses/by-nc/4.0/legalcode";". Accessed from R via rgbif (https://github.com/ropensci/rgbif) on 2026-04-22";"Spain";305;"305";"305"
"366";-5.42;36.576;"Quercus lusitanica Lam.";1992;10;22;"http://creativecommons.org/licenses/by-nc/4.0/legalcode";". Accessed from R via rgbif (https://github.com/ropensci/rgbif) on 2026-04-22";"Spain";305;"305";"305"
"367";-5.49;36.322;"Quercus lusitanica Lam.";1992;10;22;"http://creativecommons.org/licenses/by-nc/4.0/legalcode";". Accessed from R via rgbif (https://github.com/ropensci/rgbif) on 2026-04-22";"Spain";305;"305";"305"
"368";-5.487;36.944;"Quercus lusitanica Lam.";1992;10;22;"http://creativecommons.org/licenses/by-nc/4.0/legalcode";". Accessed from R via rgbif (https://github.com/ropensci/rgbif) on 2026-04-22";"Spain";305;"305";"305"
"369";-5.55;36.13;"Quercus lusitanica Lam.";1991;5;22;"http://creativecommons.org/publicdomain/zero/1.0/legalcode";". Accessed from R via rgbif (https://github.com/ropensci/rgbif) on 2026-04-22";"Spain";305;"305";"305"
"370";-8.50836;39.28819;"Quercus lusitanica Lam.";1990;7;26;"http://creativecommons.org/licenses/by/4.0/legalcode";". Accessed from R via rgbif (https://github.com/ropensci/rgbif) on 2026-04-22";"Portugal";305;"305";"305"
"371";-5.6;36.5;"Quercus fruticosa Brot.";1990;9;29;"http://creativecommons.org/licenses/by-nc/4.0/legalcode";". Accessed from R via rgbif (https://github.com/ropensci/rgbif) on 2026-04-22";"Spain";305;"305";"305"
"372";-6.77;38.36;"Quercus lusitanica Lam.";1990;NA;NA;"http://creativecommons.org/licenses/by-nc/4.0/legalcode";". Accessed from R via rgbif (https://github.com/ropensci/rgbif) on 2026-04-22";"Spain";305;"305";"305"
"373";-5.597381;36.14334;"Quercus lusitanica Lam.";1989;5;22;"http://creativecommons.org/licenses/by-nc/4.0/legalcode";". Accessed from R via rgbif (https://github.com/ropensci/rgbif) on 2026-04-22";"Spain";305;"305";"305"
"374";-5.43;36.57;"Quercus lusitanica Lam.";1988;3;28;"http://creativecommons.org/licenses/by-nc/4.0/legalcode";". Accessed from R via rgbif (https://github.com/ropensci/rgbif) on 2026-04-22";"Spain";305;"305";"305"
"375";-8.419218;40.354165;"Quercus lusitanica Lam.";1988;9;27;"http://creativecommons.org/licenses/by/4.0/legalcode";". Accessed from R via rgbif (https://github.com/ropensci/rgbif) on 2026-04-22";"Portugal";305;"305";"305"
"376";-5.62;36.25;"Quercus lusitanica Lam.";1987;4;22;"http://creativecommons.org/licenses/by/4.0/legalcode";". Accessed from R via rgbif (https://github.com/ropensci/rgbif) on 2026-04-22";"Spain";305;"305";"305"
"377";-7.6;39.2;"Quercus lusitanica Lam.";1983;5;28;"http://creativecommons.org/licenses/by-nc/4.0/legalcode";". Accessed from R via rgbif (https://github.com/ropensci/rgbif) on 2026-04-22";"Portugal";305;"305";"305"
"378";-8.91114;39.33276;"Quercus lusitanica Lam.";1983;5;9;"http://creativecommons.org/licenses/by/4.0/legalcode";". Accessed from R via rgbif (https://github.com/ropensci/rgbif) on 2026-04-22";"Portugal";305;"305";"305"
"379";-5.56;36.1;"Quercus lusitanica Lam.";1980;7;3;"http://creativecommons.org/licenses/by/4.0/legalcode";". Accessed from R via rgbif (https://github.com/ropensci/rgbif) on 2026-04-22";"Spain";305;"305";"305"
"380";-5.45;36.13;"Quercus lusitanica Lam.";1980;10;13;"http://creativecommons.org/licenses/by/4.0/legalcode";". Accessed from R via rgbif (https://github.com/ropensci/rgbif) on 2026-04-22";"Spain";305;"305";"305"
"381";-8.52484;38.95973;"Quercus lusitanica Lam.";1972;11;18;"http://creativecommons.org/licenses/by/4.0/legalcode";". Accessed from R via rgbif (https://github.com/ropensci/rgbif) on 2026-04-22";"Portugal";305;"305";"305"
"382";-8.428041;39.315642;"Quercus lusitanica Lam.";1972;11;19;"http://creativecommons.org/licenses/by/4.0/legalcode";". Accessed from R via rgbif (https://github.com/ropensci/rgbif) on 2026-04-22";"Portugal";305;"305";"305"
"383";-8.009823;39.217144;"Quercus lusitanica Lam.";1972;11;18;"http://creativecommons.org/licenses/by/4.0/legalcode";". Accessed from R via rgbif (https://github.com/ropensci/rgbif) on 2026-04-22";"Portugal";305;"305";"305"
"384";-8.350377;39.270725;"Quercus lusitanica Lam.";1972;11;19;"http://creativecommons.org/licenses/by/4.0/legalcode";". Accessed from R via rgbif (https://github.com/ropensci/rgbif) on 2026-04-22";"Portugal";305;"305";"305"
"385";-8.525;38.959;"Quercus lusitanica Lam.";1972;11;18;"http://creativecommons.org/licenses/by/4.0/legalcode";". Accessed from R via rgbif (https://github.com/ropensci/rgbif) on 2026-04-22";"Portugal";305;"305";"305"
"386";-5.456944;35.692222;"Quercus fruticosa Brot.";1970;5;3;"http://creativecommons.org/licenses/by-nc/4.0/legalcode";". Accessed from R via rgbif (https://github.com/ropensci/rgbif) on 2026-04-22";"Morocco";305;"305";"305"
"387";-8.97974;39.42679;"Quercus lusitanica Lam.";1970;9;4;"http://creativecommons.org/licenses/by/4.0/legalcode";". Accessed from R via rgbif (https://github.com/ropensci/rgbif) on 2026-04-22";"Portugal";305;"305";"305"
"388";-8.52484;38.95973;"Quercus lusitanica Lam.";1964;9;16;"http://creativecommons.org/licenses/by/4.0/legalcode";". Accessed from R via rgbif (https://github.com/ropensci/rgbif) on 2026-04-22";"Portugal";305;"305";"305"
"389";-8.74601;39.63736;"Quercus lusitanica Lam.";1963;5;9;"http://creativecommons.org/licenses/by/4.0/legalcode";". Accessed from R via rgbif (https://github.com/ropensci/rgbif) on 2026-04-22";"Portugal";305;"305";"305"
"390";-8.94929;39.38061;"Quercus lusitanica Lam.";1962;6;14;"http://creativecommons.org/licenses/by/4.0/legalcode";". Accessed from R via rgbif (https://github.com/ropensci/rgbif) on 2026-04-22";"Portugal";305;"305";"305"
"391";-8.28481;38.98773;"Quercus lusitanica Lam.";1959;11;15;"http://creativecommons.org/licenses/by/4.0/legalcode";". Accessed from R via rgbif (https://github.com/ropensci/rgbif) on 2026-04-22";"Portugal";305;"305";"305"
"392";-7.3;39.3;"Quercus lusitanica Lam.";1957;5;3;"http://creativecommons.org/licenses/by-nc/4.0/legalcode";". Accessed from R via rgbif (https://github.com/ropensci/rgbif) on 2026-04-22";"Portugal";305;"305";"305"
"393";-9.01332;39.73648;"Quercus lusitanica Lam.";1956;5;14;"http://creativecommons.org/licenses/by/4.0/legalcode";". Accessed from R via rgbif (https://github.com/ropensci/rgbif) on 2026-04-22";"Portugal";305;"305";"305"
"394";-8.414047;40.187103;"Quercus lusitanica Lam.";1955;10;25;"http://creativecommons.org/licenses/by/4.0/legalcode";". Accessed from R via rgbif (https://github.com/ropensci/rgbif) on 2026-04-22";"Portugal";305;"305";"305"
"395";-8.31005;39.44477;"Quercus lusitanica Lam.";1954;4;28;"http://creativecommons.org/licenses/by/4.0/legalcode";". Accessed from R via rgbif (https://github.com/ropensci/rgbif) on 2026-04-22";"Portugal";305;"305";"305"
"396";-8.0445;37.24118;"Quercus lusitanica Lam.";1954;4;15;"http://creativecommons.org/licenses/by/4.0/legalcode";". Accessed from R via rgbif (https://github.com/ropensci/rgbif) on 2026-04-22";"Portugal";305;"305";"305"
"397";-8.57903;39.11063;"Quercus lusitanica Lam.";1954;5;13;"http://creativecommons.org/licenses/by/4.0/legalcode";". Accessed from R via rgbif (https://github.com/ropensci/rgbif) on 2026-04-22";"Portugal";305;"305";"305"
"398";-8.49912;39.17088;"Quercus lusitanica Lam.";1954;5;13;"http://creativecommons.org/licenses/by/4.0/legalcode";". Accessed from R via rgbif (https://github.com/ropensci/rgbif) on 2026-04-22";"Portugal";305;"305";"305"
"399";-8.57903;39.11063;"Quercus lusitanica Lam.";1954;5;9;"http://creativecommons.org/licenses/by/4.0/legalcode";". Accessed from R via rgbif (https://github.com/ropensci/rgbif) on 2026-04-22";"Portugal";305;"305";"305"
"400";-8.57903;39.11063;"Quercus lusitanica Lam.";1954;5;14;"http://creativecommons.org/licenses/by/4.0/legalcode";". Accessed from R via rgbif (https://github.com/ropensci/rgbif) on 2026-04-22";"Portugal";305;"305";"305"
"401";-8.57903;39.11063;"Quercus lusitanica Lam.";1954;5;8;"http://creativecommons.org/licenses/by/4.0/legalcode";". Accessed from R via rgbif (https://github.com/ropensci/rgbif) on 2026-04-22";"Portugal";305;"305";"305"
"402";-8.42281;40.2726;"Quercus lusitanica Lam.";1954;5;18;"http://creativecommons.org/licenses/by/4.0/legalcode";". Accessed from R via rgbif (https://github.com/ropensci/rgbif) on 2026-04-22";"Portugal";305;"305";"305"
"403";-8.57903;39.11063;"Quercus lusitanica Lam.";1954;6;10;"http://creativecommons.org/licenses/by/4.0/legalcode";". Accessed from R via rgbif (https://github.com/ropensci/rgbif) on 2026-04-22";"Portugal";305;"305";"305"
"404";-8.414047;40.187103;"Quercus lusitanica Lam.";1954;10;19;"http://creativecommons.org/licenses/by/4.0/legalcode";". Accessed from R via rgbif (https://github.com/ropensci/rgbif) on 2026-04-22";"Portugal";305;"305";"305"
"405";-8.394284;40.232462;"Quercus lusitanica Lam.";1953;10;17;"http://creativecommons.org/licenses/by/4.0/legalcode";". Accessed from R via rgbif (https://github.com/ropensci/rgbif) on 2026-04-22";"Portugal";305;"305";"305"
"406";-8.403325;40.222624;"Quercus lusitanica Lam.";1952;10;27;"http://creativecommons.org/licenses/by/4.0/legalcode";". Accessed from R via rgbif (https://github.com/ropensci/rgbif) on 2026-04-22";"Portugal";305;"305";"305"
"407";-8.405957;40.211458;"Quercus lusitanica Lam.";1951;10;4;"http://creativecommons.org/licenses/by/4.0/legalcode";". Accessed from R via rgbif (https://github.com/ropensci/rgbif) on 2026-04-22";"Portugal";305;"305";"305"
"408";-8.428252;40.221699;"Quercus lusitanica Lam.";1949;5;9;"http://creativecommons.org/licenses/by/4.0/legalcode";". Accessed from R via rgbif (https://github.com/ropensci/rgbif) on 2026-04-22";"Portugal";305;"305";"305"
"409";-8.52484;38.95973;"Quercus lusitanica Lam.";1949;5;5;"http://creativecommons.org/licenses/by/4.0/legalcode";". Accessed from R via rgbif (https://github.com/ropensci/rgbif) on 2026-04-22";"Portugal";305;"305";"305"
"410";-8.405957;40.211458;"Quercus lusitanica Lam.";1948;10;22;"http://creativecommons.org/licenses/by/4.0/legalcode";". Accessed from R via rgbif (https://github.com/ropensci/rgbif) on 2026-04-22";"Portugal";305;"305";"305"
"411";-8.415699;40.248235;"Quercus lusitanica Lam.";1947;10;18;"http://creativecommons.org/licenses/by/4.0/legalcode";". Accessed from R via rgbif (https://github.com/ropensci/rgbif) on 2026-04-22";"Portugal";305;"305";"305"
"412";-8.405957;40.211458;"Quercus lusitanica Lam.";1946;10;21;"http://creativecommons.org/licenses/by/4.0/legalcode";". Accessed from R via rgbif (https://github.com/ropensci/rgbif) on 2026-04-22";"Portugal";305;"305";"305"
"413";-6.72817;41.19331;"Quercus lusitanica subsp. valentina (Cav.) O.Schwarz";1944;4;7;"http://creativecommons.org/licenses/by/4.0/legalcode";". Accessed from R via rgbif (https://github.com/ropensci/rgbif) on 2026-04-22";"Portugal";305;"305";"305"
"414";-6.07;39.53;"Quercus lusitanica Lam.";1943;8;24;"http://creativecommons.org/publicdomain/zero/1.0/legalcode";". Accessed from R via rgbif (https://github.com/ropensci/rgbif) on 2026-04-22";"Spain";305;"305";"305"
"415";-8.53966;38.73773;"Quercus fruticosa Brot.";1943;12;1;"http://creativecommons.org/licenses/by/4.0/legalcode";". Accessed from R via rgbif (https://github.com/ropensci/rgbif) on 2026-04-22";"Portugal";305;"305";"305"
"416";-8.42248;40.205091;"Quercus lusitanica Lam.";1942;10;14;"http://creativecommons.org/licenses/by/4.0/legalcode";". Accessed from R via rgbif (https://github.com/ropensci/rgbif) on 2026-04-22";"Portugal";305;"305";"305"
"417";-8.436942;40.200445;"Quercus lusitanica Lam.";1942;10;14;"http://creativecommons.org/licenses/by/4.0/legalcode";". Accessed from R via rgbif (https://github.com/ropensci/rgbif) on 2026-04-22";"Portugal";305;"305";"305"
"418";-8.82748;39.08714;"Quercus lusitanica Lam.";1941;5;1;"http://creativecommons.org/licenses/by/4.0/legalcode";". Accessed from R via rgbif (https://github.com/ropensci/rgbif) on 2026-04-22";"Portugal";305;"305";"305"
"419";-8.328366;40.090713;"Quercus lusitanica Lam.";1941;10;6;"http://creativecommons.org/licenses/by/4.0/legalcode";". Accessed from R via rgbif (https://github.com/ropensci/rgbif) on 2026-04-22";"Portugal";305;"305";"305"
"420";-8.436942;40.200445;"Quercus lusitanica Lam.";1941;10;6;"http://creativecommons.org/licenses/by/4.0/legalcode";". Accessed from R via rgbif (https://github.com/ropensci/rgbif) on 2026-04-22";"Portugal";305;"305";"305"
"421";-8.436942;40.200445;"Quercus lusitanica Lam.";1940;10;10;"http://creativecommons.org/licenses/by/4.0/legalcode";". Accessed from R via rgbif (https://github.com/ropensci/rgbif) on 2026-04-22";"Portugal";305;"305";"305"
"422";-8.414047;40.187103;"Quercus lusitanica Lam.";1940;10;10;"http://creativecommons.org/licenses/by/4.0/legalcode";". Accessed from R via rgbif (https://github.com/ropensci/rgbif) on 2026-04-22";"Portugal";305;"305";"305"
"423";-8.61784;38.66439;"Quercus lusitanica Lam.";1939;8;1;"http://creativecommons.org/licenses/by/4.0/legalcode";". Accessed from R via rgbif (https://github.com/ropensci/rgbif) on 2026-04-22";"Portugal";305;"305";"305"
"424";-8.11007;40.15735;"Quercus lusitanica Lam.";1939;8;1;"http://creativecommons.org/licenses/by/4.0/legalcode";". Accessed from R via rgbif (https://github.com/ropensci/rgbif) on 2026-04-22";"Portugal";305;"305";"305"
"425";-8.3639;40.24021;"Quercus lusitanica Lam.";1939;10;7;"http://creativecommons.org/licenses/by/4.0/legalcode";". Accessed from R via rgbif (https://github.com/ropensci/rgbif) on 2026-04-22";"Portugal";305;"305";"305"
"426";-8.3639;40.24021;"Quercus lusitanica Lam.";1938;10;12;"http://creativecommons.org/licenses/by/4.0/legalcode";". Accessed from R via rgbif (https://github.com/ropensci/rgbif) on 2026-04-22";"Portugal";305;"305";"305"
"427";-8.414047;40.187103;"Quercus fruticosa Brot.";1938;11;1;"http://creativecommons.org/licenses/by/4.0/legalcode";". Accessed from R via rgbif (https://github.com/ropensci/rgbif) on 2026-04-22";"Portugal";305;"305";"305"
"428";-8.414047;40.187103;"Quercus lusitanica Lam.";1938;11;4;"http://creativecommons.org/licenses/by/4.0/legalcode";". Accessed from R via rgbif (https://github.com/ropensci/rgbif) on 2026-04-22";"Portugal";305;"305";"305"
"429";-8.414047;40.187103;"Quercus lusitanica Lam.";1937;10;12;"http://creativecommons.org/licenses/by/4.0/legalcode";". Accessed from R via rgbif (https://github.com/ropensci/rgbif) on 2026-04-22";"Portugal";305;"305";"305"
"430";-8.436942;40.200445;"Quercus lusitanica Lam.";1937;10;12;"http://creativecommons.org/licenses/by/4.0/legalcode";". Accessed from R via rgbif (https://github.com/ropensci/rgbif) on 2026-04-22";"Portugal";305;"305";"305"
"431";-8.3639;40.24021;"Quercus lusitanica Lam.";1936;10;27;"http://creativecommons.org/licenses/by/4.0/legalcode";". Accessed from R via rgbif (https://github.com/ropensci/rgbif) on 2026-04-22";"Portugal";305;"305";"305"
"432";-8.436942;40.200445;"Quercus lusitanica Lam.";1936;10;27;"http://creativecommons.org/licenses/by/4.0/legalcode";". Accessed from R via rgbif (https://github.com/ropensci/rgbif) on 2026-04-22";"Portugal";305;"305";"305"
"433";-8.3639;40.24021;"Quercus lusitanica Lam.";1935;10;11;"http://creativecommons.org/licenses/by/4.0/legalcode";". Accessed from R via rgbif (https://github.com/ropensci/rgbif) on 2026-04-22";"Portugal";305;"305";"305"
"434";-8.42248;40.205091;"Quercus lusitanica Lam.";1934;10;11;"http://creativecommons.org/licenses/by/4.0/legalcode";". Accessed from R via rgbif (https://github.com/ropensci/rgbif) on 2026-04-22";"Portugal";305;"305";"305"
"435";-8.3639;40.24021;"Quercus lusitanica Lam.";1934;10;11;"http://creativecommons.org/licenses/by/4.0/legalcode";". Accessed from R via rgbif (https://github.com/ropensci/rgbif) on 2026-04-22";"Portugal";305;"305";"305"
"436";-8.42248;40.205091;"Quercus lusitanica Lam.";1933;10;12;"http://creativecommons.org/licenses/by/4.0/legalcode";". Accessed from R via rgbif (https://github.com/ropensci/rgbif) on 2026-04-22";"Portugal";305;"305";"305"
"437";-8.3639;40.24021;"Quercus lusitanica Lam.";1933;10;12;"http://creativecommons.org/licenses/by/4.0/legalcode";". Accessed from R via rgbif (https://github.com/ropensci/rgbif) on 2026-04-22";"Portugal";305;"305";"305"
"438";-8.405828;40.217684;"Quercus lusitanica Lam.";1932;10;3;"http://creativecommons.org/licenses/by/4.0/legalcode";". Accessed from R via rgbif (https://github.com/ropensci/rgbif) on 2026-04-22";"Portugal";305;"305";"305"
"439";-8.3639;40.24021;"Quercus lusitanica Lam.";1932;10;3;"http://creativecommons.org/licenses/by/4.0/legalcode";". Accessed from R via rgbif (https://github.com/ropensci/rgbif) on 2026-04-22";"Portugal";305;"305";"305"
"440";-8.278992;40.112961;"Quercus lusitanica Lam.";1931;5;NA;"http://creativecommons.org/licenses/by/4.0/legalcode";". Accessed from R via rgbif (https://github.com/ropensci/rgbif) on 2026-04-22";"Portugal";305;"305";"305"
"441";-8.434625;40.19261;"Quercus lusitanica Lam.";1931;10;9;"http://creativecommons.org/licenses/by/4.0/legalcode";". Accessed from R via rgbif (https://github.com/ropensci/rgbif) on 2026-04-22";"Portugal";305;"305";"305"
"442";-8.3639;40.24021;"Quercus lusitanica Lam.";1931;10;13;"http://creativecommons.org/licenses/by/4.0/legalcode";". Accessed from R via rgbif (https://github.com/ropensci/rgbif) on 2026-04-22";"Portugal";305;"305";"305"
"443";-5.3715;35.7417;"Quercus lusitanica Lam.";1930;5;17;"http://creativecommons.org/licenses/by-nc/4.0/legalcode";". Accessed from R via rgbif (https://github.com/ropensci/rgbif) on 2026-04-22";"Morocco";305;"305";"305"
"444";-8.414047;40.187103;"Quercus lusitanica Lam.";1930;10;21;"http://creativecommons.org/licenses/by/4.0/legalcode";". Accessed from R via rgbif (https://github.com/ropensci/rgbif) on 2026-04-22";"Portugal";305;"305";"305"
"445";-8.434625;40.19261;"Quercus lusitanica Lam.";1929;9;19;"http://creativecommons.org/licenses/by/4.0/legalcode";". Accessed from R via rgbif (https://github.com/ropensci/rgbif) on 2026-04-22";"Portugal";305;"305";"305"
"446";-8.414047;40.187103;"Quercus fruticosa Brot.";1887;5;NA;"http://creativecommons.org/licenses/by/4.0/legalcode";". Accessed from R via rgbif (https://github.com/ropensci/rgbif) on 2026-04-22";"Portugal";305;"305";"305"
"447";-5.45394;36.13299;"Quercus lusitanica Lam.";1887;7;29;"http://creativecommons.org/licenses/by/4.0/legalcode";". Accessed from R via rgbif (https://github.com/ropensci/rgbif) on 2026-04-22";"Spain";305;"305";"305"
"448";-5.45394;36.13299;"Quercus lusitanica Lam.";1887;NA;NA;"http://creativecommons.org/licenses/by/4.0/legalcode";". Accessed from R via rgbif (https://github.com/ropensci/rgbif) on 2026-04-22";"Spain";305;"305";"305"
"449";-8.366089;40.371657;"Quercus fruticosa Brot.";1885;5;NA;"http://creativecommons.org/licenses/by/4.0/legalcode";". Accessed from R via rgbif (https://github.com/ropensci/rgbif) on 2026-04-22";"Portugal";305;"305";"305"
"450";-8.42595;40.20998;"Quercus lusitanica Lam.";1877;5;1;"http://creativecommons.org/licenses/by/4.0/legalcode";". Accessed from R via rgbif (https://github.com/ropensci/rgbif) on 2026-04-22";"Portugal";305;"305";"305"
"451";-7.904912;37.017805;"Quercus fruticosa Brot.";1877;NA;NA;"http://creativecommons.org/licenses/by/4.0/legalcode";". Accessed from R via rgbif (https://github.com/ropensci/rgbif) on 2026-04-22";"Portugal";305;"305";"305"
"452";-8.416274;40.22876;"Quercus humilis Lam.";1876;NA;NA;"http://creativecommons.org/licenses/by/4.0/legalcode";". Accessed from R via rgbif (https://github.com/ropensci/rgbif) on 2026-04-22";"Portugal";305;"305";"305"
"453";-8.416274;40.22876;"Quercus lusitanica Lam.";1876;NA;NA;"http://creativecommons.org/licenses/by/4.0/legalcode";". Accessed from R via rgbif (https://github.com/ropensci/rgbif) on 2026-04-22";"Portugal";305;"305";"305"
"454";-1.38793;34.70819;"Quercus lusitanica Lam.";1874;10;NA;"http://creativecommons.org/licenses/by/4.0/legalcode";". Accessed from R via rgbif (https://github.com/ropensci/rgbif) on 2026-04-22";"Algeria";305;"305";"305"
"455";-5.72455;36.4617;"Quercus lusitanica Lam.";1853;8;2;"http://creativecommons.org/licenses/by/4.0/legalcode";". Accessed from R via rgbif (https://github.com/ropensci/rgbif) on 2026-04-22";"Spain";305;"305";"305"
"456";-5.45;36.13333;"Quercus lusitanica Lam.";1852;10;20;"http://creativecommons.org/licenses/by/4.0/legalcode";". Accessed from R via rgbif (https://github.com/ropensci/rgbif) on 2026-04-22";"Spain";305;"305";"305"
"457";-5.5;36.16;"Quercus humilis Lam.";1849;5;NA;"http://creativecommons.org/licenses/by-nc/4.0/legalcode";". Accessed from R via rgbif (https://github.com/ropensci/rgbif) on 2026-04-22";"Spain";305;"305";"305"
"458";-5.16392;36.746;"Quercus faginea var. spinosa Maire & Trab.";1837;5;NA;"http://creativecommons.org/licenses/by/4.0/legalcode";". Accessed from R via rgbif (https://github.com/ropensci/rgbif) on 2026-04-22";"Spain";305;"305";"305"
"459";-7.49;39.290001;"Quercus lusitanica Lam.";NA;NA;NA;"http://creativecommons.org/licenses/by-nc/4.0/legalcode";". Accessed from R via rgbif (https://github.com/ropensci/rgbif) on 2026-04-22";"Portugal";305;"305";"305"
"460";-5.45;36.68;"Quercus fruticosa Brot.";NA;NA;NA;"http://creativecommons.org/licenses/by-nc/4.0/legalcode";". Accessed from R via rgbif (https://github.com/ropensci/rgbif) on 2026-04-22";"Spain";305;"305";"305"
"461";-5.43;35.23;"Quercus lusitanica Lam.";NA;NA;NA;"http://creativecommons.org/licenses/by-nc/4.0/legalcode";". Accessed from R via rgbif (https://github.com/ropensci/rgbif) on 2026-04-22";"Morocco";305;"305";"305"
"462";-5.216667;35.166667;"Quercus lusitanica Lam.";NA;NA;NA;"http://creativecommons.org/licenses/by-nc/4.0/legalcode";". Accessed from R via rgbif (https://github.com/ropensci/rgbif) on 2026-04-22";"Morocco";305;"305";"305"
"463";-5.6111721;36.1587208;"Quercus lusitanica Lam.";NA;NA;NA;"http://creativecommons.org/licenses/by-nc/4.0/legalcode";". Accessed from R via rgbif (https://github.com/ropensci/rgbif) on 2026-04-22";"Spain";305;"305";"305"
"464";-5.621178;36.5187264;"Quercus lusitanica Lam.";NA;NA;NA;"http://creativecommons.org/licenses/by-nc/4.0/legalcode";". Accessed from R via rgbif (https://github.com/ropensci/rgbif) on 2026-04-22";"Spain";305;"305";"305"
"465";-5.5011702;36.1587219;"Quercus lusitanica Lam.";NA;NA;NA;"http://creativecommons.org/licenses/by-nc/4.0/legalcode";". Accessed from R via rgbif (https://github.com/ropensci/rgbif) on 2026-04-22";"Spain";305;"305";"305"
"466";-5.3911698;36.2587246;"Quercus lusitanica Lam.";NA;NA;NA;"http://creativecommons.org/licenses/by-nc/4.0/legalcode";". Accessed from R via rgbif (https://github.com/ropensci/rgbif) on 2026-04-22";"Spain";305;"305";"305"
"467";-5.6111708;36.0687193;"Quercus lusitanica Lam.";NA;NA;NA;"http://creativecommons.org/licenses/by-nc/4.0/legalcode";". Accessed from R via rgbif (https://github.com/ropensci/rgbif) on 2026-04-22";"Spain";305;"305";"305"
"468";-5.4011756;36.6187303;"Quercus lusitanica Lam.";NA;NA;NA;"http://creativecommons.org/licenses/by-nc/4.0/legalcode";". Accessed from R via rgbif (https://github.com/ropensci/rgbif) on 2026-04-22";"Spain";305;"305";"305"
"469";-5.5211776;36.6087289;"Quercus lusitanica Lam.";NA;NA;NA;"http://creativecommons.org/licenses/by-nc/4.0/legalcode";". Accessed from R via rgbif (https://github.com/ropensci/rgbif) on 2026-04-22";"Spain";305;"305";"305"
"470";-5.521179;36.6987303;"Quercus lusitanica Lam.";NA;NA;NA;"http://creativecommons.org/licenses/by-nc/4.0/legalcode";". Accessed from R via rgbif (https://github.com/ropensci/rgbif) on 2026-04-22";"Spain";305;"305";"305"
"471";-5.1811702;36.528731;"Quercus lusitanica Lam.";NA;NA;NA;"http://creativecommons.org/licenses/by-nc/4.0/legalcode";". Accessed from R via rgbif (https://github.com/ropensci/rgbif) on 2026-04-22";"Spain";305;"305";"305"
"472";-8.53;39.74;"Quercus lusitanica Lam.";NA;NA;NA;"http://creativecommons.org/licenses/by-nc/4.0/legalcode";". Accessed from R via rgbif (https://github.com/ropensci/rgbif) on 2026-04-22";"Portugal";305;"305";"305"
"473";-5.67;36.47;"Quercus lusitanica Lam.";NA;NA;NA;"http://creativecommons.org/licenses/by-nc/4.0/legalcode";". Accessed from R via rgbif (https://github.com/ropensci/rgbif) on 2026-04-22";"Spain";305;"305";"305"
"474";-7.98;37.13;"Quercus lusitanica Lam.";NA;NA;NA;"http://creativecommons.org/licenses/by-nc/4.0/legalcode";". Accessed from R via rgbif (https://github.com/ropensci/rgbif) on 2026-04-22";"Portugal";305;"305";"305"
"475";-8.08;38.48;"Quercus lusitanica Lam.";NA;NA;NA;"http://creativecommons.org/licenses/by-nc/4.0/legalcode";". Accessed from R via rgbif (https://github.com/ropensci/rgbif) on 2026-04-22";"Portugal";305;"305";"305"
"476";-8.88;39.2;"Quercus lusitanica Lam.";NA;NA;NA;"http://creativecommons.org/licenses/by-nc/4.0/legalcode";". Accessed from R via rgbif (https://github.com/ropensci/rgbif) on 2026-04-22";"Portugal";305;"305";"305"
"477";-8.88;39.11;"Quercus lusitanica Lam.";NA;NA;NA;"http://creativecommons.org/licenses/by-nc/4.0/legalcode";". Accessed from R via rgbif (https://github.com/ropensci/rgbif) on 2026-04-22";"Portugal";305;"305";"305"
"478";-1.52;37.84;"Quercus lusitanica Lam.";NA;NA;NA;"http://creativecommons.org/licenses/by-nc/4.0/legalcode";". Accessed from R via rgbif (https://github.com/ropensci/rgbif) on 2026-04-22";"Spain";305;"305";"305"
"479";-1.63;37.84;"Quercus lusitanica Lam.";NA;NA;NA;"http://creativecommons.org/licenses/by-nc/4.0/legalcode";". Accessed from R via rgbif (https://github.com/ropensci/rgbif) on 2026-04-22";"Spain";305;"305";"305"
"480";-8.35;41.06;"Quercus lusitanica Lam.";NA;NA;NA;"http://creativecommons.org/licenses/by-nc/4.0/legalcode";". Accessed from R via rgbif (https://github.com/ropensci/rgbif) on 2026-04-22";"Portugal";305;"305";"305"
"481";-5.55;36.11;"Quercus lusitanica Lam.";NA;NA;NA;"http://creativecommons.org/licenses/by-nc/4.0/legalcode";". Accessed from R via rgbif (https://github.com/ropensci/rgbif) on 2026-04-22";"Spain";305;"305";"305"
"482";-5.45;36.57;"Quercus lusitanica Lam.";NA;NA;NA;"http://creativecommons.org/licenses/by-nc/4.0/legalcode";". Accessed from R via rgbif (https://github.com/ropensci/rgbif) on 2026-04-22";"Spain";305;"305";"305"
"483";-5.04;37.92;"Quercus lusitanica Lam.";NA;NA;NA;"http://creativecommons.org/licenses/by-nc/4.0/legalcode";". Accessed from R via rgbif (https://github.com/ropensci/rgbif) on 2026-04-22";"Spain";305;"305";"305"
"484";-6.71;38.1;"Quercus lusitanica Lam.";NA;NA;NA;"http://creativecommons.org/licenses/by-nc/4.0/legalcode";". Accessed from R via rgbif (https://github.com/ropensci/rgbif) on 2026-04-22";"Spain";305;"305";"305"
"485";-5.46;36.84;"Quercus lusitanica Lam.";NA;NA;NA;"http://creativecommons.org/licenses/by-nc/4.0/legalcode";". Accessed from R via rgbif (https://github.com/ropensci/rgbif) on 2026-04-22";"Spain";305;"305";"305"
"486";-8.07;39.02;"Quercus lusitanica Lam.";NA;NA;NA;"http://creativecommons.org/licenses/by-nc/4.0/legalcode";". Accessed from R via rgbif (https://github.com/ropensci/rgbif) on 2026-04-22";"Portugal";305;"305";"305"
"487";-8.88;39.38;"Quercus lusitanica Lam.";NA;NA;NA;"http://creativecommons.org/licenses/by-nc/4.0/legalcode";". Accessed from R via rgbif (https://github.com/ropensci/rgbif) on 2026-04-22";"Portugal";305;"305";"305"
"488";-8.88;39.74;"Quercus lusitanica Lam.";NA;NA;NA;"http://creativecommons.org/licenses/by-nc/4.0/legalcode";". Accessed from R via rgbif (https://github.com/ropensci/rgbif) on 2026-04-22";"Portugal";305;"305";"305"
"489";-8.41;39.74;"Quercus lusitanica Lam.";NA;NA;NA;"http://creativecommons.org/licenses/by-nc/4.0/legalcode";". Accessed from R via rgbif (https://github.com/ropensci/rgbif) on 2026-04-22";"Portugal";305;"305";"305"
"490";-8.29;39.74;"Quercus lusitanica Lam.";NA;NA;NA;"http://creativecommons.org/licenses/by-nc/4.0/legalcode";". Accessed from R via rgbif (https://github.com/ropensci/rgbif) on 2026-04-22";"Portugal";305;"305";"305"
"491";-8.17;40.64;"Quercus lusitanica Lam.";NA;NA;NA;"http://creativecommons.org/licenses/by-nc/4.0/legalcode";". Accessed from R via rgbif (https://github.com/ropensci/rgbif) on 2026-04-22";"Portugal";305;"305";"305"
"492";-6.72;37.83;"Quercus lusitanica Lam.";NA;NA;NA;"http://creativecommons.org/licenses/by-nc/4.0/legalcode";". Accessed from R via rgbif (https://github.com/ropensci/rgbif) on 2026-04-22";"Spain";305;"305";"305"
"493";-8.88;39.47;"Quercus lusitanica Lam.";NA;NA;NA;"http://creativecommons.org/licenses/by-nc/4.0/legalcode";". Accessed from R via rgbif (https://github.com/ropensci/rgbif) on 2026-04-22";"Portugal";305;"305";"305"
"494";-5.57;36.56;"Quercus lusitanica Lam.";NA;NA;NA;"http://creativecommons.org/licenses/by-nc/4.0/legalcode";". Accessed from R via rgbif (https://github.com/ropensci/rgbif) on 2026-04-22";"Spain";305;"305";"305"
"495";-5.44;36.2;"Quercus lusitanica Lam.";NA;NA;NA;"http://creativecommons.org/licenses/by-nc/4.0/legalcode";". Accessed from R via rgbif (https://github.com/ropensci/rgbif) on 2026-04-22";"Spain";305;"305";"305"
"496";-6.24;39.25;"Quercus lusitanica Lam.";NA;NA;NA;"http://creativecommons.org/licenses/by-nc/4.0/legalcode";". Accessed from R via rgbif (https://github.com/ropensci/rgbif) on 2026-04-22";"Spain";305;"305";"305"
"497";-8.76;39.92;"Quercus lusitanica Lam.";NA;NA;NA;"http://creativecommons.org/licenses/by-nc/4.0/legalcode";". Accessed from R via rgbif (https://github.com/ropensci/rgbif) on 2026-04-22";"Portugal";305;"305";"305"
"498";-8.3;39.65;"Quercus lusitanica Lam.";NA;NA;NA;"http://creativecommons.org/licenses/by-nc/4.0/legalcode";". Accessed from R via rgbif (https://github.com/ropensci/rgbif) on 2026-04-22";"Portugal";305;"305";"305"
"499";-6.9834;38.0288;"Quercus fruticosa Brot.";NA;NA;NA;"http://creativecommons.org/licenses/by-nc/4.0/legalcode";". Accessed from R via rgbif (https://github.com/ropensci/rgbif) on 2026-04-22";"Spain";305;"305";"305"
"500";-6.56;37.7414;"Quercus fruticosa Brot.";NA;NA;NA;"http://creativecommons.org/licenses/by-nc/4.0/legalcode";". Accessed from R via rgbif (https://github.com/ropensci/rgbif) on 2026-04-22";"Spain";305;"305";"305"
"501";-6.4373;38.0092;"Quercus fruticosa Brot.";NA;NA;NA;"http://creativecommons.org/licenses/by-nc/4.0/legalcode";". Accessed from R via rgbif (https://github.com/ropensci/rgbif) on 2026-04-22";"Spain";305;"305";"305"
"502";-6.6692;37.8788;"Quercus fruticosa Brot.";NA;NA;NA;"http://creativecommons.org/licenses/by-nc/4.0/legalcode";". Accessed from R via rgbif (https://github.com/ropensci/rgbif) on 2026-04-22";"Spain";305;"305";"305"
"503";-5.6247;36.5299;"Quercus lusitanica Lam.";NA;NA;NA;"http://creativecommons.org/licenses/by-nc/4.0/legalcode";". Accessed from R via rgbif (https://github.com/ropensci/rgbif) on 2026-04-22";"Spain";305;"305";"305"
"504";-5.6132;36.5212;"Quercus fruticosa Brot.";NA;NA;NA;"http://creativecommons.org/licenses/by-nc/4.0/legalcode";". Accessed from R via rgbif (https://github.com/ropensci/rgbif) on 2026-04-22";"Spain";305;"305";"305"
"505";-5.6349;36.5027;"Quercus lusitanica Lam.";NA;NA;NA;"http://creativecommons.org/licenses/by-nc/4.0/legalcode";". Accessed from R via rgbif (https://github.com/ropensci/rgbif) on 2026-04-22";"Spain";305;"305";"305"
"506";-5.6126;36.5032;"Quercus fruticosa Brot.";NA;NA;NA;"http://creativecommons.org/licenses/by-nc/4.0/legalcode";". Accessed from R via rgbif (https://github.com/ropensci/rgbif) on 2026-04-22";"Spain";305;"305";"305"
"507";-5.5539;36.4143;"Quercus fruticosa Brot.";NA;NA;NA;"http://creativecommons.org/licenses/by-nc/4.0/legalcode";". Accessed from R via rgbif (https://github.com/ropensci/rgbif) on 2026-04-22";"Spain";305;"305";"305"
"508";-5.5533;36.3963;"Quercus lusitanica Lam.";NA;NA;NA;"http://creativecommons.org/licenses/by-nc/4.0/legalcode";". Accessed from R via rgbif (https://github.com/ropensci/rgbif) on 2026-04-22";"Spain";305;"305";"305"
"509";-5.5636;36.369;"Quercus fruticosa Brot.";NA;NA;NA;"http://creativecommons.org/licenses/by-nc/4.0/legalcode";". Accessed from R via rgbif (https://github.com/ropensci/rgbif) on 2026-04-22";"Spain";305;"305";"305"
"510";-5.5738;36.3418;"Quercus fruticosa Brot.";NA;NA;NA;"http://creativecommons.org/licenses/by-nc/4.0/legalcode";". Accessed from R via rgbif (https://github.com/ropensci/rgbif) on 2026-04-22";"Spain";305;"305";"305"
"511";-5.5196;36.388;"Quercus lusitanica Lam.";NA;NA;NA;"http://creativecommons.org/licenses/by-nc/4.0/legalcode";". Accessed from R via rgbif (https://github.com/ropensci/rgbif) on 2026-04-22";"Spain";305;"305";"305"
"512";-5.5264;36.2527;"Quercus lusitanica Lam.";NA;NA;NA;"http://creativecommons.org/licenses/by-nc/4.0/legalcode";". Accessed from R via rgbif (https://github.com/ropensci/rgbif) on 2026-04-22";"Spain";305;"305";"305"
"513";-5.6126;36.1697;"Quercus fruticosa Brot.";NA;NA;NA;"http://creativecommons.org/licenses/by-nc/4.0/legalcode";". Accessed from R via rgbif (https://github.com/ropensci/rgbif) on 2026-04-22";"Spain";305;"305";"305"
"514";-5.416;36.282;"Quercus lusitanica Lam.";NA;NA;NA;"http://creativecommons.org/licenses/by-nc/4.0/legalcode";". Accessed from R via rgbif (https://github.com/ropensci/rgbif) on 2026-04-22";"Spain";305;"305";"305"
"515";-5.6336;36.1332;"Quercus fruticosa Brot.";NA;NA;NA;"http://creativecommons.org/licenses/by-nc/4.0/legalcode";". Accessed from R via rgbif (https://github.com/ropensci/rgbif) on 2026-04-22";"Spain";305;"305";"305"
"516";-5.6225;36.1334;"Quercus fruticosa Brot.";NA;NA;NA;"http://creativecommons.org/licenses/by-nc/4.0/legalcode";". Accessed from R via rgbif (https://github.com/ropensci/rgbif) on 2026-04-22";"Spain";305;"305";"305"
"517";-5.5661;36.1076;"Quercus fruticosa Brot.";NA;NA;NA;"http://creativecommons.org/licenses/by-nc/4.0/legalcode";". Accessed from R via rgbif (https://github.com/ropensci/rgbif) on 2026-04-22";"Spain";305;"305";"305"
"518";-5.5101;36.0908;"Quercus fruticosa Brot.";NA;NA;NA;"http://creativecommons.org/licenses/by-nc/4.0/legalcode";". Accessed from R via rgbif (https://github.com/ropensci/rgbif) on 2026-04-22";"Spain";305;"305";"305"
"519";-6.4255;37.6935;"Quercus fruticosa Brot.";NA;NA;NA;"http://creativecommons.org/licenses/by-nc/4.0/legalcode";". Accessed from R via rgbif (https://github.com/ropensci/rgbif) on 2026-04-22";"Spain";305;"305";"305"
"520";-6.1653;37.6785;"Quercus fruticosa Brot.";NA;NA;NA;"http://creativecommons.org/licenses/by-nc/4.0/legalcode";". Accessed from R via rgbif (https://github.com/ropensci/rgbif) on 2026-04-22";"Spain";305;"305";"305"
"521";-6.5912174;37.878739;"Quercus lusitanica Lam.";NA;NA;NA;"http://creativecommons.org/licenses/by-nc/4.0/legalcode";". Accessed from R via rgbif (https://github.com/ropensci/rgbif) on 2026-04-22";"Spain";305;"305";"305"
"522";-6.1511903;36.6987238;"Quercus lusitanica Lam.";NA;NA;NA;"http://creativecommons.org/licenses/by-nc/4.0/legalcode";". Accessed from R via rgbif (https://github.com/ropensci/rgbif) on 2026-04-22";"Spain";305;"305";"305"
"523";-5.4111786;36.7987331;"Quercus lusitanica Lam.";NA;NA;NA;"http://creativecommons.org/licenses/by-nc/4.0/legalcode";". Accessed from R via rgbif (https://github.com/ropensci/rgbif) on 2026-04-22";"Spain";305;"305";"305"
"524";-5.6311824;36.7887307;"Quercus lusitanica Lam.";NA;NA;NA;"http://creativecommons.org/licenses/by-nc/4.0/legalcode";". Accessed from R via rgbif (https://github.com/ropensci/rgbif) on 2026-04-22";"Spain";305;"305";"305"
"525";-5.2911736;36.6187314;"Quercus lusitanica Lam.";NA;NA;NA;"http://creativecommons.org/licenses/by-nc/4.0/legalcode";". Accessed from R via rgbif (https://github.com/ropensci/rgbif) on 2026-04-22";"Spain";305;"305";"305"
"526";-5.4211751;36.5687292;"Quercus lusitanica Lam.";NA;NA;NA;"http://creativecommons.org/licenses/by-nc/4.0/legalcode";". Accessed from R via rgbif (https://github.com/ropensci/rgbif) on 2026-04-22";"Spain";305;"305";"305"
"527";-5.4911725;36.3187245;"Quercus lusitanica Lam.";NA;NA;NA;"http://creativecommons.org/licenses/by-nc/4.0/legalcode";". Accessed from R via rgbif (https://github.com/ropensci/rgbif) on 2026-04-22";"Spain";305;"305";"305"
"528";-6.7712283;38.328745;"Quercus lusitanica Lam.";NA;NA;NA;"http://creativecommons.org/licenses/by-nc/4.0/legalcode";". Accessed from R via rgbif (https://github.com/ropensci/rgbif) on 2026-04-22";"Spain";305;"305";"305"
"529";-6.3212155;38.0487448;"Quercus lusitanica Lam.";NA;NA;NA;"http://creativecommons.org/licenses/by-nc/4.0/legalcode";". Accessed from R via rgbif (https://github.com/ropensci/rgbif) on 2026-04-22";"Spain";305;"305";"305"
"530";-5.2111498;35.1587096;"Quercus lusitanica Lam.";NA;NA;NA;"http://creativecommons.org/licenses/by-nc/4.0/legalcode";". Accessed from R via rgbif (https://github.com/ropensci/rgbif) on 2026-04-22";"Morocco";305;"305";"305"
"531";-5.1411489;35.1787105;"Quercus lusitanica Lam.";NA;NA;NA;"http://creativecommons.org/licenses/by-nc/4.0/legalcode";". Accessed from R via rgbif (https://github.com/ropensci/rgbif) on 2026-04-22";"Morocco";305;"305";"305"
"532";-5.5011688;36.0687205;"Quercus lusitanica Lam.";NA;NA;NA;"http://creativecommons.org/licenses/by-nc/4.0/legalcode";". Accessed from R via rgbif (https://github.com/ropensci/rgbif) on 2026-04-22";"Spain";305;"305";"305"
"533";-8.0012849;40.2587677;"Quercus lusitanica Lam.";NA;NA;NA;"http://creativecommons.org/licenses/by-nc/4.0/legalcode";". Accessed from R via rgbif (https://github.com/ropensci/rgbif) on 2026-04-22";"Portugal";305;"305";"305"
"534";-8.0212539;38.5287352;"Quercus lusitanica Lam.";NA;NA;NA;"http://creativecommons.org/licenses/by-nc/4.0/legalcode";". Accessed from R via rgbif (https://github.com/ropensci/rgbif) on 2026-04-22";"Portugal";305;"305";"305"
"535";-8.0212635;39.0687449;"Quercus lusitanica Lam.";NA;NA;NA;"http://creativecommons.org/licenses/by-nc/4.0/legalcode";". Accessed from R via rgbif (https://github.com/ropensci/rgbif) on 2026-04-22";"Portugal";305;"305";"305"
"536";-8.8312858;39.5187444;"Quercus lusitanica Lam.";NA;NA;NA;"http://creativecommons.org/licenses/by-nc/4.0/legalcode";". Accessed from R via rgbif (https://github.com/ropensci/rgbif) on 2026-04-22";"Portugal";305;"305";"305"
"537";-8.6012672;38.7087321;"Quercus lusitanica Lam.";NA;NA;NA;"http://creativecommons.org/licenses/by-nc/4.0/legalcode";". Accessed from R via rgbif (https://github.com/ropensci/rgbif) on 2026-04-22";"Portugal";305;"305";"305"
"538";-8.0312525;38.4387335;"Quercus lusitanica Lam.";NA;NA;NA;"http://creativecommons.org/licenses/by-nc/4.0/legalcode";". Accessed from R via rgbif (https://github.com/ropensci/rgbif) on 2026-04-22";"Portugal";305;"305";"305"
"539";-7.911252;38.5287364;"Quercus lusitanica Lam.";NA;NA;NA;"http://creativecommons.org/licenses/by-nc/4.0/legalcode";". Accessed from R via rgbif (https://github.com/ropensci/rgbif) on 2026-04-22";"Portugal";305;"305";"305"
"540";-8.3512908;40.2387634;"Quercus lusitanica Lam.";NA;NA;NA;"http://creativecommons.org/licenses/by-nc/4.0/legalcode";". Accessed from R via rgbif (https://github.com/ropensci/rgbif) on 2026-04-22";"Portugal";305;"305";"305"
"541";-7.81721;37.17553;"Quercus lusitanica Lam.";NA;NA;NA;"Creative Commons Attribution Non Commercial (CC-BY-NC) 4.0 License";". Accessed from R via rgbif (https://github.com/ropensci/rgbif) on 2026-04-22";"Portugal";305;"305";"305"
"542";-7.92856;37.26673;"Quercus lusitanica Lam.";NA;NA;NA;"Creative Commons Attribution Non Commercial (CC-BY-NC) 4.0 License";". Accessed from R via rgbif (https://github.com/ropensci/rgbif) on 2026-04-22";"Portugal";305;"305";"305"
"543";-7.933662;39.675293;"Quercus lusitanica Lam.";NA;NA;NA;"http://creativecommons.org/licenses/by/4.0/legalcode";". Accessed from R via rgbif (https://github.com/ropensci/rgbif) on 2026-04-22";"Portugal";305;"305";"305"
"544";-5.614964;36.506548;"Quercus fruticosa Brot.";NA;NA;NA;"http://creativecommons.org/licenses/by/4.0/legalcode";". Accessed from R via rgbif (https://github.com/ropensci/rgbif) on 2026-04-22";"Spain";305;"305";"305"
"545";-5.599499;36.487437;"Quercus fruticosa Brot.";NA;NA;NA;"http://creativecommons.org/licenses/by/4.0/legalcode";". Accessed from R via rgbif (https://github.com/ropensci/rgbif) on 2026-04-22";"Spain";305;"305";"305"
"546";-5.41449;36.55502;"Quercus fruticosa Brot.";NA;NA;NA;"http://creativecommons.org/licenses/by/4.0/legalcode";". Accessed from R via rgbif (https://github.com/ropensci/rgbif) on 2026-04-22";"Spain";305;"305";"305"
"547";-5.594096;36.501795;"Quercus fruticosa Brot.";NA;NA;NA;"http://creativecommons.org/licenses/by/4.0/legalcode";". Accessed from R via rgbif (https://github.com/ropensci/rgbif) on 2026-04-22";"Spain";305;"305";"305"
"548";-5.596682;36.470591;"Quercus fruticosa Brot.";NA;NA;NA;"http://creativecommons.org/licenses/by/4.0/legalcode";". Accessed from R via rgbif (https://github.com/ropensci/rgbif) on 2026-04-22";"Spain";305;"305";"305"
"549";-5.595576;36.484945;"Quercus fruticosa Brot.";NA;NA;NA;"http://creativecommons.org/licenses/by/4.0/legalcode";". Accessed from R via rgbif (https://github.com/ropensci/rgbif) on 2026-04-22";"Spain";305;"305";"305"
"550";-5.610233;36.503966;"Quercus fruticosa Brot.";NA;NA;NA;"http://creativecommons.org/licenses/by/4.0/legalcode";". Accessed from R via rgbif (https://github.com/ropensci/rgbif) on 2026-04-22";"Spain";305;"305";"305"
"551";-5.606311;36.494868;"Quercus fruticosa Brot.";NA;NA;NA;"http://creativecommons.org/licenses/by/4.0/legalcode";". Accessed from R via rgbif (https://github.com/ropensci/rgbif) on 2026-04-22";"Spain";305;"305";"305"
"552";-5.590686;36.494614;"Quercus fruticosa Brot.";NA;NA;NA;"http://creativecommons.org/licenses/by/4.0/legalcode";". Accessed from R via rgbif (https://github.com/ropensci/rgbif) on 2026-04-22";"Spain";305;"305";"305"
"553";-5.613408;36.531988;"Quercus fruticosa Brot.";NA;NA;NA;"http://creativecommons.org/licenses/by/4.0/legalcode";". Accessed from R via rgbif (https://github.com/ropensci/rgbif) on 2026-04-22";"Spain";305;"305";"305"
"554";-5.598886;36.500825;"Quercus fruticosa Brot.";NA;NA;NA;"http://creativecommons.org/licenses/by/4.0/legalcode";". Accessed from R via rgbif (https://github.com/ropensci/rgbif) on 2026-04-22";"Spain";305;"305";"305"
"555";-5.59896;36.506033;"Quercus fruticosa Brot.";NA;NA;NA;"http://creativecommons.org/licenses/by/4.0/legalcode";". Accessed from R via rgbif (https://github.com/ropensci/rgbif) on 2026-04-22";"Spain";305;"305";"305"
"556";-5.61625;36.500986;"Quercus fruticosa Brot.";NA;NA;NA;"http://creativecommons.org/licenses/by/4.0/legalcode";". Accessed from R via rgbif (https://github.com/ropensci/rgbif) on 2026-04-22";"Spain";305;"305";"305"
"557";-5.600713;36.503048;"Quercus fruticosa Brot.";NA;NA;NA;"http://creativecommons.org/licenses/by/4.0/legalcode";". Accessed from R via rgbif (https://github.com/ropensci/rgbif) on 2026-04-22";"Spain";305;"305";"305"
"558";-5.414487;36.555994;"Quercus fruticosa Brot.";NA;NA;NA;"http://creativecommons.org/licenses/by/4.0/legalcode";". Accessed from R via rgbif (https://github.com/ropensci/rgbif) on 2026-04-22";"Spain";305;"305";"305"
"559";-5.549335;36.507339;"Quercus fruticosa Brot.";NA;NA;NA;"http://creativecommons.org/licenses/by/4.0/legalcode";". Accessed from R via rgbif (https://github.com/ropensci/rgbif) on 2026-04-22";"Spain";305;"305";"305"
"560";-5.609295;36.503626;"Quercus fruticosa Brot.";NA;NA;NA;"http://creativecommons.org/licenses/by/4.0/legalcode";". Accessed from R via rgbif (https://github.com/ropensci/rgbif) on 2026-04-22";"Spain";305;"305";"305"
"561";-5.598766;36.478207;"Quercus fruticosa Brot.";NA;NA;NA;"http://creativecommons.org/licenses/by/4.0/legalcode";". Accessed from R via rgbif (https://github.com/ropensci/rgbif) on 2026-04-22";"Spain";305;"305";"305"
"562";-5.608736;36.503927;"Quercus fruticosa Brot.";NA;NA;NA;"http://creativecommons.org/licenses/by/4.0/legalcode";". Accessed from R via rgbif (https://github.com/ropensci/rgbif) on 2026-04-22";"Spain";305;"305";"305"
"563";-5.418801;36.557132;"Quercus fruticosa Brot.";NA;NA;NA;"http://creativecommons.org/licenses/by/4.0/legalcode";". Accessed from R via rgbif (https://github.com/ropensci/rgbif) on 2026-04-22";"Spain";305;"305";"305"
"564";-5.591347;36.491661;"Quercus fruticosa Brot.";NA;NA;NA;"http://creativecommons.org/licenses/by/4.0/legalcode";". Accessed from R via rgbif (https://github.com/ropensci/rgbif) on 2026-04-22";"Spain";305;"305";"305"
"565";-5.59487;36.486186;"Quercus fruticosa Brot.";NA;NA;NA;"http://creativecommons.org/licenses/by/4.0/legalcode";". Accessed from R via rgbif (https://github.com/ropensci/rgbif) on 2026-04-22";"Spain";305;"305";"305"
"566";-5.607914;36.503728;"Quercus fruticosa Brot.";NA;NA;NA;"http://creativecommons.org/licenses/by/4.0/legalcode";". Accessed from R via rgbif (https://github.com/ropensci/rgbif) on 2026-04-22";"Spain";305;"305";"305"
"567";-5.615487;36.501868;"Quercus fruticosa Brot.";NA;NA;NA;"http://creativecommons.org/licenses/by/4.0/legalcode";". Accessed from R via rgbif (https://github.com/ropensci/rgbif) on 2026-04-22";"Spain";305;"305";"305"
"568";-5.600676;36.500272;"Quercus fruticosa Brot.";NA;NA;NA;"http://creativecommons.org/licenses/by/4.0/legalcode";". Accessed from R via rgbif (https://github.com/ropensci/rgbif) on 2026-04-22";"Spain";305;"305";"305"
"569";-5.616666;36.495434;"Quercus fruticosa Brot.";NA;NA;NA;"http://creativecommons.org/licenses/by/4.0/legalcode";". Accessed from R via rgbif (https://github.com/ropensci/rgbif) on 2026-04-22";"Spain";305;"305";"305"
"570";-5.594445;36.493514;"Quercus fruticosa Brot.";NA;NA;NA;"http://creativecommons.org/licenses/by/4.0/legalcode";". Accessed from R via rgbif (https://github.com/ropensci/rgbif) on 2026-04-22";"Spain";305;"305";"305"
"571";-5.590926;36.490751;"Quercus fruticosa Brot.";NA;NA;NA;"http://creativecommons.org/licenses/by/4.0/legalcode";". Accessed from R via rgbif (https://github.com/ropensci/rgbif) on 2026-04-22";"Spain";305;"305";"305"
"572";-5.605105;36.501519;"Quercus fruticosa Brot.";NA;NA;NA;"http://creativecommons.org/licenses/by/4.0/legalcode";". Accessed from R via rgbif (https://github.com/ropensci/rgbif) on 2026-04-22";"Spain";305;"305";"305"
"573";-5.616804;36.494891;"Quercus fruticosa Brot.";NA;NA;NA;"http://creativecommons.org/licenses/by/4.0/legalcode";". Accessed from R via rgbif (https://github.com/ropensci/rgbif) on 2026-04-22";"Spain";305;"305";"305"
"574";-5.61697;36.491868;"Quercus fruticosa Brot.";NA;NA;NA;"http://creativecommons.org/licenses/by/4.0/legalcode";". Accessed from R via rgbif (https://github.com/ropensci/rgbif) on 2026-04-22";"Spain";305;"305";"305"
"575";-5.616954;36.532496;"Quercus fruticosa Brot.";NA;NA;NA;"http://creativecommons.org/licenses/by/4.0/legalcode";". Accessed from R via rgbif (https://github.com/ropensci/rgbif) on 2026-04-22";"Spain";305;"305";"305"
"576";-5.550934;36.508431;"Quercus fruticosa Brot.";NA;NA;NA;"http://creativecommons.org/licenses/by/4.0/legalcode";". Accessed from R via rgbif (https://github.com/ropensci/rgbif) on 2026-04-22";"Spain";305;"305";"305"
"577";-5.597983;36.506532;"Quercus fruticosa Brot.";NA;NA;NA;"http://creativecommons.org/licenses/by/4.0/legalcode";". Accessed from R via rgbif (https://github.com/ropensci/rgbif) on 2026-04-22";"Spain";305;"305";"305"
"578";-5.625805;36.513195;"Quercus fruticosa Brot.";NA;NA;NA;"http://creativecommons.org/licenses/by/4.0/legalcode";". Accessed from R via rgbif (https://github.com/ropensci/rgbif) on 2026-04-22";"Spain";305;"305";"305"
"579";-5.614745;36.502038;"Quercus fruticosa Brot.";NA;NA;NA;"http://creativecommons.org/licenses/by/4.0/legalcode";". Accessed from R via rgbif (https://github.com/ropensci/rgbif) on 2026-04-22";"Spain";305;"305";"305"
"580";-5.61881;36.531888;"Quercus fruticosa Brot.";NA;NA;NA;"http://creativecommons.org/licenses/by/4.0/legalcode";". Accessed from R via rgbif (https://github.com/ropensci/rgbif) on 2026-04-22";"Spain";305;"305";"305"
"581";-5.597675;36.505006;"Quercus fruticosa Brot.";NA;NA;NA;"http://creativecommons.org/licenses/by/4.0/legalcode";". Accessed from R via rgbif (https://github.com/ropensci/rgbif) on 2026-04-22";"Spain";305;"305";"305"
"582";-5.595643;36.468559;"Quercus fruticosa Brot.";NA;NA;NA;"http://creativecommons.org/licenses/by/4.0/legalcode";". Accessed from R via rgbif (https://github.com/ropensci/rgbif) on 2026-04-22";"Spain";305;"305";"305"
"583";-5.617934;36.505248;"Quercus fruticosa Brot.";NA;NA;NA;"http://creativecommons.org/licenses/by/4.0/legalcode";". Accessed from R via rgbif (https://github.com/ropensci/rgbif) on 2026-04-22";"Spain";305;"305";"305"
"584";-5.419167;36.554178;"Quercus fruticosa Brot.";NA;NA;NA;"http://creativecommons.org/licenses/by/4.0/legalcode";". Accessed from R via rgbif (https://github.com/ropensci/rgbif) on 2026-04-22";"Spain";305;"305";"305"
"585";-5.607464;36.502954;"Quercus fruticosa Brot.";NA;NA;NA;"http://creativecommons.org/licenses/by/4.0/legalcode";". Accessed from R via rgbif (https://github.com/ropensci/rgbif) on 2026-04-22";"Spain";305;"305";"305"
"586";-5.61259;36.509655;"Quercus fruticosa Brot.";NA;NA;NA;"http://creativecommons.org/licenses/by/4.0/legalcode";". Accessed from R via rgbif (https://github.com/ropensci/rgbif) on 2026-04-22";"Spain";305;"305";"305"
"587";-5.597324;36.504861;"Quercus fruticosa Brot.";NA;NA;NA;"http://creativecommons.org/licenses/by/4.0/legalcode";". Accessed from R via rgbif (https://github.com/ropensci/rgbif) on 2026-04-22";"Spain";305;"305";"305"
"588";-5.591195;36.496477;"Quercus fruticosa Brot.";NA;NA;NA;"http://creativecommons.org/licenses/by/4.0/legalcode";". Accessed from R via rgbif (https://github.com/ropensci/rgbif) on 2026-04-22";"Spain";305;"305";"305"
"589";-5.615587;36.497198;"Quercus fruticosa Brot.";NA;NA;NA;"http://creativecommons.org/licenses/by/4.0/legalcode";". Accessed from R via rgbif (https://github.com/ropensci/rgbif) on 2026-04-22";"Spain";305;"305";"305"
"590";-5.593318;36.490519;"Quercus fruticosa Brot.";NA;NA;NA;"http://creativecommons.org/licenses/by/4.0/legalcode";". Accessed from R via rgbif (https://github.com/ropensci/rgbif) on 2026-04-22";"Spain";305;"305";"305"
"591";-5.55058;36.510584;"Quercus fruticosa Brot.";NA;NA;NA;"http://creativecommons.org/licenses/by/4.0/legalcode";". Accessed from R via rgbif (https://github.com/ropensci/rgbif) on 2026-04-22";"Spain";305;"305";"305"
"592";-5.596247;36.469609;"Quercus fruticosa Brot.";NA;NA;NA;"http://creativecommons.org/licenses/by/4.0/legalcode";". Accessed from R via rgbif (https://github.com/ropensci/rgbif) on 2026-04-22";"Spain";305;"305";"305"
"593";-5.551787;36.510296;"Quercus fruticosa Brot.";NA;NA;NA;"http://creativecommons.org/licenses/by/4.0/legalcode";". Accessed from R via rgbif (https://github.com/ropensci/rgbif) on 2026-04-22";"Spain";305;"305";"305"
"594";-5.594341;36.502781;"Quercus fruticosa Brot.";NA;NA;NA;"http://creativecommons.org/licenses/by/4.0/legalcode";". Accessed from R via rgbif (https://github.com/ropensci/rgbif) on 2026-04-22";"Spain";305;"305";"305"
"595";-5.63888;36.511906;"Quercus fruticosa Brot.";NA;NA;NA;"http://creativecommons.org/licenses/by/4.0/legalcode";". Accessed from R via rgbif (https://github.com/ropensci/rgbif) on 2026-04-22";"Spain";305;"305";"305"
"596";-5.591582;36.488331;"Quercus fruticosa Brot.";NA;NA;NA;"http://creativecommons.org/licenses/by/4.0/legalcode";". Accessed from R via rgbif (https://github.com/ropensci/rgbif) on 2026-04-22";"Spain";305;"305";"305"
"597";-5.617143;36.492044;"Quercus fruticosa Brot.";NA;NA;NA;"http://creativecommons.org/licenses/by/4.0/legalcode";". Accessed from R via rgbif (https://github.com/ropensci/rgbif) on 2026-04-22";"Spain";305;"305";"305"
"598";-5.605063;36.502268;"Quercus fruticosa Brot.";NA;NA;NA;"http://creativecommons.org/licenses/by/4.0/legalcode";". Accessed from R via rgbif (https://github.com/ropensci/rgbif) on 2026-04-22";"Spain";305;"305";"305"
"599";-5.593005;36.502206;"Quercus fruticosa Brot.";NA;NA;NA;"http://creativecommons.org/licenses/by/4.0/legalcode";". Accessed from R via rgbif (https://github.com/ropensci/rgbif) on 2026-04-22";"Spain";305;"305";"305"
"600";-5.61129;36.505863;"Quercus fruticosa Brot.";NA;NA;NA;"http://creativecommons.org/licenses/by/4.0/legalcode";". Accessed from R via rgbif (https://github.com/ropensci/rgbif) on 2026-04-22";"Spain";305;"305";"305"
"601";-5.612683;36.532022;"Quercus fruticosa Brot.";NA;NA;NA;"http://creativecommons.org/licenses/by/4.0/legalcode";". Accessed from R via rgbif (https://github.com/ropensci/rgbif) on 2026-04-22";"Spain";305;"305";"305"
"602";-5.596699;36.483821;"Quercus fruticosa Brot.";NA;NA;NA;"http://creativecommons.org/licenses/by/4.0/legalcode";". Accessed from R via rgbif (https://github.com/ropensci/rgbif) on 2026-04-22";"Spain";305;"305";"305"
"603";-5.411315;36.550245;"Quercus fruticosa Brot.";NA;NA;NA;"http://creativecommons.org/licenses/by/4.0/legalcode";". Accessed from R via rgbif (https://github.com/ropensci/rgbif) on 2026-04-22";"Spain";305;"305";"305"
"604";-5.610061;36.503168;"Quercus fruticosa Brot.";NA;NA;NA;"http://creativecommons.org/licenses/by/4.0/legalcode";". Accessed from R via rgbif (https://github.com/ropensci/rgbif) on 2026-04-22";"Spain";305;"305";"305"
"605";-5.612788;36.491644;"Quercus fruticosa Brot.";NA;NA;NA;"http://creativecommons.org/licenses/by/4.0/legalcode";". Accessed from R via rgbif (https://github.com/ropensci/rgbif) on 2026-04-22";"Spain";305;"305";"305"
"606";-5.617776;36.53237;"Quercus fruticosa Brot.";NA;NA;NA;"http://creativecommons.org/licenses/by/4.0/legalcode";". Accessed from R via rgbif (https://github.com/ropensci/rgbif) on 2026-04-22";"Spain";305;"305";"305"
"607";-5.60899;36.505516;"Quercus fruticosa Brot.";NA;NA;NA;"http://creativecommons.org/licenses/by/4.0/legalcode";". Accessed from R via rgbif (https://github.com/ropensci/rgbif) on 2026-04-22";"Spain";305;"305";"305"
"608";-5.593996;36.487431;"Quercus fruticosa Brot.";NA;NA;NA;"http://creativecommons.org/licenses/by/4.0/legalcode";". Accessed from R via rgbif (https://github.com/ropensci/rgbif) on 2026-04-22";"Spain";305;"305";"305"
"609";-5.617215;36.493187;"Quercus fruticosa Brot.";NA;NA;NA;"http://creativecommons.org/licenses/by/4.0/legalcode";". Accessed from R via rgbif (https://github.com/ropensci/rgbif) on 2026-04-22";"Spain";305;"305";"305"
"610";-5.558724;36.105754;"Quercus fruticosa Brot.";NA;NA;NA;"http://creativecommons.org/licenses/by/4.0/legalcode";". Accessed from R via rgbif (https://github.com/ropensci/rgbif) on 2026-04-22";"Spain";305;"305";"305"
"611";-5.616838;36.501199;"Quercus fruticosa Brot.";NA;NA;NA;"http://creativecommons.org/licenses/by/4.0/legalcode";". Accessed from R via rgbif (https://github.com/ropensci/rgbif) on 2026-04-22";"Spain";305;"305";"305"
"612";-5.612291;36.502416;"Quercus fruticosa Brot.";NA;NA;NA;"http://creativecommons.org/licenses/by/4.0/legalcode";". Accessed from R via rgbif (https://github.com/ropensci/rgbif) on 2026-04-22";"Spain";305;"305";"305"
"613";-5.619868;36.514606;"Quercus fruticosa Brot.";NA;NA;NA;"http://creativecommons.org/licenses/by/4.0/legalcode";". Accessed from R via rgbif (https://github.com/ropensci/rgbif) on 2026-04-22";"Spain";305;"305";"305"
"614";-5.417388;36.555169;"Quercus fruticosa Brot.";NA;NA;NA;"http://creativecommons.org/licenses/by/4.0/legalcode";". Accessed from R via rgbif (https://github.com/ropensci/rgbif) on 2026-04-22";"Spain";305;"305";"305"
"615";-5.596555;36.505238;"Quercus fruticosa Brot.";NA;NA;NA;"http://creativecommons.org/licenses/by/4.0/legalcode";". Accessed from R via rgbif (https://github.com/ropensci/rgbif) on 2026-04-22";"Spain";305;"305";"305"
"616";-5.616438;36.532417;"Quercus fruticosa Brot.";NA;NA;NA;"http://creativecommons.org/licenses/by/4.0/legalcode";". Accessed from R via rgbif (https://github.com/ropensci/rgbif) on 2026-04-22";"Spain";305;"305";"305"
"617";-5.639088;36.512118;"Quercus fruticosa Brot.";NA;NA;NA;"http://creativecommons.org/licenses/by/4.0/legalcode";". Accessed from R via rgbif (https://github.com/ropensci/rgbif) on 2026-04-22";"Spain";305;"305";"305"
"618";-5.612547;36.462873;"Quercus fruticosa Brot.";NA;NA;NA;"http://creativecommons.org/licenses/by/4.0/legalcode";". Accessed from R via rgbif (https://github.com/ropensci/rgbif) on 2026-04-22";"Spain";305;"305";"305"
"619";-5.599692;36.483197;"Quercus fruticosa Brot.";NA;NA;NA;"http://creativecommons.org/licenses/by/4.0/legalcode";". Accessed from R via rgbif (https://github.com/ropensci/rgbif) on 2026-04-22";"Spain";305;"305";"305"
"620";-5.601039;36.485097;"Quercus fruticosa Brot.";NA;NA;NA;"http://creativecommons.org/licenses/by/4.0/legalcode";". Accessed from R via rgbif (https://github.com/ropensci/rgbif) on 2026-04-22";"Spain";305;"305";"305"
"621";-5.420254;36.55393;"Quercus fruticosa Brot.";NA;NA;NA;"http://creativecommons.org/licenses/by/4.0/legalcode";". Accessed from R via rgbif (https://github.com/ropensci/rgbif) on 2026-04-22";"Spain";305;"305";"305"
"622";-5.551112;36.51014;"Quercus fruticosa Brot.";NA;NA;NA;"http://creativecommons.org/licenses/by/4.0/legalcode";". Accessed from R via rgbif (https://github.com/ropensci/rgbif) on 2026-04-22";"Spain";305;"305";"305"
"623";-5.59767;36.505845;"Quercus fruticosa Brot.";NA;NA;NA;"http://creativecommons.org/licenses/by/4.0/legalcode";". Accessed from R via rgbif (https://github.com/ropensci/rgbif) on 2026-04-22";"Spain";305;"305";"305"
"624";-5.610949;36.504365;"Quercus fruticosa Brot.";NA;NA;NA;"http://creativecommons.org/licenses/by/4.0/legalcode";". Accessed from R via rgbif (https://github.com/ropensci/rgbif) on 2026-04-22";"Spain";305;"305";"305"
"625";-5.415706;36.555681;"Quercus fruticosa Brot.";NA;NA;NA;"http://creativecommons.org/licenses/by/4.0/legalcode";". Accessed from R via rgbif (https://github.com/ropensci/rgbif) on 2026-04-22";"Spain";305;"305";"305"
"626";-5.611048;36.505652;"Quercus fruticosa Brot.";NA;NA;NA;"http://creativecommons.org/licenses/by/4.0/legalcode";". Accessed from R via rgbif (https://github.com/ropensci/rgbif) on 2026-04-22";"Spain";305;"305";"305"
"627";-5.611415;36.505941;"Quercus fruticosa Brot.";NA;NA;NA;"http://creativecommons.org/licenses/by/4.0/legalcode";". Accessed from R via rgbif (https://github.com/ropensci/rgbif) on 2026-04-22";"Spain";305;"305";"305"
"628";-5.618686;36.51465;"Quercus fruticosa Brot.";NA;NA;NA;"http://creativecommons.org/licenses/by/4.0/legalcode";". Accessed from R via rgbif (https://github.com/ropensci/rgbif) on 2026-04-22";"Spain";305;"305";"305"
"629";-5.593932;36.4912;"Quercus fruticosa Brot.";NA;NA;NA;"http://creativecommons.org/licenses/by/4.0/legalcode";". Accessed from R via rgbif (https://github.com/ropensci/rgbif) on 2026-04-22";"Spain";305;"305";"305"
"630";-5.593076;36.497644;"Quercus fruticosa Brot.";NA;NA;NA;"http://creativecommons.org/licenses/by/4.0/legalcode";". Accessed from R via rgbif (https://github.com/ropensci/rgbif) on 2026-04-22";"Spain";305;"305";"305"
"631";-5.609663;36.499625;"Quercus fruticosa Brot.";NA;NA;NA;"http://creativecommons.org/licenses/by/4.0/legalcode";". Accessed from R via rgbif (https://github.com/ropensci/rgbif) on 2026-04-22";"Spain";305;"305";"305"
"632";-5.612362;36.5009;"Quercus fruticosa Brot.";NA;NA;NA;"http://creativecommons.org/licenses/by/4.0/legalcode";". Accessed from R via rgbif (https://github.com/ropensci/rgbif) on 2026-04-22";"Spain";305;"305";"305"
"633";-5.616;36.506147;"Quercus fruticosa Brot.";NA;NA;NA;"http://creativecommons.org/licenses/by/4.0/legalcode";". Accessed from R via rgbif (https://github.com/ropensci/rgbif) on 2026-04-22";"Spain";305;"305";"305"
"634";-5.599282;36.484612;"Quercus fruticosa Brot.";NA;NA;NA;"http://creativecommons.org/licenses/by/4.0/legalcode";". Accessed from R via rgbif (https://github.com/ropensci/rgbif) on 2026-04-22";"Spain";305;"305";"305"
"635";-5.55247;36.509993;"Quercus fruticosa Brot.";NA;NA;NA;"http://creativecommons.org/licenses/by/4.0/legalcode";". Accessed from R via rgbif (https://github.com/ropensci/rgbif) on 2026-04-22";"Spain";305;"305";"305"
"636";-5.591781;36.489606;"Quercus fruticosa Brot.";NA;NA;NA;"http://creativecommons.org/licenses/by/4.0/legalcode";". Accessed from R via rgbif (https://github.com/ropensci/rgbif) on 2026-04-22";"Spain";305;"305";"305"
"637";-5.614335;36.502119;"Quercus fruticosa Brot.";NA;NA;NA;"http://creativecommons.org/licenses/by/4.0/legalcode";". Accessed from R via rgbif (https://github.com/ropensci/rgbif) on 2026-04-22";"Spain";305;"305";"305"
"638";-5.559495;36.102483;"Quercus fruticosa Brot.";NA;NA;NA;"http://creativecommons.org/licenses/by/4.0/legalcode";". Accessed from R via rgbif (https://github.com/ropensci/rgbif) on 2026-04-22";"Spain";305;"305";"305"
"639";-5.601239;36.501765;"Quercus fruticosa Brot.";NA;NA;NA;"http://creativecommons.org/licenses/by/4.0/legalcode";". Accessed from R via rgbif (https://github.com/ropensci/rgbif) on 2026-04-22";"Spain";305;"305";"305"
"640";-5.599771;36.483881;"Quercus fruticosa Brot.";NA;NA;NA;"http://creativecommons.org/licenses/by/4.0/legalcode";". Accessed from R via rgbif (https://github.com/ropensci/rgbif) on 2026-04-22";"Spain";305;"305";"305"
"641";-5.592864;36.501993;"Quercus fruticosa Brot.";NA;NA;NA;"http://creativecommons.org/licenses/by/4.0/legalcode";". Accessed from R via rgbif (https://github.com/ropensci/rgbif) on 2026-04-22";"Spain";305;"305";"305"
"642";-5.609362;36.497649;"Quercus fruticosa Brot.";NA;NA;NA;"http://creativecommons.org/licenses/by/4.0/legalcode";". Accessed from R via rgbif (https://github.com/ropensci/rgbif) on 2026-04-22";"Spain";305;"305";"305"
"643";-5.550892;36.510216;"Quercus fruticosa Brot.";NA;NA;NA;"http://creativecommons.org/licenses/by/4.0/legalcode";". Accessed from R via rgbif (https://github.com/ropensci/rgbif) on 2026-04-22";"Spain";305;"305";"305"
"644";-5.5913;36.499629;"Quercus fruticosa Brot.";NA;NA;NA;"http://creativecommons.org/licenses/by/4.0/legalcode";". Accessed from R via rgbif (https://github.com/ropensci/rgbif) on 2026-04-22";"Spain";305;"305";"305"
"645";-5.616876;36.504316;"Quercus fruticosa Brot.";NA;NA;NA;"http://creativecommons.org/licenses/by/4.0/legalcode";". Accessed from R via rgbif (https://github.com/ropensci/rgbif) on 2026-04-22";"Spain";305;"305";"305"
"646";-5.608079;36.500327;"Quercus fruticosa Brot.";NA;NA;NA;"http://creativecommons.org/licenses/by/4.0/legalcode";". Accessed from R via rgbif (https://github.com/ropensci/rgbif) on 2026-04-22";"Spain";305;"305";"305"
"647";-5.598639;36.482094;"Quercus fruticosa Brot.";NA;NA;NA;"http://creativecommons.org/licenses/by/4.0/legalcode";". Accessed from R via rgbif (https://github.com/ropensci/rgbif) on 2026-04-22";"Spain";305;"305";"305"
"648";-5.547415;36.51075;"Quercus fruticosa Brot.";NA;NA;NA;"http://creativecommons.org/licenses/by/4.0/legalcode";". Accessed from R via rgbif (https://github.com/ropensci/rgbif) on 2026-04-22";"Spain";305;"305";"305"
"649";-5.600136;36.481133;"Quercus fruticosa Brot.";NA;NA;NA;"http://creativecommons.org/licenses/by/4.0/legalcode";". Accessed from R via rgbif (https://github.com/ropensci/rgbif) on 2026-04-22";"Spain";305;"305";"305"
"650";-5.54864;36.508615;"Quercus fruticosa Brot.";NA;NA;NA;"http://creativecommons.org/licenses/by/4.0/legalcode";". Accessed from R via rgbif (https://github.com/ropensci/rgbif) on 2026-04-22";"Spain";305;"305";"305"
"651";-5.591434;36.488911;"Quercus fruticosa Brot.";NA;NA;NA;"http://creativecommons.org/licenses/by/4.0/legalcode";". Accessed from R via rgbif (https://github.com/ropensci/rgbif) on 2026-04-22";"Spain";305;"305";"305"
"652";-5.546254;36.510424;"Quercus fruticosa Brot.";NA;NA;NA;"http://creativecommons.org/licenses/by/4.0/legalcode";". Accessed from R via rgbif (https://github.com/ropensci/rgbif) on 2026-04-22";"Spain";305;"305";"305"
"653";-5.598329;36.483506;"Quercus fruticosa Brot.";NA;NA;NA;"http://creativecommons.org/licenses/by/4.0/legalcode";". Accessed from R via rgbif (https://github.com/ropensci/rgbif) on 2026-04-22";"Spain";305;"305";"305"
"654";-5.639059;36.513236;"Quercus fruticosa Brot.";NA;NA;NA;"http://creativecommons.org/licenses/by/4.0/legalcode";". Accessed from R via rgbif (https://github.com/ropensci/rgbif) on 2026-04-22";"Spain";305;"305";"305"
"655";-5.615105;36.501453;"Quercus fruticosa Brot.";NA;NA;NA;"http://creativecommons.org/licenses/by/4.0/legalcode";". Accessed from R via rgbif (https://github.com/ropensci/rgbif) on 2026-04-22";"Spain";305;"305";"305"
"656";-5.410428;36.553715;"Quercus fruticosa Brot.";NA;NA;NA;"http://creativecommons.org/licenses/by/4.0/legalcode";". Accessed from R via rgbif (https://github.com/ropensci/rgbif) on 2026-04-22";"Spain";305;"305";"305"
"657";-5.410019;36.552047;"Quercus fruticosa Brot.";NA;NA;NA;"http://creativecommons.org/licenses/by/4.0/legalcode";". Accessed from R via rgbif (https://github.com/ropensci/rgbif) on 2026-04-22";"Spain";305;"305";"305"
"658";-5.608986;36.50475;"Quercus fruticosa Brot.";NA;NA;NA;"http://creativecommons.org/licenses/by/4.0/legalcode";". Accessed from R via rgbif (https://github.com/ropensci/rgbif) on 2026-04-22";"Spain";305;"305";"305"
"659";-5.408007;36.554872;"Quercus fruticosa Brot.";NA;NA;NA;"http://creativecommons.org/licenses/by/4.0/legalcode";". Accessed from R via rgbif (https://github.com/ropensci/rgbif) on 2026-04-22";"Spain";305;"305";"305"
"660";-5.609844;36.499036;"Quercus fruticosa Brot.";NA;NA;NA;"http://creativecommons.org/licenses/by/4.0/legalcode";". Accessed from R via rgbif (https://github.com/ropensci/rgbif) on 2026-04-22";"Spain";305;"305";"305"
"661";-5.629164;36.510823;"Quercus fruticosa Brot.";NA;NA;NA;"http://creativecommons.org/licenses/by/4.0/legalcode";". Accessed from R via rgbif (https://github.com/ropensci/rgbif) on 2026-04-22";"Spain";305;"305";"305"
"662";-5.416826;36.554324;"Quercus fruticosa Brot.";NA;NA;NA;"http://creativecommons.org/licenses/by/4.0/legalcode";". Accessed from R via rgbif (https://github.com/ropensci/rgbif) on 2026-04-22";"Spain";305;"305";"305"
"663";-5.612708;36.499892;"Quercus fruticosa Brot.";NA;NA;NA;"http://creativecommons.org/licenses/by/4.0/legalcode";". Accessed from R via rgbif (https://github.com/ropensci/rgbif) on 2026-04-22";"Spain";305;"305";"305"
"664";-5.411985;36.554927;"Quercus fruticosa Brot.";NA;NA;NA;"http://creativecommons.org/licenses/by/4.0/legalcode";". Accessed from R via rgbif (https://github.com/ropensci/rgbif) on 2026-04-22";"Spain";305;"305";"305"
"665";-5.616536;36.503837;"Quercus fruticosa Brot.";NA;NA;NA;"http://creativecommons.org/licenses/by/4.0/legalcode";". Accessed from R via rgbif (https://github.com/ropensci/rgbif) on 2026-04-22";"Spain";305;"305";"305"
"666";-5.59069;36.499408;"Quercus fruticosa Brot.";NA;NA;NA;"http://creativecommons.org/licenses/by/4.0/legalcode";". Accessed from R via rgbif (https://github.com/ropensci/rgbif) on 2026-04-22";"Spain";305;"305";"305"
"667";-5.608786;36.491795;"Quercus fruticosa Brot.";NA;NA;NA;"http://creativecommons.org/licenses/by/4.0/legalcode";". Accessed from R via rgbif (https://github.com/ropensci/rgbif) on 2026-04-22";"Spain";305;"305";"305"
"668";-5.610178;36.495676;"Quercus fruticosa Brot.";NA;NA;NA;"http://creativecommons.org/licenses/by/4.0/legalcode";". Accessed from R via rgbif (https://github.com/ropensci/rgbif) on 2026-04-22";"Spain";305;"305";"305"
"669";-5.605236;36.502102;"Quercus fruticosa Brot.";NA;NA;NA;"http://creativecommons.org/licenses/by/4.0/legalcode";". Accessed from R via rgbif (https://github.com/ropensci/rgbif) on 2026-04-22";"Spain";305;"305";"305"
"670";-5.560876;36.104293;"Quercus fruticosa Brot.";NA;NA;NA;"http://creativecommons.org/licenses/by/4.0/legalcode";". Accessed from R via rgbif (https://github.com/ropensci/rgbif) on 2026-04-22";"Spain";305;"305";"305"
"671";-5.413218;36.555776;"Quercus fruticosa Brot.";NA;NA;NA;"http://creativecommons.org/licenses/by/4.0/legalcode";". Accessed from R via rgbif (https://github.com/ropensci/rgbif) on 2026-04-22";"Spain";305;"305";"305"
"672";-5.591787;36.495473;"Quercus fruticosa Brot.";NA;NA;NA;"http://creativecommons.org/licenses/by/4.0/legalcode";". Accessed from R via rgbif (https://github.com/ropensci/rgbif) on 2026-04-22";"Spain";305;"305";"305"
"673";-5.5353;36.094715;"Quercus fruticosa Brot.";NA;NA;NA;"http://creativecommons.org/licenses/by/4.0/legalcode";". Accessed from R via rgbif (https://github.com/ropensci/rgbif) on 2026-04-22";"Spain";305;"305";"305"
"674";-5.595705;36.488142;"Quercus fruticosa Brot.";NA;NA;NA;"http://creativecommons.org/licenses/by/4.0/legalcode";". Accessed from R via rgbif (https://github.com/ropensci/rgbif) on 2026-04-22";"Spain";305;"305";"305"
"675";-5.616438;36.503596;"Quercus fruticosa Brot.";NA;NA;NA;"http://creativecommons.org/licenses/by/4.0/legalcode";". Accessed from R via rgbif (https://github.com/ropensci/rgbif) on 2026-04-22";"Spain";305;"305";"305"
"676";-5.559571;36.101743;"Quercus fruticosa Brot.";NA;NA;NA;"http://creativecommons.org/licenses/by/4.0/legalcode";". Accessed from R via rgbif (https://github.com/ropensci/rgbif) on 2026-04-22";"Spain";305;"305";"305"
"677";-5.594626;36.487255;"Quercus fruticosa Brot.";NA;NA;NA;"http://creativecommons.org/licenses/by/4.0/legalcode";". Accessed from R via rgbif (https://github.com/ropensci/rgbif) on 2026-04-22";"Spain";305;"305";"305"
"678";-5.599677;36.483414;"Quercus fruticosa Brot.";NA;NA;NA;"http://creativecommons.org/licenses/by/4.0/legalcode";". Accessed from R via rgbif (https://github.com/ropensci/rgbif) on 2026-04-22";"Spain";305;"305";"305"
"679";-5.591537;36.49802;"Quercus fruticosa Brot.";NA;NA;NA;"http://creativecommons.org/licenses/by/4.0/legalcode";". Accessed from R via rgbif (https://github.com/ropensci/rgbif) on 2026-04-22";"Spain";305;"305";"305"
"680";-5.593062;36.49221;"Quercus fruticosa Brot.";NA;NA;NA;"http://creativecommons.org/licenses/by/4.0/legalcode";". Accessed from R via rgbif (https://github.com/ropensci/rgbif) on 2026-04-22";"Spain";305;"305";"305"
"681";-5.411841;36.553866;"Quercus fruticosa Brot.";NA;NA;NA;"http://creativecommons.org/licenses/by/4.0/legalcode";". Accessed from R via rgbif (https://github.com/ropensci/rgbif) on 2026-04-22";"Spain";305;"305";"305"
"682";-5.418853;36.556644;"Quercus fruticosa Brot.";NA;NA;NA;"http://creativecommons.org/licenses/by/4.0/legalcode";". Accessed from R via rgbif (https://github.com/ropensci/rgbif) on 2026-04-22";"Spain";305;"305";"305"
"683";-5.609983;36.499853;"Quercus fruticosa Brot.";NA;NA;NA;"http://creativecommons.org/licenses/by/4.0/legalcode";". Accessed from R via rgbif (https://github.com/ropensci/rgbif) on 2026-04-22";"Spain";305;"305";"305"
"684";-5.594807;36.487639;"Quercus fruticosa Brot.";NA;NA;NA;"http://creativecommons.org/licenses/by/4.0/legalcode";". Accessed from R via rgbif (https://github.com/ropensci/rgbif) on 2026-04-22";"Spain";305;"305";"305"
"685";-5.595349;36.483157;"Quercus fruticosa Brot.";NA;NA;NA;"http://creativecommons.org/licenses/by/4.0/legalcode";". Accessed from R via rgbif (https://github.com/ropensci/rgbif) on 2026-04-22";"Spain";305;"305";"305"
"686";-5.59659;36.47017;"Quercus fruticosa Brot.";NA;NA;NA;"http://creativecommons.org/licenses/by/4.0/legalcode";". Accessed from R via rgbif (https://github.com/ropensci/rgbif) on 2026-04-22";"Spain";305;"305";"305"
"687";-5.6074;36.496385;"Quercus fruticosa Brot.";NA;NA;NA;"http://creativecommons.org/licenses/by/4.0/legalcode";". Accessed from R via rgbif (https://github.com/ropensci/rgbif) on 2026-04-22";"Spain";305;"305";"305"
"688";-5.609258;36.500878;"Quercus fruticosa Brot.";NA;NA;NA;"http://creativecommons.org/licenses/by/4.0/legalcode";". Accessed from R via rgbif (https://github.com/ropensci/rgbif) on 2026-04-22";"Spain";305;"305";"305"
"689";-5.591976;36.501165;"Quercus fruticosa Brot.";NA;NA;NA;"http://creativecommons.org/licenses/by/4.0/legalcode";". Accessed from R via rgbif (https://github.com/ropensci/rgbif) on 2026-04-22";"Spain";305;"305";"305"
"690";-5.614273;36.462772;"Quercus fruticosa Brot.";NA;NA;NA;"http://creativecommons.org/licenses/by/4.0/legalcode";". Accessed from R via rgbif (https://github.com/ropensci/rgbif) on 2026-04-22";"Spain";305;"305";"305"
"691";-5.415473;36.553577;"Quercus fruticosa Brot.";NA;NA;NA;"http://creativecommons.org/licenses/by/4.0/legalcode";". Accessed from R via rgbif (https://github.com/ropensci/rgbif) on 2026-04-22";"Spain";305;"305";"305"
"692";-5.619909;36.514821;"Quercus fruticosa Brot.";NA;NA;NA;"http://creativecommons.org/licenses/by/4.0/legalcode";". Accessed from R via rgbif (https://github.com/ropensci/rgbif) on 2026-04-22";"Spain";305;"305";"305"
"693";-5.613487;36.50348;"Quercus fruticosa Brot.";NA;NA;NA;"http://creativecommons.org/licenses/by/4.0/legalcode";". Accessed from R via rgbif (https://github.com/ropensci/rgbif) on 2026-04-22";"Spain";305;"305";"305"
"694";-5.619036;36.51475;"Quercus fruticosa Brot.";NA;NA;NA;"http://creativecommons.org/licenses/by/4.0/legalcode";". Accessed from R via rgbif (https://github.com/ropensci/rgbif) on 2026-04-22";"Spain";305;"305";"305"
"695";-5.618701;36.53198;"Quercus fruticosa Brot.";NA;NA;NA;"http://creativecommons.org/licenses/by/4.0/legalcode";". Accessed from R via rgbif (https://github.com/ropensci/rgbif) on 2026-04-22";"Spain";305;"305";"305"
"696";-5.598565;36.485205;"Quercus fruticosa Brot.";NA;NA;NA;"http://creativecommons.org/licenses/by/4.0/legalcode";". Accessed from R via rgbif (https://github.com/ropensci/rgbif) on 2026-04-22";"Spain";305;"305";"305"
"697";-5.409901;36.552572;"Quercus fruticosa Brot.";NA;NA;NA;"http://creativecommons.org/licenses/by/4.0/legalcode";". Accessed from R via rgbif (https://github.com/ropensci/rgbif) on 2026-04-22";"Spain";305;"305";"305"
"698";-5.613962;36.503326;"Quercus fruticosa Brot.";NA;NA;NA;"http://creativecommons.org/licenses/by/4.0/legalcode";". Accessed from R via rgbif (https://github.com/ropensci/rgbif) on 2026-04-22";"Spain";305;"305";"305"
"699";-5.593564;36.491199;"Quercus fruticosa Brot.";NA;NA;NA;"http://creativecommons.org/licenses/by/4.0/legalcode";". Accessed from R via rgbif (https://github.com/ropensci/rgbif) on 2026-04-22";"Spain";305;"305";"305"
"700";-5.536041;36.09186;"Quercus fruticosa Brot.";NA;NA;NA;"http://creativecommons.org/licenses/by/4.0/legalcode";". Accessed from R via rgbif (https://github.com/ropensci/rgbif) on 2026-04-22";"Spain";305;"305";"305"
"701";-5.59136;36.49541;"Quercus fruticosa Brot.";NA;NA;NA;"http://creativecommons.org/licenses/by/4.0/legalcode";". Accessed from R via rgbif (https://github.com/ropensci/rgbif) on 2026-04-22";"Spain";305;"305";"305"
"702";-5.600177;36.500382;"Quercus fruticosa Brot.";NA;NA;NA;"http://creativecommons.org/licenses/by/4.0/legalcode";". Accessed from R via rgbif (https://github.com/ropensci/rgbif) on 2026-04-22";"Spain";305;"305";"305"
"703";-5.613522;36.462022;"Quercus fruticosa Brot.";NA;NA;NA;"http://creativecommons.org/licenses/by/4.0/legalcode";". Accessed from R via rgbif (https://github.com/ropensci/rgbif) on 2026-04-22";"Spain";305;"305";"305"
"704";-5.407283;36.554589;"Quercus fruticosa Brot.";NA;NA;NA;"http://creativecommons.org/licenses/by/4.0/legalcode";". Accessed from R via rgbif (https://github.com/ropensci/rgbif) on 2026-04-22";"Spain";305;"305";"305"
"705";-5.419598;36.558306;"Quercus fruticosa Brot.";NA;NA;NA;"http://creativecommons.org/licenses/by/4.0/legalcode";". Accessed from R via rgbif (https://github.com/ropensci/rgbif) on 2026-04-22";"Spain";305;"305";"305"
"706";-5.612075;36.53318;"Quercus fruticosa Brot.";NA;NA;NA;"http://creativecommons.org/licenses/by/4.0/legalcode";". Accessed from R via rgbif (https://github.com/ropensci/rgbif) on 2026-04-22";"Spain";305;"305";"305"
"707";-5.607189;36.503429;"Quercus fruticosa Brot.";NA;NA;NA;"http://creativecommons.org/licenses/by/4.0/legalcode";". Accessed from R via rgbif (https://github.com/ropensci/rgbif) on 2026-04-22";"Spain";305;"305";"305"
"708";-5.592024;36.487537;"Quercus fruticosa Brot.";NA;NA;NA;"http://creativecommons.org/licenses/by/4.0/legalcode";". Accessed from R via rgbif (https://github.com/ropensci/rgbif) on 2026-04-22";"Spain";305;"305";"305"
"709";-5.412088;36.549968;"Quercus fruticosa Brot.";NA;NA;NA;"http://creativecommons.org/licenses/by/4.0/legalcode";". Accessed from R via rgbif (https://github.com/ropensci/rgbif) on 2026-04-22";"Spain";305;"305";"305"
"710";-5.592858;36.490114;"Quercus fruticosa Brot.";NA;NA;NA;"http://creativecommons.org/licenses/by/4.0/legalcode";". Accessed from R via rgbif (https://github.com/ropensci/rgbif) on 2026-04-22";"Spain";305;"305";"305"
"711";-5.608391;36.503312;"Quercus fruticosa Brot.";NA;NA;NA;"http://creativecommons.org/licenses/by/4.0/legalcode";". Accessed from R via rgbif (https://github.com/ropensci/rgbif) on 2026-04-22";"Spain";305;"305";"305"
"712";-5.593527;36.490776;"Quercus fruticosa Brot.";NA;NA;NA;"http://creativecommons.org/licenses/by/4.0/legalcode";". Accessed from R via rgbif (https://github.com/ropensci/rgbif) on 2026-04-22";"Spain";305;"305";"305"
"713";-5.611401;36.505193;"Quercus fruticosa Brot.";NA;NA;NA;"http://creativecommons.org/licenses/by/4.0/legalcode";". Accessed from R via rgbif (https://github.com/ropensci/rgbif) on 2026-04-22";"Spain";305;"305";"305"
"714";-5.592788;36.492045;"Quercus fruticosa Brot.";NA;NA;NA;"http://creativecommons.org/licenses/by/4.0/legalcode";". Accessed from R via rgbif (https://github.com/ropensci/rgbif) on 2026-04-22";"Spain";305;"305";"305"
"715";-5.611337;36.506276;"Quercus fruticosa Brot.";NA;NA;NA;"http://creativecommons.org/licenses/by/4.0/legalcode";". Accessed from R via rgbif (https://github.com/ropensci/rgbif) on 2026-04-22";"Spain";305;"305";"305"
"716";-5.41891;36.555228;"Quercus fruticosa Brot.";NA;NA;NA;"http://creativecommons.org/licenses/by/4.0/legalcode";". Accessed from R via rgbif (https://github.com/ropensci/rgbif) on 2026-04-22";"Spain";305;"305";"305"
"717";-5.608174;36.504498;"Quercus fruticosa Brot.";NA;NA;NA;"http://creativecommons.org/licenses/by/4.0/legalcode";". Accessed from R via rgbif (https://github.com/ropensci/rgbif) on 2026-04-22";"Spain";305;"305";"305"
"718";-5.558846;36.104372;"Quercus fruticosa Brot.";NA;NA;NA;"http://creativecommons.org/licenses/by/4.0/legalcode";". Accessed from R via rgbif (https://github.com/ropensci/rgbif) on 2026-04-22";"Spain";305;"305";"305"
"719";-5.639897;36.514236;"Quercus fruticosa Brot.";NA;NA;NA;"http://creativecommons.org/licenses/by/4.0/legalcode";". Accessed from R via rgbif (https://github.com/ropensci/rgbif) on 2026-04-22";"Spain";305;"305";"305"
"720";-5.599199;36.489472;"Quercus fruticosa Brot.";NA;NA;NA;"http://creativecommons.org/licenses/by/4.0/legalcode";". Accessed from R via rgbif (https://github.com/ropensci/rgbif) on 2026-04-22";"Spain";305;"305";"305"
"721";-5.625738;36.511205;"Quercus fruticosa Brot.";NA;NA;NA;"http://creativecommons.org/licenses/by/4.0/legalcode";". Accessed from R via rgbif (https://github.com/ropensci/rgbif) on 2026-04-22";"Spain";305;"305";"305"
"722";-5.593412;36.4977;"Quercus fruticosa Brot.";NA;NA;NA;"http://creativecommons.org/licenses/by/4.0/legalcode";". Accessed from R via rgbif (https://github.com/ropensci/rgbif) on 2026-04-22";"Spain";305;"305";"305"
"723";-5.411042;36.550818;"Quercus fruticosa Brot.";NA;NA;NA;"http://creativecommons.org/licenses/by/4.0/legalcode";". Accessed from R via rgbif (https://github.com/ropensci/rgbif) on 2026-04-22";"Spain";305;"305";"305"
"724";-5.593601;36.491639;"Quercus fruticosa Brot.";NA;NA;NA;"http://creativecommons.org/licenses/by/4.0/legalcode";". Accessed from R via rgbif (https://github.com/ropensci/rgbif) on 2026-04-22";"Spain";305;"305";"305"
"725";-5.635395;36.511199;"Quercus fruticosa Brot.";NA;NA;NA;"http://creativecommons.org/licenses/by/4.0/legalcode";". Accessed from R via rgbif (https://github.com/ropensci/rgbif) on 2026-04-22";"Spain";305;"305";"305"
"726";-5.615059;36.506411;"Quercus fruticosa Brot.";NA;NA;NA;"http://creativecommons.org/licenses/by/4.0/legalcode";". Accessed from R via rgbif (https://github.com/ropensci/rgbif) on 2026-04-22";"Spain";305;"305";"305"
"727";-5.417819;36.556783;"Quercus fruticosa Brot.";NA;NA;NA;"http://creativecommons.org/licenses/by/4.0/legalcode";". Accessed from R via rgbif (https://github.com/ropensci/rgbif) on 2026-04-22";"Spain";305;"305";"305"
"728";-5.591879;36.501266;"Quercus fruticosa Brot.";NA;NA;NA;"http://creativecommons.org/licenses/by/4.0/legalcode";". Accessed from R via rgbif (https://github.com/ropensci/rgbif) on 2026-04-22";"Spain";305;"305";"305"
"729";-5.599693;36.484243;"Quercus fruticosa Brot.";NA;NA;NA;"http://creativecommons.org/licenses/by/4.0/legalcode";". Accessed from R via rgbif (https://github.com/ropensci/rgbif) on 2026-04-22";"Spain";305;"305";"305"
"730";-5.616801;36.534906;"Quercus fruticosa Brot.";NA;NA;NA;"http://creativecommons.org/licenses/by/4.0/legalcode";". Accessed from R via rgbif (https://github.com/ropensci/rgbif) on 2026-04-22";"Spain";305;"305";"305"
"731";-5.596954;36.505139;"Quercus fruticosa Brot.";NA;NA;NA;"http://creativecommons.org/licenses/by/4.0/legalcode";". Accessed from R via rgbif (https://github.com/ropensci/rgbif) on 2026-04-22";"Spain";305;"305";"305"
"732";-5.407253;36.555068;"Quercus fruticosa Brot.";NA;NA;NA;"http://creativecommons.org/licenses/by/4.0/legalcode";". Accessed from R via rgbif (https://github.com/ropensci/rgbif) on 2026-04-22";"Spain";305;"305";"305"
"733";-5.616053;36.501441;"Quercus fruticosa Brot.";NA;NA;NA;"http://creativecommons.org/licenses/by/4.0/legalcode";". Accessed from R via rgbif (https://github.com/ropensci/rgbif) on 2026-04-22";"Spain";305;"305";"305"
"734";-5.619164;36.531781;"Quercus fruticosa Brot.";NA;NA;NA;"http://creativecommons.org/licenses/by/4.0/legalcode";". Accessed from R via rgbif (https://github.com/ropensci/rgbif) on 2026-04-22";"Spain";305;"305";"305"
"735";-5.591194;36.500479;"Quercus fruticosa Brot.";NA;NA;NA;"http://creativecommons.org/licenses/by/4.0/legalcode";". Accessed from R via rgbif (https://github.com/ropensci/rgbif) on 2026-04-22";"Spain";305;"305";"305"
"736";-5.597916;36.505524;"Quercus fruticosa Brot.";NA;NA;NA;"http://creativecommons.org/licenses/by/4.0/legalcode";". Accessed from R via rgbif (https://github.com/ropensci/rgbif) on 2026-04-22";"Spain";305;"305";"305"
"737";-5.612878;36.50927;"Quercus fruticosa Brot.";NA;NA;NA;"http://creativecommons.org/licenses/by/4.0/legalcode";". Accessed from R via rgbif (https://github.com/ropensci/rgbif) on 2026-04-22";"Spain";305;"305";"305"
"738";-5.612667;36.463789;"Quercus fruticosa Brot.";NA;NA;NA;"http://creativecommons.org/licenses/by/4.0/legalcode";". Accessed from R via rgbif (https://github.com/ropensci/rgbif) on 2026-04-22";"Spain";305;"305";"305"
"739";-5.615278;36.501629;"Quercus fruticosa Brot.";NA;NA;NA;"http://creativecommons.org/licenses/by/4.0/legalcode";". Accessed from R via rgbif (https://github.com/ropensci/rgbif) on 2026-04-22";"Spain";305;"305";"305"
"740";-5.618155;36.504531;"Quercus fruticosa Brot.";NA;NA;NA;"http://creativecommons.org/licenses/by/4.0/legalcode";". Accessed from R via rgbif (https://github.com/ropensci/rgbif) on 2026-04-22";"Spain";305;"305";"305"
"741";-5.598709;36.505885;"Quercus fruticosa Brot.";NA;NA;NA;"http://creativecommons.org/licenses/by/4.0/legalcode";". Accessed from R via rgbif (https://github.com/ropensci/rgbif) on 2026-04-22";"Spain";305;"305";"305"
"742";-5.608495;36.50541;"Quercus fruticosa Brot.";NA;NA;NA;"http://creativecommons.org/licenses/by/4.0/legalcode";". Accessed from R via rgbif (https://github.com/ropensci/rgbif) on 2026-04-22";"Spain";305;"305";"305"
"743";-5.549066;36.507642;"Quercus fruticosa Brot.";NA;NA;NA;"http://creativecommons.org/licenses/by/4.0/legalcode";". Accessed from R via rgbif (https://github.com/ropensci/rgbif) on 2026-04-22";"Spain";305;"305";"305"
"744";-5.604798;36.501021;"Quercus fruticosa Brot.";NA;NA;NA;"http://creativecommons.org/licenses/by/4.0/legalcode";". Accessed from R via rgbif (https://github.com/ropensci/rgbif) on 2026-04-22";"Spain";305;"305";"305"
"745";-5.417438;36.553519;"Quercus fruticosa Brot.";NA;NA;NA;"http://creativecommons.org/licenses/by/4.0/legalcode";". Accessed from R via rgbif (https://github.com/ropensci/rgbif) on 2026-04-22";"Spain";305;"305";"305"
"746";-5.610203;36.502741;"Quercus fruticosa Brot.";NA;NA;NA;"http://creativecommons.org/licenses/by/4.0/legalcode";". Accessed from R via rgbif (https://github.com/ropensci/rgbif) on 2026-04-22";"Spain";305;"305";"305"
"747";-5.417698;36.558633;"Quercus fruticosa Brot.";NA;NA;NA;"http://creativecommons.org/licenses/by/4.0/legalcode";". Accessed from R via rgbif (https://github.com/ropensci/rgbif) on 2026-04-22";"Spain";305;"305";"305"
"748";-5.610525;36.503356;"Quercus fruticosa Brot.";NA;NA;NA;"http://creativecommons.org/licenses/by/4.0/legalcode";". Accessed from R via rgbif (https://github.com/ropensci/rgbif) on 2026-04-22";"Spain";305;"305";"305"
"749";-5.613492;36.501966;"Quercus fruticosa Brot.";NA;NA;NA;"http://creativecommons.org/licenses/by/4.0/legalcode";". Accessed from R via rgbif (https://github.com/ropensci/rgbif) on 2026-04-22";"Spain";305;"305";"305"
"750";-5.594523;36.502894;"Quercus fruticosa Brot.";NA;NA;NA;"http://creativecommons.org/licenses/by/4.0/legalcode";". Accessed from R via rgbif (https://github.com/ropensci/rgbif) on 2026-04-22";"Spain";305;"305";"305"
"751";-5.591179;36.49801;"Quercus fruticosa Brot.";NA;NA;NA;"http://creativecommons.org/licenses/by/4.0/legalcode";". Accessed from R via rgbif (https://github.com/ropensci/rgbif) on 2026-04-22";"Spain";305;"305";"305"
"752";-5.616879;36.531588;"Quercus fruticosa Brot.";NA;NA;NA;"http://creativecommons.org/licenses/by/4.0/legalcode";". Accessed from R via rgbif (https://github.com/ropensci/rgbif) on 2026-04-22";"Spain";305;"305";"305"
"753";-5.613248;36.464813;"Quercus fruticosa Brot.";NA;NA;NA;"http://creativecommons.org/licenses/by/4.0/legalcode";". Accessed from R via rgbif (https://github.com/ropensci/rgbif) on 2026-04-22";"Spain";305;"305";"305"
"754";-5.596631;36.505164;"Quercus fruticosa Brot.";NA;NA;NA;"http://creativecommons.org/licenses/by/4.0/legalcode";". Accessed from R via rgbif (https://github.com/ropensci/rgbif) on 2026-04-22";"Spain";305;"305";"305"
"755";-5.617928;36.50441;"Quercus fruticosa Brot.";NA;NA;NA;"http://creativecommons.org/licenses/by/4.0/legalcode";". Accessed from R via rgbif (https://github.com/ropensci/rgbif) on 2026-04-22";"Spain";305;"305";"305"
"756";-5.612038;36.50353;"Quercus fruticosa Brot.";NA;NA;NA;"http://creativecommons.org/licenses/by/4.0/legalcode";". Accessed from R via rgbif (https://github.com/ropensci/rgbif) on 2026-04-22";"Spain";305;"305";"305"
"757";-5.41522;36.556565;"Quercus fruticosa Brot.";NA;NA;NA;"http://creativecommons.org/licenses/by/4.0/legalcode";". Accessed from R via rgbif (https://github.com/ropensci/rgbif) on 2026-04-22";"Spain";305;"305";"305"
"758";-5.60712;36.497031;"Quercus fruticosa Brot.";NA;NA;NA;"http://creativecommons.org/licenses/by/4.0/legalcode";". Accessed from R via rgbif (https://github.com/ropensci/rgbif) on 2026-04-22";"Spain";305;"305";"305"
"759";-5.611683;36.50625;"Quercus fruticosa Brot.";NA;NA;NA;"http://creativecommons.org/licenses/by/4.0/legalcode";". Accessed from R via rgbif (https://github.com/ropensci/rgbif) on 2026-04-22";"Spain";305;"305";"305"
"760";-5.59526;36.489188;"Quercus fruticosa Brot.";NA;NA;NA;"http://creativecommons.org/licenses/by/4.0/legalcode";". Accessed from R via rgbif (https://github.com/ropensci/rgbif) on 2026-04-22";"Spain";305;"305";"305"
"761";-5.610495;36.504141;"Quercus fruticosa Brot.";NA;NA;NA;"http://creativecommons.org/licenses/by/4.0/legalcode";". Accessed from R via rgbif (https://github.com/ropensci/rgbif) on 2026-04-22";"Spain";305;"305";"305"
"762";-5.599172;36.480992;"Quercus fruticosa Brot.";NA;NA;NA;"http://creativecommons.org/licenses/by/4.0/legalcode";". Accessed from R via rgbif (https://github.com/ropensci/rgbif) on 2026-04-22";"Spain";305;"305";"305"
"763";-5.593478;36.492985;"Quercus fruticosa Brot.";NA;NA;NA;"http://creativecommons.org/licenses/by/4.0/legalcode";". Accessed from R via rgbif (https://github.com/ropensci/rgbif) on 2026-04-22";"Spain";305;"305";"305"
"764";-5.634503;36.511237;"Quercus fruticosa Brot.";NA;NA;NA;"http://creativecommons.org/licenses/by/4.0/legalcode";". Accessed from R via rgbif (https://github.com/ropensci/rgbif) on 2026-04-22";"Spain";305;"305";"305"
"765";-5.596812;36.482854;"Quercus fruticosa Brot.";NA;NA;NA;"http://creativecommons.org/licenses/by/4.0/legalcode";". Accessed from R via rgbif (https://github.com/ropensci/rgbif) on 2026-04-22";"Spain";305;"305";"305"
"766";-5.611269;36.530485;"Quercus fruticosa Brot.";NA;NA;NA;"http://creativecommons.org/licenses/by/4.0/legalcode";". Accessed from R via rgbif (https://github.com/ropensci/rgbif) on 2026-04-22";"Spain";305;"305";"305"
"767";-5.516402;36.417677;"Quercus fruticosa Brot.";NA;NA;NA;"http://creativecommons.org/licenses/by/4.0/legalcode";". Accessed from R via rgbif (https://github.com/ropensci/rgbif) on 2026-04-22";"Spain";305;"305";"305"
"768";-5.594298;36.491462;"Quercus fruticosa Brot.";NA;NA;NA;"http://creativecommons.org/licenses/by/4.0/legalcode";". Accessed from R via rgbif (https://github.com/ropensci/rgbif) on 2026-04-22";"Spain";305;"305";"305"
"769";-5.615223;36.506966;"Quercus fruticosa Brot.";NA;NA;NA;"http://creativecommons.org/licenses/by/4.0/legalcode";". Accessed from R via rgbif (https://github.com/ropensci/rgbif) on 2026-04-22";"Spain";305;"305";"305"
"770";-5.561303;36.099678;"Quercus fruticosa Brot.";NA;NA;NA;"http://creativecommons.org/licenses/by/4.0/legalcode";". Accessed from R via rgbif (https://github.com/ropensci/rgbif) on 2026-04-22";"Spain";305;"305";"305"
"771";-5.593897;36.502845;"Quercus fruticosa Brot.";NA;NA;NA;"http://creativecommons.org/licenses/by/4.0/legalcode";". Accessed from R via rgbif (https://github.com/ropensci/rgbif) on 2026-04-22";"Spain";305;"305";"305"
"772";-5.615342;36.505855;"Quercus fruticosa Brot.";NA;NA;NA;"http://creativecommons.org/licenses/by/4.0/legalcode";". Accessed from R via rgbif (https://github.com/ropensci/rgbif) on 2026-04-22";"Spain";305;"305";"305"
"773";-5.559222;36.106392;"Quercus fruticosa Brot.";NA;NA;NA;"http://creativecommons.org/licenses/by/4.0/legalcode";". Accessed from R via rgbif (https://github.com/ropensci/rgbif) on 2026-04-22";"Spain";305;"305";"305"
"774";-5.613609;36.494168;"Quercus fruticosa Brot.";NA;NA;NA;"http://creativecommons.org/licenses/by/4.0/legalcode";". Accessed from R via rgbif (https://github.com/ropensci/rgbif) on 2026-04-22";"Spain";305;"305";"305"
"775";-5.558649;36.100356;"Quercus fruticosa Brot.";NA;NA;NA;"http://creativecommons.org/licenses/by/4.0/legalcode";". Accessed from R via rgbif (https://github.com/ropensci/rgbif) on 2026-04-22";"Spain";305;"305";"305"
"776";-5.60842;36.499842;"Quercus fruticosa Brot.";NA;NA;NA;"http://creativecommons.org/licenses/by/4.0/legalcode";". Accessed from R via rgbif (https://github.com/ropensci/rgbif) on 2026-04-22";"Spain";305;"305";"305"
"777";-5.613981;36.4979;"Quercus fruticosa Brot.";NA;NA;NA;"http://creativecommons.org/licenses/by/4.0/legalcode";". Accessed from R via rgbif (https://github.com/ropensci/rgbif) on 2026-04-22";"Spain";305;"305";"305"
"778";-5.550828;36.507604;"Quercus fruticosa Brot.";NA;NA;NA;"http://creativecommons.org/licenses/by/4.0/legalcode";". Accessed from R via rgbif (https://github.com/ropensci/rgbif) on 2026-04-22";"Spain";305;"305";"305"
"779";-5.624019;36.512865;"Quercus fruticosa Brot.";NA;NA;NA;"http://creativecommons.org/licenses/by/4.0/legalcode";". Accessed from R via rgbif (https://github.com/ropensci/rgbif) on 2026-04-22";"Spain";305;"305";"305"
"780";-5.599644;36.504134;"Quercus fruticosa Brot.";NA;NA;NA;"http://creativecommons.org/licenses/by/4.0/legalcode";". Accessed from R via rgbif (https://github.com/ropensci/rgbif) on 2026-04-22";"Spain";305;"305";"305"
"781";-5.528296;36.098622;"Quercus fruticosa Brot.";NA;NA;NA;"http://creativecommons.org/licenses/by/4.0/legalcode";". Accessed from R via rgbif (https://github.com/ropensci/rgbif) on 2026-04-22";"Spain";305;"305";"305"
"782";-5.596189;36.48458;"Quercus fruticosa Brot.";NA;NA;NA;"http://creativecommons.org/licenses/by/4.0/legalcode";". Accessed from R via rgbif (https://github.com/ropensci/rgbif) on 2026-04-22";"Spain";305;"305";"305"
"783";-5.613371;36.503663;"Quercus fruticosa Brot.";NA;NA;NA;"http://creativecommons.org/licenses/by/4.0/legalcode";". Accessed from R via rgbif (https://github.com/ropensci/rgbif) on 2026-04-22";"Spain";305;"305";"305"
"784";-5.61272;36.530111;"Quercus fruticosa Brot.";NA;NA;NA;"http://creativecommons.org/licenses/by/4.0/legalcode";". Accessed from R via rgbif (https://github.com/ropensci/rgbif) on 2026-04-22";"Spain";305;"305";"305"
"785";-5.419343;36.553732;"Quercus fruticosa Brot.";NA;NA;NA;"http://creativecommons.org/licenses/by/4.0/legalcode";". Accessed from R via rgbif (https://github.com/ropensci/rgbif) on 2026-04-22";"Spain";305;"305";"305"
"786";-5.600901;36.500664;"Quercus fruticosa Brot.";NA;NA;NA;"http://creativecommons.org/licenses/by/4.0/legalcode";". Accessed from R via rgbif (https://github.com/ropensci/rgbif) on 2026-04-22";"Spain";305;"305";"305"
"787";-5.417642;36.557913;"Quercus fruticosa Brot.";NA;NA;NA;"http://creativecommons.org/licenses/by/4.0/legalcode";". Accessed from R via rgbif (https://github.com/ropensci/rgbif) on 2026-04-22";"Spain";305;"305";"305"
"788";-5.608144;36.511258;"Quercus fruticosa Brot.";NA;NA;NA;"http://creativecommons.org/licenses/by/4.0/legalcode";". Accessed from R via rgbif (https://github.com/ropensci/rgbif) on 2026-04-22";"Spain";305;"305";"305"
"789";-5.591202;36.494341;"Quercus fruticosa Brot.";NA;NA;NA;"http://creativecommons.org/licenses/by/4.0/legalcode";". Accessed from R via rgbif (https://github.com/ropensci/rgbif) on 2026-04-22";"Spain";305;"305";"305"
"790";-5.612153;36.505294;"Quercus fruticosa Brot.";NA;NA;NA;"http://creativecommons.org/licenses/by/4.0/legalcode";". Accessed from R via rgbif (https://github.com/ropensci/rgbif) on 2026-04-22";"Spain";305;"305";"305"
"791";-5.596431;36.469434;"Quercus fruticosa Brot.";NA;NA;NA;"http://creativecommons.org/licenses/by/4.0/legalcode";". Accessed from R via rgbif (https://github.com/ropensci/rgbif) on 2026-04-22";"Spain";305;"305";"305"
"792";-5.418627;36.557613;"Quercus fruticosa Brot.";NA;NA;NA;"http://creativecommons.org/licenses/by/4.0/legalcode";". Accessed from R via rgbif (https://github.com/ropensci/rgbif) on 2026-04-22";"Spain";305;"305";"305"
"793";-5.413255;36.550134;"Quercus fruticosa Brot.";NA;NA;NA;"http://creativecommons.org/licenses/by/4.0/legalcode";". Accessed from R via rgbif (https://github.com/ropensci/rgbif) on 2026-04-22";"Spain";305;"305";"305"
"794";-5.593499;36.502628;"Quercus fruticosa Brot.";NA;NA;NA;"http://creativecommons.org/licenses/by/4.0/legalcode";". Accessed from R via rgbif (https://github.com/ropensci/rgbif) on 2026-04-22";"Spain";305;"305";"305"
"795";-5.415075;36.550827;"Quercus fruticosa Brot.";NA;NA;NA;"http://creativecommons.org/licenses/by/4.0/legalcode";". Accessed from R via rgbif (https://github.com/ropensci/rgbif) on 2026-04-22";"Spain";305;"305";"305"
"796";-5.597138;36.484244;"Quercus fruticosa Brot.";NA;NA;NA;"http://creativecommons.org/licenses/by/4.0/legalcode";". Accessed from R via rgbif (https://github.com/ropensci/rgbif) on 2026-04-22";"Spain";305;"305";"305"
"797";-5.416689;36.553876;"Quercus fruticosa Brot.";NA;NA;NA;"http://creativecommons.org/licenses/by/4.0/legalcode";". Accessed from R via rgbif (https://github.com/ropensci/rgbif) on 2026-04-22";"Spain";305;"305";"305"
"798";-5.594506;36.486645;"Quercus fruticosa Brot.";NA;NA;NA;"http://creativecommons.org/licenses/by/4.0/legalcode";". Accessed from R via rgbif (https://github.com/ropensci/rgbif) on 2026-04-22";"Spain";305;"305";"305"
"799";-5.594736;36.483837;"Quercus fruticosa Brot.";NA;NA;NA;"http://creativecommons.org/licenses/by/4.0/legalcode";". Accessed from R via rgbif (https://github.com/ropensci/rgbif) on 2026-04-22";"Spain";305;"305";"305"
"800";-5.605363;36.501567;"Quercus fruticosa Brot.";NA;NA;NA;"http://creativecommons.org/licenses/by/4.0/legalcode";". Accessed from R via rgbif (https://github.com/ropensci/rgbif) on 2026-04-22";"Spain";305;"305";"305"
"801";-5.598274;36.47984;"Quercus fruticosa Brot.";NA;NA;NA;"http://creativecommons.org/licenses/by/4.0/legalcode";". Accessed from R via rgbif (https://github.com/ropensci/rgbif) on 2026-04-22";"Spain";305;"305";"305"
"802";-5.591394;36.493733;"Quercus fruticosa Brot.";NA;NA;NA;"http://creativecommons.org/licenses/by/4.0/legalcode";". Accessed from R via rgbif (https://github.com/ropensci/rgbif) on 2026-04-22";"Spain";305;"305";"305"
"803";-5.599335;36.498905;"Quercus fruticosa Brot.";NA;NA;NA;"http://creativecommons.org/licenses/by/4.0/legalcode";". Accessed from R via rgbif (https://github.com/ropensci/rgbif) on 2026-04-22";"Spain";305;"305";"305"
"804";-5.59886;36.483342;"Quercus fruticosa Brot.";NA;NA;NA;"http://creativecommons.org/licenses/by/4.0/legalcode";". Accessed from R via rgbif (https://github.com/ropensci/rgbif) on 2026-04-22";"Spain";305;"305";"305"
"805";-5.592587;36.501746;"Quercus fruticosa Brot.";NA;NA;NA;"http://creativecommons.org/licenses/by/4.0/legalcode";". Accessed from R via rgbif (https://github.com/ropensci/rgbif) on 2026-04-22";"Spain";305;"305";"305"
"806";-5.618129;36.531885;"Quercus fruticosa Brot.";NA;NA;NA;"http://creativecommons.org/licenses/by/4.0/legalcode";". Accessed from R via rgbif (https://github.com/ropensci/rgbif) on 2026-04-22";"Spain";305;"305";"305"
"807";-5.611099;36.496854;"Quercus fruticosa Brot.";NA;NA;NA;"http://creativecommons.org/licenses/by/4.0/legalcode";". Accessed from R via rgbif (https://github.com/ropensci/rgbif) on 2026-04-22";"Spain";305;"305";"305"
"808";-5.550066;36.510577;"Quercus fruticosa Brot.";NA;NA;NA;"http://creativecommons.org/licenses/by/4.0/legalcode";". Accessed from R via rgbif (https://github.com/ropensci/rgbif) on 2026-04-22";"Spain";305;"305";"305"
"809";-5.5969;36.49784;"Quercus fruticosa Brot.";NA;NA;NA;"http://creativecommons.org/licenses/by/4.0/legalcode";". Accessed from R via rgbif (https://github.com/ropensci/rgbif) on 2026-04-22";"Spain";305;"305";"305"
"810";-5.639169;36.513846;"Quercus fruticosa Brot.";NA;NA;NA;"http://creativecommons.org/licenses/by/4.0/legalcode";". Accessed from R via rgbif (https://github.com/ropensci/rgbif) on 2026-04-22";"Spain";305;"305";"305"
"811";-5.596761;36.501701;"Quercus fruticosa Brot.";NA;NA;NA;"http://creativecommons.org/licenses/by/4.0/legalcode";". Accessed from R via rgbif (https://github.com/ropensci/rgbif) on 2026-04-22";"Spain";305;"305";"305"
"812";-5.611353;36.506086;"Quercus fruticosa Brot.";NA;NA;NA;"http://creativecommons.org/licenses/by/4.0/legalcode";". Accessed from R via rgbif (https://github.com/ropensci/rgbif) on 2026-04-22";"Spain";305;"305";"305"
"813";-5.595991;36.470282;"Quercus fruticosa Brot.";NA;NA;NA;"http://creativecommons.org/licenses/by/4.0/legalcode";". Accessed from R via rgbif (https://github.com/ropensci/rgbif) on 2026-04-22";"Spain";305;"305";"305"
"814";-5.413888;36.552897;"Quercus fruticosa Brot.";NA;NA;NA;"http://creativecommons.org/licenses/by/4.0/legalcode";". Accessed from R via rgbif (https://github.com/ropensci/rgbif) on 2026-04-22";"Spain";305;"305";"305"
"815";-5.594568;36.485174;"Quercus fruticosa Brot.";NA;NA;NA;"http://creativecommons.org/licenses/by/4.0/legalcode";". Accessed from R via rgbif (https://github.com/ropensci/rgbif) on 2026-04-22";"Spain";305;"305";"305"
"816";-5.410197;36.553107;"Quercus fruticosa Brot.";NA;NA;NA;"http://creativecommons.org/licenses/by/4.0/legalcode";". Accessed from R via rgbif (https://github.com/ropensci/rgbif) on 2026-04-22";"Spain";305;"305";"305"
"817";-5.591211;36.491259;"Quercus fruticosa Brot.";NA;NA;NA;"http://creativecommons.org/licenses/by/4.0/legalcode";". Accessed from R via rgbif (https://github.com/ropensci/rgbif) on 2026-04-22";"Spain";305;"305";"305"
"818";-5.408402;36.551764;"Quercus fruticosa Brot.";NA;NA;NA;"http://creativecommons.org/licenses/by/4.0/legalcode";". Accessed from R via rgbif (https://github.com/ropensci/rgbif) on 2026-04-22";"Spain";305;"305";"305"
"819";-5.550862;36.510343;"Quercus fruticosa Brot.";NA;NA;NA;"http://creativecommons.org/licenses/by/4.0/legalcode";". Accessed from R via rgbif (https://github.com/ropensci/rgbif) on 2026-04-22";"Spain";305;"305";"305"
"820";-5.590501;36.49642;"Quercus fruticosa Brot.";NA;NA;NA;"http://creativecommons.org/licenses/by/4.0/legalcode";". Accessed from R via rgbif (https://github.com/ropensci/rgbif) on 2026-04-22";"Spain";305;"305";"305"
"821";-5.59309;36.490704;"Quercus fruticosa Brot.";NA;NA;NA;"http://creativecommons.org/licenses/by/4.0/legalcode";". Accessed from R via rgbif (https://github.com/ropensci/rgbif) on 2026-04-22";"Spain";305;"305";"305"
"822";-5.611641;36.505026;"Quercus fruticosa Brot.";NA;NA;NA;"http://creativecommons.org/licenses/by/4.0/legalcode";". Accessed from R via rgbif (https://github.com/ropensci/rgbif) on 2026-04-22";"Spain";305;"305";"305"
"823";-5.615788;36.532008;"Quercus fruticosa Brot.";NA;NA;NA;"http://creativecommons.org/licenses/by/4.0/legalcode";". Accessed from R via rgbif (https://github.com/ropensci/rgbif) on 2026-04-22";"Spain";305;"305";"305"
"824";-5.420243;36.555012;"Quercus fruticosa Brot.";NA;NA;NA;"http://creativecommons.org/licenses/by/4.0/legalcode";". Accessed from R via rgbif (https://github.com/ropensci/rgbif) on 2026-04-22";"Spain";305;"305";"305"
"825";-5.593284;36.501533;"Quercus fruticosa Brot.";NA;NA;NA;"http://creativecommons.org/licenses/by/4.0/legalcode";". Accessed from R via rgbif (https://github.com/ropensci/rgbif) on 2026-04-22";"Spain";305;"305";"305"
"826";-5.417762;36.558902;"Quercus fruticosa Brot.";NA;NA;NA;"http://creativecommons.org/licenses/by/4.0/legalcode";". Accessed from R via rgbif (https://github.com/ropensci/rgbif) on 2026-04-22";"Spain";305;"305";"305"
"827";-5.598271;36.481408;"Quercus fruticosa Brot.";NA;NA;NA;"http://creativecommons.org/licenses/by/4.0/legalcode";". Accessed from R via rgbif (https://github.com/ropensci/rgbif) on 2026-04-22";"Spain";305;"305";"305"
"828";-5.549744;36.510971;"Quercus fruticosa Brot.";NA;NA;NA;"http://creativecommons.org/licenses/by/4.0/legalcode";". Accessed from R via rgbif (https://github.com/ropensci/rgbif) on 2026-04-22";"Spain";305;"305";"305"
"829";-5.611543;36.504757;"Quercus fruticosa Brot.";NA;NA;NA;"http://creativecommons.org/licenses/by/4.0/legalcode";". Accessed from R via rgbif (https://github.com/ropensci/rgbif) on 2026-04-22";"Spain";305;"305";"305"
"830";-5.419692;36.554527;"Quercus fruticosa Brot.";NA;NA;NA;"http://creativecommons.org/licenses/by/4.0/legalcode";". Accessed from R via rgbif (https://github.com/ropensci/rgbif) on 2026-04-22";"Spain";305;"305";"305"
"831";-5.600116;36.486541;"Quercus fruticosa Brot.";NA;NA;NA;"http://creativecommons.org/licenses/by/4.0/legalcode";". Accessed from R via rgbif (https://github.com/ropensci/rgbif) on 2026-04-22";"Spain";305;"305";"305"
"832";-5.598371;36.502107;"Quercus fruticosa Brot.";NA;NA;NA;"http://creativecommons.org/licenses/by/4.0/legalcode";". Accessed from R via rgbif (https://github.com/ropensci/rgbif) on 2026-04-22";"Spain";305;"305";"305"
"833";-5.591647;36.495629;"Quercus fruticosa Brot.";NA;NA;NA;"http://creativecommons.org/licenses/by/4.0/legalcode";". Accessed from R via rgbif (https://github.com/ropensci/rgbif) on 2026-04-22";"Spain";305;"305";"305"
"834";-5.610709;36.503865;"Quercus fruticosa Brot.";NA;NA;NA;"http://creativecommons.org/licenses/by/4.0/legalcode";". Accessed from R via rgbif (https://github.com/ropensci/rgbif) on 2026-04-22";"Spain";305;"305";"305"
"835";-5.418337;36.558016;"Quercus fruticosa Brot.";NA;NA;NA;"http://creativecommons.org/licenses/by/4.0/legalcode";". Accessed from R via rgbif (https://github.com/ropensci/rgbif) on 2026-04-22";"Spain";305;"305";"305"
"836";-5.410314;36.554366;"Quercus fruticosa Brot.";NA;NA;NA;"http://creativecommons.org/licenses/by/4.0/legalcode";". Accessed from R via rgbif (https://github.com/ropensci/rgbif) on 2026-04-22";"Spain";305;"305";"305"
"837";-5.408873;36.551123;"Quercus fruticosa Brot.";NA;NA;NA;"http://creativecommons.org/licenses/by/4.0/legalcode";". Accessed from R via rgbif (https://github.com/ropensci/rgbif) on 2026-04-22";"Spain";305;"305";"305"
"838";-5.596268;36.526369;"Quercus fruticosa Brot.";NA;NA;NA;"http://creativecommons.org/licenses/by/4.0/legalcode";". Accessed from R via rgbif (https://github.com/ropensci/rgbif) on 2026-04-22";"Spain";305;"305";"305"
"839";-5.611196;36.505071;"Quercus fruticosa Brot.";NA;NA;NA;"http://creativecommons.org/licenses/by/4.0/legalcode";". Accessed from R via rgbif (https://github.com/ropensci/rgbif) on 2026-04-22";"Spain";305;"305";"305"
"840";-5.616743;36.53452;"Quercus fruticosa Brot.";NA;NA;NA;"http://creativecommons.org/licenses/by/4.0/legalcode";". Accessed from R via rgbif (https://github.com/ropensci/rgbif) on 2026-04-22";"Spain";305;"305";"305"
"841";-5.597883;36.505876;"Quercus fruticosa Brot.";NA;NA;NA;"http://creativecommons.org/licenses/by/4.0/legalcode";". Accessed from R via rgbif (https://github.com/ropensci/rgbif) on 2026-04-22";"Spain";305;"305";"305"
"842";-5.592109;36.564339;"Quercus fruticosa Brot.";NA;NA;NA;"http://creativecommons.org/licenses/by/4.0/legalcode";". Accessed from R via rgbif (https://github.com/ropensci/rgbif) on 2026-04-22";"Spain";305;"305";"305"
"843";-5.593012;36.494059;"Quercus fruticosa Brot.";NA;NA;NA;"http://creativecommons.org/licenses/by/4.0/legalcode";". Accessed from R via rgbif (https://github.com/ropensci/rgbif) on 2026-04-22";"Spain";305;"305";"305"
"844";-5.551132;36.508346;"Quercus fruticosa Brot.";NA;NA;NA;"http://creativecommons.org/licenses/by/4.0/legalcode";". Accessed from R via rgbif (https://github.com/ropensci/rgbif) on 2026-04-22";"Spain";305;"305";"305"
"845";-5.419891;36.556596;"Quercus fruticosa Brot.";NA;NA;NA;"http://creativecommons.org/licenses/by/4.0/legalcode";". Accessed from R via rgbif (https://github.com/ropensci/rgbif) on 2026-04-22";"Spain";305;"305";"305"
"846";-5.415285;36.55112;"Quercus fruticosa Brot.";NA;NA;NA;"http://creativecommons.org/licenses/by/4.0/legalcode";". Accessed from R via rgbif (https://github.com/ropensci/rgbif) on 2026-04-22";"Spain";305;"305";"305"
"847";-5.607397;36.49963;"Quercus fruticosa Brot.";NA;NA;NA;"http://creativecommons.org/licenses/by/4.0/legalcode";". Accessed from R via rgbif (https://github.com/ropensci/rgbif) on 2026-04-22";"Spain";305;"305";"305"
"848";-5.614165;36.503051;"Quercus fruticosa Brot.";NA;NA;NA;"http://creativecommons.org/licenses/by/4.0/legalcode";". Accessed from R via rgbif (https://github.com/ropensci/rgbif) on 2026-04-22";"Spain";305;"305";"305"
"849";-5.637616;36.512177;"Quercus fruticosa Brot.";NA;NA;NA;"http://creativecommons.org/licenses/by/4.0/legalcode";". Accessed from R via rgbif (https://github.com/ropensci/rgbif) on 2026-04-22";"Spain";305;"305";"305"
"850";-5.613131;36.498847;"Quercus fruticosa Brot.";NA;NA;NA;"http://creativecommons.org/licenses/by/4.0/legalcode";". Accessed from R via rgbif (https://github.com/ropensci/rgbif) on 2026-04-22";"Spain";305;"305";"305"
"851";-5.600674;36.487213;"Quercus fruticosa Brot.";NA;NA;NA;"http://creativecommons.org/licenses/by/4.0/legalcode";". Accessed from R via rgbif (https://github.com/ropensci/rgbif) on 2026-04-22";"Spain";305;"305";"305"
"852";-5.591391;36.489966;"Quercus fruticosa Brot.";NA;NA;NA;"http://creativecommons.org/licenses/by/4.0/legalcode";". Accessed from R via rgbif (https://github.com/ropensci/rgbif) on 2026-04-22";"Spain";305;"305";"305"
"853";-5.528915;36.099582;"Quercus fruticosa Brot.";NA;NA;NA;"http://creativecommons.org/licenses/by/4.0/legalcode";". Accessed from R via rgbif (https://github.com/ropensci/rgbif) on 2026-04-22";"Spain";305;"305";"305"
"854";-5.599262;36.503052;"Quercus fruticosa Brot.";NA;NA;NA;"http://creativecommons.org/licenses/by/4.0/legalcode";". Accessed from R via rgbif (https://github.com/ropensci/rgbif) on 2026-04-22";"Spain";305;"305";"305"
"855";-5.595307;36.498614;"Quercus fruticosa Brot.";NA;NA;NA;"http://creativecommons.org/licenses/by/4.0/legalcode";". Accessed from R via rgbif (https://github.com/ropensci/rgbif) on 2026-04-22";"Spain";305;"305";"305"
"856";-5.61008;36.506069;"Quercus fruticosa Brot.";NA;NA;NA;"http://creativecommons.org/licenses/by/4.0/legalcode";". Accessed from R via rgbif (https://github.com/ropensci/rgbif) on 2026-04-22";"Spain";305;"305";"305"
"857";-5.414812;36.552779;"Quercus fruticosa Brot.";NA;NA;NA;"http://creativecommons.org/licenses/by/4.0/legalcode";". Accessed from R via rgbif (https://github.com/ropensci/rgbif) on 2026-04-22";"Spain";305;"305";"305"
"858";-5.607464;36.496636;"Quercus fruticosa Brot.";NA;NA;NA;"http://creativecommons.org/licenses/by/4.0/legalcode";". Accessed from R via rgbif (https://github.com/ropensci/rgbif) on 2026-04-22";"Spain";305;"305";"305"
"859";-5.592288;36.487739;"Quercus fruticosa Brot.";NA;NA;NA;"http://creativecommons.org/licenses/by/4.0/legalcode";". Accessed from R via rgbif (https://github.com/ropensci/rgbif) on 2026-04-22";"Spain";305;"305";"305"
"860";-5.415571;36.552403;"Quercus fruticosa Brot.";NA;NA;NA;"http://creativecommons.org/licenses/by/4.0/legalcode";". Accessed from R via rgbif (https://github.com/ropensci/rgbif) on 2026-04-22";"Spain";305;"305";"305"
"861";-5.609607;36.500285;"Quercus fruticosa Brot.";NA;NA;NA;"http://creativecommons.org/licenses/by/4.0/legalcode";". Accessed from R via rgbif (https://github.com/ropensci/rgbif) on 2026-04-22";"Spain";305;"305";"305"
"862";-5.409994;36.55485;"Quercus fruticosa Brot.";NA;NA;NA;"http://creativecommons.org/licenses/by/4.0/legalcode";". Accessed from R via rgbif (https://github.com/ropensci/rgbif) on 2026-04-22";"Spain";305;"305";"305"
"863";-5.591884;36.496057;"Quercus fruticosa Brot.";NA;NA;NA;"http://creativecommons.org/licenses/by/4.0/legalcode";". Accessed from R via rgbif (https://github.com/ropensci/rgbif) on 2026-04-22";"Spain";305;"305";"305"
"864";-5.608242;36.509507;"Quercus fruticosa Brot.";NA;NA;NA;"http://creativecommons.org/licenses/by/4.0/legalcode";". Accessed from R via rgbif (https://github.com/ropensci/rgbif) on 2026-04-22";"Spain";305;"305";"305"
"865";-5.591626;36.492656;"Quercus fruticosa Brot.";NA;NA;NA;"http://creativecommons.org/licenses/by/4.0/legalcode";". Accessed from R via rgbif (https://github.com/ropensci/rgbif) on 2026-04-22";"Spain";305;"305";"305"
"866";-5.616939;36.493608;"Quercus fruticosa Brot.";NA;NA;NA;"http://creativecommons.org/licenses/by/4.0/legalcode";". Accessed from R via rgbif (https://github.com/ropensci/rgbif) on 2026-04-22";"Spain";305;"305";"305"
"867";-5.594278;36.489516;"Quercus fruticosa Brot.";NA;NA;NA;"http://creativecommons.org/licenses/by/4.0/legalcode";". Accessed from R via rgbif (https://github.com/ropensci/rgbif) on 2026-04-22";"Spain";305;"305";"305"
"868";-5.61402;36.502405;"Quercus fruticosa Brot.";NA;NA;NA;"http://creativecommons.org/licenses/by/4.0/legalcode";". Accessed from R via rgbif (https://github.com/ropensci/rgbif) on 2026-04-22";"Spain";305;"305";"305"
"869";-5.414662;36.550835;"Quercus fruticosa Brot.";NA;NA;NA;"http://creativecommons.org/licenses/by/4.0/legalcode";". Accessed from R via rgbif (https://github.com/ropensci/rgbif) on 2026-04-22";"Spain";305;"305";"305"
"870";-5.590439;36.496899;"Quercus fruticosa Brot.";NA;NA;NA;"http://creativecommons.org/licenses/by/4.0/legalcode";". Accessed from R via rgbif (https://github.com/ropensci/rgbif) on 2026-04-22";"Spain";305;"305";"305"
"871";-5.583841;36.118445;"Quercus fruticosa Brot.";NA;NA;NA;"http://creativecommons.org/licenses/by/4.0/legalcode";". Accessed from R via rgbif (https://github.com/ropensci/rgbif) on 2026-04-22";"Spain";305;"305";"305"
"872";-5.608261;36.497106;"Quercus fruticosa Brot.";NA;NA;NA;"http://creativecommons.org/licenses/by/4.0/legalcode";". Accessed from R via rgbif (https://github.com/ropensci/rgbif) on 2026-04-22";"Spain";305;"305";"305"
"873";-5.413921;36.552157;"Quercus fruticosa Brot.";NA;NA;NA;"http://creativecommons.org/licenses/by/4.0/legalcode";". Accessed from R via rgbif (https://github.com/ropensci/rgbif) on 2026-04-22";"Spain";305;"305";"305"
"874";-5.511213;36.4141;"Quercus fruticosa Brot.";NA;NA;NA;"http://creativecommons.org/licenses/by/4.0/legalcode";". Accessed from R via rgbif (https://github.com/ropensci/rgbif) on 2026-04-22";"Spain";305;"305";"305"
"875";-5.636187;36.512164;"Quercus fruticosa Brot.";NA;NA;NA;"http://creativecommons.org/licenses/by/4.0/legalcode";". Accessed from R via rgbif (https://github.com/ropensci/rgbif) on 2026-04-22";"Spain";305;"305";"305"
"876";-5.608252;36.493501;"Quercus fruticosa Brot.";NA;NA;NA;"http://creativecommons.org/licenses/by/4.0/legalcode";". Accessed from R via rgbif (https://github.com/ropensci/rgbif) on 2026-04-22";"Spain";305;"305";"305"
"877";-5.595609;36.50196;"Quercus fruticosa Brot.";NA;NA;NA;"http://creativecommons.org/licenses/by/4.0/legalcode";". Accessed from R via rgbif (https://github.com/ropensci/rgbif) on 2026-04-22";"Spain";305;"305";"305"
"878";-5.597154;36.499448;"Quercus fruticosa Brot.";NA;NA;NA;"http://creativecommons.org/licenses/by/4.0/legalcode";". Accessed from R via rgbif (https://github.com/ropensci/rgbif) on 2026-04-22";"Spain";305;"305";"305"
"879";-5.550287;36.510833;"Quercus fruticosa Brot.";NA;NA;NA;"http://creativecommons.org/licenses/by/4.0/legalcode";". Accessed from R via rgbif (https://github.com/ropensci/rgbif) on 2026-04-22";"Spain";305;"305";"305"
"880";-5.600306;36.484545;"Quercus fruticosa Brot.";NA;NA;NA;"http://creativecommons.org/licenses/by/4.0/legalcode";". Accessed from R via rgbif (https://github.com/ropensci/rgbif) on 2026-04-22";"Spain";305;"305";"305"
"881";-5.591848;36.493633;"Quercus fruticosa Brot.";NA;NA;NA;"http://creativecommons.org/licenses/by/4.0/legalcode";". Accessed from R via rgbif (https://github.com/ropensci/rgbif) on 2026-04-22";"Spain";305;"305";"305"
"882";-5.614808;36.508237;"Quercus fruticosa Brot.";NA;NA;NA;"http://creativecommons.org/licenses/by/4.0/legalcode";". Accessed from R via rgbif (https://github.com/ropensci/rgbif) on 2026-04-22";"Spain";305;"305";"305"
"883";-5.616384;36.495017;"Quercus fruticosa Brot.";NA;NA;NA;"http://creativecommons.org/licenses/by/4.0/legalcode";". Accessed from R via rgbif (https://github.com/ropensci/rgbif) on 2026-04-22";"Spain";305;"305";"305"
"884";-5.608786;36.491795;"Quercus lusitanica Lam.";NA;NA;NA;"http://creativecommons.org/licenses/by/4.0/legalcode";". Accessed from R via rgbif (https://github.com/ropensci/rgbif) on 2026-04-22";"Spain";305;"305";"305"
"885";-5.610204;36.537664;"Quercus lusitanica Lam.";NA;NA;NA;"http://creativecommons.org/licenses/by/4.0/legalcode";". Accessed from R via rgbif (https://github.com/ropensci/rgbif) on 2026-04-22";"Spain";305;"305";"305"
"886";-5.6074;36.496385;"Quercus lusitanica Lam.";NA;NA;NA;"http://creativecommons.org/licenses/by/4.0/legalcode";". Accessed from R via rgbif (https://github.com/ropensci/rgbif) on 2026-04-22";"Spain";305;"305";"305"
"887";-5.610525;36.503356;"Quercus lusitanica Lam.";NA;NA;NA;"http://creativecommons.org/licenses/by/4.0/legalcode";". Accessed from R via rgbif (https://github.com/ropensci/rgbif) on 2026-04-22";"Spain";305;"305";"305"
"888";-5.614745;36.502038;"Quercus lusitanica Lam.";NA;NA;NA;"http://creativecommons.org/licenses/by/4.0/legalcode";". Accessed from R via rgbif (https://github.com/ropensci/rgbif) on 2026-04-22";"Spain";305;"305";"305"
"889";-5.532112;36.253168;"Quercus lusitanica Lam.";NA;NA;NA;"http://creativecommons.org/licenses/by/4.0/legalcode";". Accessed from R via rgbif (https://github.com/ropensci/rgbif) on 2026-04-22";"Spain";305;"305";"305"
"890";-5.614165;36.503051;"Quercus lusitanica Lam.";NA;NA;NA;"http://creativecommons.org/licenses/by/4.0/legalcode";". Accessed from R via rgbif (https://github.com/ropensci/rgbif) on 2026-04-22";"Spain";305;"305";"305"
"891";-6.70645;37.892085;"Quercus lusitanica Lam.";NA;NA;NA;"http://creativecommons.org/licenses/by/4.0/legalcode";". Accessed from R via rgbif (https://github.com/ropensci/rgbif) on 2026-04-22";"Spain";305;"305";"305"
"892";-5.624088;36.526139;"Quercus lusitanica Lam.";NA;NA;NA;"http://creativecommons.org/licenses/by/4.0/legalcode";". Accessed from R via rgbif (https://github.com/ropensci/rgbif) on 2026-04-22";"Spain";305;"305";"305"
"893";-5.608644;36.492222;"Quercus lusitanica Lam.";NA;NA;NA;"http://creativecommons.org/licenses/by/4.0/legalcode";". Accessed from R via rgbif (https://github.com/ropensci/rgbif) on 2026-04-22";"Spain";305;"305";"305"
"894";-5.610203;36.502741;"Quercus lusitanica Lam.";NA;NA;NA;"http://creativecommons.org/licenses/by/4.0/legalcode";". Accessed from R via rgbif (https://github.com/ropensci/rgbif) on 2026-04-22";"Spain";305;"305";"305"
"895";-5.612291;36.502416;"Quercus lusitanica Lam.";NA;NA;NA;"http://creativecommons.org/licenses/by/4.0/legalcode";". Accessed from R via rgbif (https://github.com/ropensci/rgbif) on 2026-04-22";"Spain";305;"305";"305"
"896";-5.552783;36.389894;"Quercus lusitanica Lam.";NA;NA;NA;"http://creativecommons.org/licenses/by/4.0/legalcode";". Accessed from R via rgbif (https://github.com/ropensci/rgbif) on 2026-04-22";"Spain";305;"305";"305"
"897";-5.610495;36.504141;"Quercus lusitanica Lam.";NA;NA;NA;"http://creativecommons.org/licenses/by/4.0/legalcode";". Accessed from R via rgbif (https://github.com/ropensci/rgbif) on 2026-04-22";"Spain";305;"305";"305"
"898";-5.526976;36.250573;"Quercus lusitanica Lam.";NA;NA;NA;"http://creativecommons.org/licenses/by/4.0/legalcode";". Accessed from R via rgbif (https://github.com/ropensci/rgbif) on 2026-04-22";"Spain";305;"305";"305"
"899";-5.613492;36.501966;"Quercus lusitanica Lam.";NA;NA;NA;"http://creativecommons.org/licenses/by/4.0/legalcode";". Accessed from R via rgbif (https://github.com/ropensci/rgbif) on 2026-04-22";"Spain";305;"305";"305"
"900";-5.611641;36.505026;"Quercus lusitanica Lam.";NA;NA;NA;"http://creativecommons.org/licenses/by/4.0/legalcode";". Accessed from R via rgbif (https://github.com/ropensci/rgbif) on 2026-04-22";"Spain";305;"305";"305"
"901";-5.554025;36.397185;"Quercus lusitanica Lam.";NA;NA;NA;"http://creativecommons.org/licenses/by/4.0/legalcode";". Accessed from R via rgbif (https://github.com/ropensci/rgbif) on 2026-04-22";"Spain";305;"305";"305"
"902";-5.623557;36.525979;"Quercus lusitanica Lam.";NA;NA;NA;"http://creativecommons.org/licenses/by/4.0/legalcode";". Accessed from R via rgbif (https://github.com/ropensci/rgbif) on 2026-04-22";"Spain";305;"305";"305"
"903";-5.610949;36.504365;"Quercus lusitanica Lam.";NA;NA;NA;"http://creativecommons.org/licenses/by/4.0/legalcode";". Accessed from R via rgbif (https://github.com/ropensci/rgbif) on 2026-04-22";"Spain";305;"305";"305"
"904";-5.61008;36.506069;"Quercus lusitanica Lam.";NA;NA;NA;"http://creativecommons.org/licenses/by/4.0/legalcode";". Accessed from R via rgbif (https://github.com/ropensci/rgbif) on 2026-04-22";"Spain";305;"305";"305"
"905";-5.610233;36.503966;"Quercus lusitanica Lam.";NA;NA;NA;"http://creativecommons.org/licenses/by/4.0/legalcode";". Accessed from R via rgbif (https://github.com/ropensci/rgbif) on 2026-04-22";"Spain";305;"305";"305"
"906";-5.611901;36.493493;"Quercus lusitanica Lam.";NA;NA;NA;"http://creativecommons.org/licenses/by/4.0/legalcode";". Accessed from R via rgbif (https://github.com/ropensci/rgbif) on 2026-04-22";"Spain";305;"305";"305"
"907";-5.610178;36.495676;"Quercus lusitanica Lam.";NA;NA;NA;"http://creativecommons.org/licenses/by/4.0/legalcode";". Accessed from R via rgbif (https://github.com/ropensci/rgbif) on 2026-04-22";"Spain";305;"305";"305"
"908";-5.61154;36.49305;"Quercus lusitanica Lam.";NA;NA;NA;"http://creativecommons.org/licenses/by/4.0/legalcode";". Accessed from R via rgbif (https://github.com/ropensci/rgbif) on 2026-04-22";"Spain";305;"305";"305"
"909";-5.523223;36.24875;"Quercus lusitanica Lam.";NA;NA;NA;"http://creativecommons.org/licenses/by/4.0/legalcode";". Accessed from R via rgbif (https://github.com/ropensci/rgbif) on 2026-04-22";"Spain";305;"305";"305"
"910";-5.615487;36.501868;"Quercus lusitanica Lam.";NA;NA;NA;"http://creativecommons.org/licenses/by/4.0/legalcode";". Accessed from R via rgbif (https://github.com/ropensci/rgbif) on 2026-04-22";"Spain";305;"305";"305"
"911";-5.611543;36.504757;"Quercus lusitanica Lam.";NA;NA;NA;"http://creativecommons.org/licenses/by/4.0/legalcode";". Accessed from R via rgbif (https://github.com/ropensci/rgbif) on 2026-04-22";"Spain";305;"305";"305"
"912";-5.534631;36.252267;"Quercus lusitanica Lam.";NA;NA;NA;"http://creativecommons.org/licenses/by/4.0/legalcode";". Accessed from R via rgbif (https://github.com/ropensci/rgbif) on 2026-04-22";"Spain";305;"305";"305"
"913";-5.611194;36.504657;"Quercus lusitanica Lam.";NA;NA;NA;"http://creativecommons.org/licenses/by/4.0/legalcode";". Accessed from R via rgbif (https://github.com/ropensci/rgbif) on 2026-04-22";"Spain";305;"305";"305"
"914";-5.529811;36.253956;"Quercus lusitanica Lam.";NA;NA;NA;"http://creativecommons.org/licenses/by/4.0/legalcode";". Accessed from R via rgbif (https://github.com/ropensci/rgbif) on 2026-04-22";"Spain";305;"305";"305"
"915";-5.530191;36.25365;"Quercus lusitanica Lam.";NA;NA;NA;"http://creativecommons.org/licenses/by/4.0/legalcode";". Accessed from R via rgbif (https://github.com/ropensci/rgbif) on 2026-04-22";"Spain";305;"305";"305"
"916";-5.612249;36.495207;"Quercus lusitanica Lam.";NA;NA;NA;"http://creativecommons.org/licenses/by/4.0/legalcode";". Accessed from R via rgbif (https://github.com/ropensci/rgbif) on 2026-04-22";"Spain";305;"305";"305"
"917";-5.609362;36.497649;"Quercus lusitanica Lam.";NA;NA;NA;"http://creativecommons.org/licenses/by/4.0/legalcode";". Accessed from R via rgbif (https://github.com/ropensci/rgbif) on 2026-04-22";"Spain";305;"305";"305"
"918";-5.610709;36.503865;"Quercus lusitanica Lam.";NA;NA;NA;"http://creativecommons.org/licenses/by/4.0/legalcode";". Accessed from R via rgbif (https://github.com/ropensci/rgbif) on 2026-04-22";"Spain";305;"305";"305"
"919";-5.61096;36.503364;"Quercus lusitanica Lam.";NA;NA;NA;"http://creativecommons.org/licenses/by/4.0/legalcode";". Accessed from R via rgbif (https://github.com/ropensci/rgbif) on 2026-04-22";"Spain";305;"305";"305"
"920";-5.611099;36.496854;"Quercus lusitanica Lam.";NA;NA;NA;"http://creativecommons.org/licenses/by/4.0/legalcode";". Accessed from R via rgbif (https://github.com/ropensci/rgbif) on 2026-04-22";"Spain";305;"305";"305"
"921";-5.608079;36.500327;"Quercus lusitanica Lam.";NA;NA;NA;"http://creativecommons.org/licenses/by/4.0/legalcode";". Accessed from R via rgbif (https://github.com/ropensci/rgbif) on 2026-04-22";"Spain";305;"305";"305"
"922";-5.607397;36.49963;"Quercus lusitanica Lam.";NA;NA;NA;"http://creativecommons.org/licenses/by/4.0/legalcode";". Accessed from R via rgbif (https://github.com/ropensci/rgbif) on 2026-04-22";"Spain";305;"305";"305"
"923";-5.608614;36.495971;"Quercus lusitanica Lam.";NA;NA;NA;"http://creativecommons.org/licenses/by/4.0/legalcode";". Accessed from R via rgbif (https://github.com/ropensci/rgbif) on 2026-04-22";"Spain";305;"305";"305"
"924";-5.610061;36.503168;"Quercus lusitanica Lam.";NA;NA;NA;"http://creativecommons.org/licenses/by/4.0/legalcode";". Accessed from R via rgbif (https://github.com/ropensci/rgbif) on 2026-04-22";"Spain";305;"305";"305"
"925";-5.610975;36.492819;"Quercus lusitanica Lam.";NA;NA;NA;"http://creativecommons.org/licenses/by/4.0/legalcode";". Accessed from R via rgbif (https://github.com/ropensci/rgbif) on 2026-04-22";"Spain";305;"305";"305"
"926";-5.609426;36.49224;"Quercus lusitanica Lam.";NA;NA;NA;"http://creativecommons.org/licenses/by/4.0/legalcode";". Accessed from R via rgbif (https://github.com/ropensci/rgbif) on 2026-04-22";"Spain";305;"305";"305"
"927";-5.554166;36.395028;"Quercus lusitanica Lam.";NA;NA;NA;"http://creativecommons.org/licenses/by/4.0/legalcode";". Accessed from R via rgbif (https://github.com/ropensci/rgbif) on 2026-04-22";"Spain";305;"305";"305"
"928";-5.524496;36.390405;"Quercus lusitanica Lam.";NA;NA;NA;"http://creativecommons.org/licenses/by/4.0/legalcode";". Accessed from R via rgbif (https://github.com/ropensci/rgbif) on 2026-04-22";"Spain";305;"305";"305"
"929";-5.552698;36.391049;"Quercus lusitanica Lam.";NA;NA;NA;"http://creativecommons.org/licenses/by/4.0/legalcode";". Accessed from R via rgbif (https://github.com/ropensci/rgbif) on 2026-04-22";"Spain";305;"305";"305"
"930";-5.527951;36.250101;"Quercus lusitanica Lam.";NA;NA;NA;"http://creativecommons.org/licenses/by/4.0/legalcode";". Accessed from R via rgbif (https://github.com/ropensci/rgbif) on 2026-04-22";"Spain";305;"305";"305"
"931";-5.611219;36.499429;"Quercus lusitanica Lam.";NA;NA;NA;"http://creativecommons.org/licenses/by/4.0/legalcode";". Accessed from R via rgbif (https://github.com/ropensci/rgbif) on 2026-04-22";"Spain";305;"305";"305"
"932";-5.599656;36.121348;"Quercus lusitanica Lam.";NA;NA;NA;"http://creativecommons.org/licenses/by/4.0/legalcode";". Accessed from R via rgbif (https://github.com/ropensci/rgbif) on 2026-04-22";"Spain";305;"305";"305"
"933";-5.525499;36.257246;"Quercus lusitanica Lam.";NA;NA;NA;"http://creativecommons.org/licenses/by/4.0/legalcode";". Accessed from R via rgbif (https://github.com/ropensci/rgbif) on 2026-04-22";"Spain";305;"305";"305"
"934";-5.52606;36.249096;"Quercus lusitanica Lam.";NA;NA;NA;"http://creativecommons.org/licenses/by/4.0/legalcode";". Accessed from R via rgbif (https://github.com/ropensci/rgbif) on 2026-04-22";"Spain";305;"305";"305"
"935";-5.530319;36.250709;"Quercus lusitanica Lam.";NA;NA;NA;"http://creativecommons.org/licenses/by/4.0/legalcode";". Accessed from R via rgbif (https://github.com/ropensci/rgbif) on 2026-04-22";"Spain";305;"305";"305"
"936";-5.61625;36.500986;"Quercus lusitanica Lam.";NA;NA;NA;"http://creativecommons.org/licenses/by/4.0/legalcode";". Accessed from R via rgbif (https://github.com/ropensci/rgbif) on 2026-04-22";"Spain";305;"305";"305"
"937";-5.609161;36.498312;"Quercus lusitanica Lam.";NA;NA;NA;"http://creativecommons.org/licenses/by/4.0/legalcode";". Accessed from R via rgbif (https://github.com/ropensci/rgbif) on 2026-04-22";"Spain";305;"305";"305"
"938";-5.608868;36.537792;"Quercus lusitanica Lam.";NA;NA;NA;"http://creativecommons.org/licenses/by/4.0/legalcode";". Accessed from R via rgbif (https://github.com/ropensci/rgbif) on 2026-04-22";"Spain";305;"305";"305"
"939";-5.53436;36.253192;"Quercus lusitanica Lam.";NA;NA;NA;"http://creativecommons.org/licenses/by/4.0/legalcode";". Accessed from R via rgbif (https://github.com/ropensci/rgbif) on 2026-04-22";"Spain";305;"305";"305"
"940";-5.609912;36.53795;"Quercus lusitanica Lam.";NA;NA;NA;"http://creativecommons.org/licenses/by/4.0/legalcode";". Accessed from R via rgbif (https://github.com/ropensci/rgbif) on 2026-04-22";"Spain";305;"305";"305"
"941";-5.531332;36.253851;"Quercus lusitanica Lam.";NA;NA;NA;"http://creativecommons.org/licenses/by/4.0/legalcode";". Accessed from R via rgbif (https://github.com/ropensci/rgbif) on 2026-04-22";"Spain";305;"305";"305"
"942";-5.740025;37.813156;"Quercus lusitanica Lam.";NA;NA;NA;"http://creativecommons.org/licenses/by/4.0/legalcode";". Accessed from R via rgbif (https://github.com/ropensci/rgbif) on 2026-04-22";"Spain";305;"305";"305"
"943";-5.534675;36.254673;"Quercus lusitanica Lam.";NA;NA;NA;"http://creativecommons.org/licenses/by/4.0/legalcode";". Accessed from R via rgbif (https://github.com/ropensci/rgbif) on 2026-04-22";"Spain";305;"305";"305"
"944";-5.607463;36.53785;"Quercus lusitanica Lam.";NA;NA;NA;"http://creativecommons.org/licenses/by/4.0/legalcode";". Accessed from R via rgbif (https://github.com/ropensci/rgbif) on 2026-04-22";"Spain";305;"305";"305"
"945";-5.554195;36.393892;"Quercus lusitanica Lam.";NA;NA;NA;"http://creativecommons.org/licenses/by/4.0/legalcode";". Accessed from R via rgbif (https://github.com/ropensci/rgbif) on 2026-04-22";"Spain";305;"305";"305"
"946";-5.608495;36.50541;"Quercus lusitanica Lam.";NA;NA;NA;"http://creativecommons.org/licenses/by/4.0/legalcode";". Accessed from R via rgbif (https://github.com/ropensci/rgbif) on 2026-04-22";"Spain";305;"305";"305"
"947";-5.533862;36.252942;"Quercus lusitanica Lam.";NA;NA;NA;"http://creativecommons.org/licenses/by/4.0/legalcode";". Accessed from R via rgbif (https://github.com/ropensci/rgbif) on 2026-04-22";"Spain";305;"305";"305"
"948";-5.534135;36.254504;"Quercus lusitanica Lam.";NA;NA;NA;"http://creativecommons.org/licenses/by/4.0/legalcode";". Accessed from R via rgbif (https://github.com/ropensci/rgbif) on 2026-04-22";"Spain";305;"305";"305"
"949";-5.525104;36.40264;"Quercus lusitanica Lam.";NA;NA;NA;"http://creativecommons.org/licenses/by/4.0/legalcode";". Accessed from R via rgbif (https://github.com/ropensci/rgbif) on 2026-04-22";"Spain";305;"305";"305"
"950";-5.530792;36.250889;"Quercus lusitanica Lam.";NA;NA;NA;"http://creativecommons.org/licenses/by/4.0/legalcode";". Accessed from R via rgbif (https://github.com/ropensci/rgbif) on 2026-04-22";"Spain";305;"305";"305"
"951";-5.611401;36.505193;"Quercus lusitanica Lam.";NA;NA;NA;"http://creativecommons.org/licenses/by/4.0/legalcode";". Accessed from R via rgbif (https://github.com/ropensci/rgbif) on 2026-04-22";"Spain";305;"305";"305"
"952";-5.522767;36.408629;"Quercus lusitanica Lam.";NA;NA;NA;"http://creativecommons.org/licenses/by/4.0/legalcode";". Accessed from R via rgbif (https://github.com/ropensci/rgbif) on 2026-04-22";"Spain";305;"305";"305"
"953";-5.525077;36.390104;"Quercus lusitanica Lam.";NA;NA;NA;"http://creativecommons.org/licenses/by/4.0/legalcode";". Accessed from R via rgbif (https://github.com/ropensci/rgbif) on 2026-04-22";"Spain";305;"305";"305"
"954";-5.527408;36.25397;"Quercus lusitanica Lam.";NA;NA;NA;"http://creativecommons.org/licenses/by/4.0/legalcode";". Accessed from R via rgbif (https://github.com/ropensci/rgbif) on 2026-04-22";"Spain";305;"305";"305"
"955";-5.524125;36.253283;"Quercus lusitanica Lam.";NA;NA;NA;"http://creativecommons.org/licenses/by/4.0/legalcode";". Accessed from R via rgbif (https://github.com/ropensci/rgbif) on 2026-04-22";"Spain";305;"305";"305"
"956";-5.554409;36.39396;"Quercus lusitanica Lam.";NA;NA;NA;"http://creativecommons.org/licenses/by/4.0/legalcode";". Accessed from R via rgbif (https://github.com/ropensci/rgbif) on 2026-04-22";"Spain";305;"305";"305"
"957";-5.552966;36.39244;"Quercus lusitanica Lam.";NA;NA;NA;"http://creativecommons.org/licenses/by/4.0/legalcode";". Accessed from R via rgbif (https://github.com/ropensci/rgbif) on 2026-04-22";"Spain";305;"305";"305"
"958";-5.609295;36.503626;"Quercus lusitanica Lam.";NA;NA;NA;"http://creativecommons.org/licenses/by/4.0/legalcode";". Accessed from R via rgbif (https://github.com/ropensci/rgbif) on 2026-04-22";"Spain";305;"305";"305"
"959";-5.52589;36.257292;"Quercus lusitanica Lam.";NA;NA;NA;"http://creativecommons.org/licenses/by/4.0/legalcode";". Accessed from R via rgbif (https://github.com/ropensci/rgbif) on 2026-04-22";"Spain";305;"305";"305"
"960";-5.526136;36.250753;"Quercus lusitanica Lam.";NA;NA;NA;"http://creativecommons.org/licenses/by/4.0/legalcode";". Accessed from R via rgbif (https://github.com/ropensci/rgbif) on 2026-04-22";"Spain";305;"305";"305"
"961";-5.608252;36.493501;"Quercus lusitanica Lam.";NA;NA;NA;"http://creativecommons.org/licenses/by/4.0/legalcode";". Accessed from R via rgbif (https://github.com/ropensci/rgbif) on 2026-04-22";"Spain";305;"305";"305"
"962";-5.525981;36.256659;"Quercus lusitanica Lam.";NA;NA;NA;"http://creativecommons.org/licenses/by/4.0/legalcode";". Accessed from R via rgbif (https://github.com/ropensci/rgbif) on 2026-04-22";"Spain";305;"305";"305"
"963";-5.616053;36.501441;"Quercus lusitanica Lam.";NA;NA;NA;"http://creativecommons.org/licenses/by/4.0/legalcode";". Accessed from R via rgbif (https://github.com/ropensci/rgbif) on 2026-04-22";"Spain";305;"305";"305"
"964";-5.534056;36.2541;"Quercus lusitanica Lam.";NA;NA;NA;"http://creativecommons.org/licenses/by/4.0/legalcode";". Accessed from R via rgbif (https://github.com/ropensci/rgbif) on 2026-04-22";"Spain";305;"305";"305"
"965";-5.53298;36.253519;"Quercus lusitanica Lam.";NA;NA;NA;"http://creativecommons.org/licenses/by/4.0/legalcode";". Accessed from R via rgbif (https://github.com/ropensci/rgbif) on 2026-04-22";"Spain";305;"305";"305"
"966";-5.528137;36.253099;"Quercus lusitanica Lam.";NA;NA;NA;"http://creativecommons.org/licenses/by/4.0/legalcode";". Accessed from R via rgbif (https://github.com/ropensci/rgbif) on 2026-04-22";"Spain";305;"305";"305"
"967";-5.525587;36.257542;"Quercus lusitanica Lam.";NA;NA;NA;"http://creativecommons.org/licenses/by/4.0/legalcode";". Accessed from R via rgbif (https://github.com/ropensci/rgbif) on 2026-04-22";"Spain";305;"305";"305"
"968";-5.531268;36.251509;"Quercus lusitanica Lam.";NA;NA;NA;"http://creativecommons.org/licenses/by/4.0/legalcode";". Accessed from R via rgbif (https://github.com/ropensci/rgbif) on 2026-04-22";"Spain";305;"305";"305"
"969";-5.527918;36.249769;"Quercus lusitanica Lam.";NA;NA;NA;"http://creativecommons.org/licenses/by/4.0/legalcode";". Accessed from R via rgbif (https://github.com/ropensci/rgbif) on 2026-04-22";"Spain";305;"305";"305"
"970";-5.522807;36.404708;"Quercus lusitanica Lam.";NA;NA;NA;"http://creativecommons.org/licenses/by/4.0/legalcode";". Accessed from R via rgbif (https://github.com/ropensci/rgbif) on 2026-04-22";"Spain";305;"305";"305"
"971";-5.529492;36.250276;"Quercus lusitanica Lam.";NA;NA;NA;"http://creativecommons.org/licenses/by/4.0/legalcode";". Accessed from R via rgbif (https://github.com/ropensci/rgbif) on 2026-04-22";"Spain";305;"305";"305"
"972";-5.525969;36.253172;"Quercus lusitanica Lam.";NA;NA;NA;"http://creativecommons.org/licenses/by/4.0/legalcode";". Accessed from R via rgbif (https://github.com/ropensci/rgbif) on 2026-04-22";"Spain";305;"305";"305"
"973";-5.522658;36.398015;"Quercus lusitanica Lam.";NA;NA;NA;"http://creativecommons.org/licenses/by/4.0/legalcode";". Accessed from R via rgbif (https://github.com/ropensci/rgbif) on 2026-04-22";"Spain";305;"305";"305"
"974";-5.610146;36.537936;"Quercus lusitanica Lam.";NA;NA;NA;"http://creativecommons.org/licenses/by/4.0/legalcode";". Accessed from R via rgbif (https://github.com/ropensci/rgbif) on 2026-04-22";"Spain";305;"305";"305"
"975";-5.609258;36.500878;"Quercus lusitanica Lam.";NA;NA;NA;"http://creativecommons.org/licenses/by/4.0/legalcode";". Accessed from R via rgbif (https://github.com/ropensci/rgbif) on 2026-04-22";"Spain";305;"305";"305"
"976";-5.533108;36.2544;"Quercus lusitanica Lam.";NA;NA;NA;"http://creativecommons.org/licenses/by/4.0/legalcode";". Accessed from R via rgbif (https://github.com/ropensci/rgbif) on 2026-04-22";"Spain";305;"305";"305"
"977";-5.534499;36.253;"Quercus lusitanica Lam.";NA;NA;NA;"http://creativecommons.org/licenses/by/4.0/legalcode";". Accessed from R via rgbif (https://github.com/ropensci/rgbif) on 2026-04-22";"Spain";305;"305";"305"
"978";-5.525249;36.256729;"Quercus lusitanica Lam.";NA;NA;NA;"http://creativecommons.org/licenses/by/4.0/legalcode";". Accessed from R via rgbif (https://github.com/ropensci/rgbif) on 2026-04-22";"Spain";305;"305";"305"
"979";-5.531776;36.255527;"Quercus lusitanica Lam.";NA;NA;NA;"http://creativecommons.org/licenses/by/4.0/legalcode";". Accessed from R via rgbif (https://github.com/ropensci/rgbif) on 2026-04-22";"Spain";305;"305";"305"
"980";-5.520822;36.395719;"Quercus lusitanica Lam.";NA;NA;NA;"http://creativecommons.org/licenses/by/4.0/legalcode";". Accessed from R via rgbif (https://github.com/ropensci/rgbif) on 2026-04-22";"Spain";305;"305";"305"
"981";-5.608801;36.537451;"Quercus lusitanica Lam.";NA;NA;NA;"http://creativecommons.org/licenses/by/4.0/legalcode";". Accessed from R via rgbif (https://github.com/ropensci/rgbif) on 2026-04-22";"Spain";305;"305";"305"
"982";-5.607914;36.503728;"Quercus lusitanica Lam.";NA;NA;NA;"http://creativecommons.org/licenses/by/4.0/legalcode";". Accessed from R via rgbif (https://github.com/ropensci/rgbif) on 2026-04-22";"Spain";305;"305";"305"
"983";-5.530011;36.251184;"Quercus lusitanica Lam.";NA;NA;NA;"http://creativecommons.org/licenses/by/4.0/legalcode";". Accessed from R via rgbif (https://github.com/ropensci/rgbif) on 2026-04-22";"Spain";305;"305";"305"
"984";-5.555043;36.395956;"Quercus lusitanica Lam.";NA;NA;NA;"http://creativecommons.org/licenses/by/4.0/legalcode";". Accessed from R via rgbif (https://github.com/ropensci/rgbif) on 2026-04-22";"Spain";305;"305";"305"
"985";-5.526386;36.408472;"Quercus lusitanica Lam.";NA;NA;NA;"http://creativecommons.org/licenses/by/4.0/legalcode";". Accessed from R via rgbif (https://github.com/ropensci/rgbif) on 2026-04-22";"Spain";305;"305";"305"
"986";-5.524124;36.249425;"Quercus lusitanica Lam.";NA;NA;NA;"http://creativecommons.org/licenses/by/4.0/legalcode";". Accessed from R via rgbif (https://github.com/ropensci/rgbif) on 2026-04-22";"Spain";305;"305";"305"
"987";-5.526637;36.249381;"Quercus lusitanica Lam.";NA;NA;NA;"http://creativecommons.org/licenses/by/4.0/legalcode";". Accessed from R via rgbif (https://github.com/ropensci/rgbif) on 2026-04-22";"Spain";305;"305";"305"
"988";-5.526957;36.253439;"Quercus lusitanica Lam.";NA;NA;NA;"http://creativecommons.org/licenses/by/4.0/legalcode";". Accessed from R via rgbif (https://github.com/ropensci/rgbif) on 2026-04-22";"Spain";305;"305";"305"
"989";-5.530654;36.256633;"Quercus lusitanica Lam.";NA;NA;NA;"http://creativecommons.org/licenses/by/4.0/legalcode";". Accessed from R via rgbif (https://github.com/ropensci/rgbif) on 2026-04-22";"Spain";305;"305";"305"
"990";-5.524707;36.392095;"Quercus lusitanica Lam.";NA;NA;NA;"http://creativecommons.org/licenses/by/4.0/legalcode";". Accessed from R via rgbif (https://github.com/ropensci/rgbif) on 2026-04-22";"Spain";305;"305";"305"
"991";-5.521529;36.248317;"Quercus lusitanica Lam.";NA;NA;NA;"http://creativecommons.org/licenses/by/4.0/legalcode";". Accessed from R via rgbif (https://github.com/ropensci/rgbif) on 2026-04-22";"Spain";305;"305";"305"
"992";-5.531869;36.255309;"Quercus lusitanica Lam.";NA;NA;NA;"http://creativecommons.org/licenses/by/4.0/legalcode";". Accessed from R via rgbif (https://github.com/ropensci/rgbif) on 2026-04-22";"Spain";305;"305";"305"
"993";-5.608174;36.504498;"Quercus lusitanica Lam.";NA;NA;NA;"http://creativecommons.org/licenses/by/4.0/legalcode";". Accessed from R via rgbif (https://github.com/ropensci/rgbif) on 2026-04-22";"Spain";305;"305";"305"
"994";-5.612038;36.50353;"Quercus lusitanica Lam.";NA;NA;NA;"http://creativecommons.org/licenses/by/4.0/legalcode";". Accessed from R via rgbif (https://github.com/ropensci/rgbif) on 2026-04-22";"Spain";305;"305";"305"
"995";-5.523086;36.251763;"Quercus lusitanica Lam.";NA;NA;NA;"http://creativecommons.org/licenses/by/4.0/legalcode";". Accessed from R via rgbif (https://github.com/ropensci/rgbif) on 2026-04-22";"Spain";305;"305";"305"
"996";-5.525444;36.389042;"Quercus lusitanica Lam.";NA;NA;NA;"http://creativecommons.org/licenses/by/4.0/legalcode";". Accessed from R via rgbif (https://github.com/ropensci/rgbif) on 2026-04-22";"Spain";305;"305";"305"
"997";-5.521259;36.405092;"Quercus lusitanica Lam.";NA;NA;NA;"http://creativecommons.org/licenses/by/4.0/legalcode";". Accessed from R via rgbif (https://github.com/ropensci/rgbif) on 2026-04-22";"Spain";305;"305";"305"
"998";-5.610104;36.537684;"Quercus lusitanica Lam.";NA;NA;NA;"http://creativecommons.org/licenses/by/4.0/legalcode";". Accessed from R via rgbif (https://github.com/ropensci/rgbif) on 2026-04-22";"Spain";305;"305";"305"
"999";-5.607464;36.496636;"Quercus lusitanica Lam.";NA;NA;NA;"http://creativecommons.org/licenses/by/4.0/legalcode";". Accessed from R via rgbif (https://github.com/ropensci/rgbif) on 2026-04-22";"Spain";305;"305";"305"
"1000";-5.523814;36.252244;"Quercus lusitanica Lam.";NA;NA;NA;"http://creativecommons.org/licenses/by/4.0/legalcode";". Accessed from R via rgbif (https://github.com/ropensci/rgbif) on 2026-04-22";"Spain";305;"305";"305"
"1001";-5.52694;36.249807;"Quercus lusitanica Lam.";NA;NA;NA;"http://creativecommons.org/licenses/by/4.0/legalcode";". Accessed from R via rgbif (https://github.com/ropensci/rgbif) on 2026-04-22";"Spain";305;"305";"305"
"1002";-5.528541;36.250783;"Quercus lusitanica Lam.";NA;NA;NA;"http://creativecommons.org/licenses/by/4.0/legalcode";". Accessed from R via rgbif (https://github.com/ropensci/rgbif) on 2026-04-22";"Spain";305;"305";"305"
"1003";-5.52319;36.386197;"Quercus lusitanica Lam.";NA;NA;NA;"http://creativecommons.org/licenses/by/4.0/legalcode";". Accessed from R via rgbif (https://github.com/ropensci/rgbif) on 2026-04-22";"Spain";305;"305";"305"
"1004";-5.52443;36.407305;"Quercus lusitanica Lam.";NA;NA;NA;"http://creativecommons.org/licenses/by/4.0/legalcode";". Accessed from R via rgbif (https://github.com/ropensci/rgbif) on 2026-04-22";"Spain";305;"305";"305"
"1005";-5.5538;36.397488;"Quercus lusitanica Lam.";NA;NA;NA;"http://creativecommons.org/licenses/by/4.0/legalcode";". Accessed from R via rgbif (https://github.com/ropensci/rgbif) on 2026-04-22";"Spain";305;"305";"305"
"1006";-5.518121;36.394244;"Quercus lusitanica Lam.";NA;NA;NA;"http://creativecommons.org/licenses/by/4.0/legalcode";". Accessed from R via rgbif (https://github.com/ropensci/rgbif) on 2026-04-22";"Spain";305;"305";"305"
"1007";-5.521317;36.386894;"Quercus lusitanica Lam.";NA;NA;NA;"http://creativecommons.org/licenses/by/4.0/legalcode";". Accessed from R via rgbif (https://github.com/ropensci/rgbif) on 2026-04-22";"Spain";305;"305";"305"
"1008";-5.526582;36.250085;"Quercus lusitanica Lam.";NA;NA;NA;"http://creativecommons.org/licenses/by/4.0/legalcode";". Accessed from R via rgbif (https://github.com/ropensci/rgbif) on 2026-04-22";"Spain";305;"305";"305"
"1009";-5.527179;36.252056;"Quercus lusitanica Lam.";NA;NA;NA;"http://creativecommons.org/licenses/by/4.0/legalcode";". Accessed from R via rgbif (https://github.com/ropensci/rgbif) on 2026-04-22";"Spain";305;"305";"305"
"1010";-5.522624;36.409732;"Quercus lusitanica Lam.";NA;NA;NA;"http://creativecommons.org/licenses/by/4.0/legalcode";". Accessed from R via rgbif (https://github.com/ropensci/rgbif) on 2026-04-22";"Spain";305;"305";"305"
"1011";-5.523208;36.252094;"Quercus lusitanica Lam.";NA;NA;NA;"http://creativecommons.org/licenses/by/4.0/legalcode";". Accessed from R via rgbif (https://github.com/ropensci/rgbif) on 2026-04-22";"Spain";305;"305";"305"
"1012";-5.525258;36.387433;"Quercus lusitanica Lam.";NA;NA;NA;"http://creativecommons.org/licenses/by/4.0/legalcode";". Accessed from R via rgbif (https://github.com/ropensci/rgbif) on 2026-04-22";"Spain";305;"305";"305"
"1013";-5.527166;36.403642;"Quercus lusitanica Lam.";NA;NA;NA;"http://creativecommons.org/licenses/by/4.0/legalcode";". Accessed from R via rgbif (https://github.com/ropensci/rgbif) on 2026-04-22";"Spain";305;"305";"305"
"1014";-5.522727;36.388433;"Quercus lusitanica Lam.";NA;NA;NA;"http://creativecommons.org/licenses/by/4.0/legalcode";". Accessed from R via rgbif (https://github.com/ropensci/rgbif) on 2026-04-22";"Spain";305;"305";"305"
"1015";-5.534344;36.253373;"Quercus lusitanica Lam.";NA;NA;NA;"http://creativecommons.org/licenses/by/4.0/legalcode";". Accessed from R via rgbif (https://github.com/ropensci/rgbif) on 2026-04-22";"Spain";305;"305";"305"
"1016";-5.526386;36.255759;"Quercus lusitanica Lam.";NA;NA;NA;"http://creativecommons.org/licenses/by/4.0/legalcode";". Accessed from R via rgbif (https://github.com/ropensci/rgbif) on 2026-04-22";"Spain";305;"305";"305"
"1017";-5.533879;36.252427;"Quercus lusitanica Lam.";NA;NA;NA;"http://creativecommons.org/licenses/by/4.0/legalcode";". Accessed from R via rgbif (https://github.com/ropensci/rgbif) on 2026-04-22";"Spain";305;"305";"305"
"1018";-5.525592;36.249746;"Quercus lusitanica Lam.";NA;NA;NA;"http://creativecommons.org/licenses/by/4.0/legalcode";". Accessed from R via rgbif (https://github.com/ropensci/rgbif) on 2026-04-22";"Spain";305;"305";"305"
"1019";-5.523454;36.387813;"Quercus lusitanica Lam.";NA;NA;NA;"http://creativecommons.org/licenses/by/4.0/legalcode";". Accessed from R via rgbif (https://github.com/ropensci/rgbif) on 2026-04-22";"Spain";305;"305";"305"
"1020";-5.533683;36.254955;"Quercus lusitanica Lam.";NA;NA;NA;"http://creativecommons.org/licenses/by/4.0/legalcode";". Accessed from R via rgbif (https://github.com/ropensci/rgbif) on 2026-04-22";"Spain";305;"305";"305"
"1021";-5.524941;36.40861;"Quercus lusitanica Lam.";NA;NA;NA;"http://creativecommons.org/licenses/by/4.0/legalcode";". Accessed from R via rgbif (https://github.com/ropensci/rgbif) on 2026-04-22";"Spain";305;"305";"305"
"1022";-5.52635;36.407373;"Quercus lusitanica Lam.";NA;NA;NA;"http://creativecommons.org/licenses/by/4.0/legalcode";". Accessed from R via rgbif (https://github.com/ropensci/rgbif) on 2026-04-22";"Spain";305;"305";"305"
"1023";-5.607624;36.537666;"Quercus lusitanica Lam.";NA;NA;NA;"http://creativecommons.org/licenses/by/4.0/legalcode";". Accessed from R via rgbif (https://github.com/ropensci/rgbif) on 2026-04-22";"Spain";305;"305";"305"
"1024";-5.611196;36.505071;"Quercus lusitanica Lam.";NA;NA;NA;"http://creativecommons.org/licenses/by/4.0/legalcode";". Accessed from R via rgbif (https://github.com/ropensci/rgbif) on 2026-04-22";"Spain";305;"305";"305"
"1025";-5.532969;36.256638;"Quercus lusitanica Lam.";NA;NA;NA;"http://creativecommons.org/licenses/by/4.0/legalcode";". Accessed from R via rgbif (https://github.com/ropensci/rgbif) on 2026-04-22";"Spain";305;"305";"305"
"1026";-5.51816;36.393369;"Quercus lusitanica Lam.";NA;NA;NA;"http://creativecommons.org/licenses/by/4.0/legalcode";". Accessed from R via rgbif (https://github.com/ropensci/rgbif) on 2026-04-22";"Spain";305;"305";"305"
"1027";-5.524153;36.409078;"Quercus lusitanica Lam.";NA;NA;NA;"http://creativecommons.org/licenses/by/4.0/legalcode";". Accessed from R via rgbif (https://github.com/ropensci/rgbif) on 2026-04-22";"Spain";305;"305";"305"
"1028";-5.608986;36.50475;"Quercus lusitanica Lam.";NA;NA;NA;"http://creativecommons.org/licenses/by/4.0/legalcode";". Accessed from R via rgbif (https://github.com/ropensci/rgbif) on 2026-04-22";"Spain";305;"305";"305"
"1029";-5.523201;36.390351;"Quercus lusitanica Lam.";NA;NA;NA;"http://creativecommons.org/licenses/by/4.0/legalcode";". Accessed from R via rgbif (https://github.com/ropensci/rgbif) on 2026-04-22";"Spain";305;"305";"305"
"1030";-5.52301;36.387183;"Quercus lusitanica Lam.";NA;NA;NA;"http://creativecommons.org/licenses/by/4.0/legalcode";". Accessed from R via rgbif (https://github.com/ropensci/rgbif) on 2026-04-22";"Spain";305;"305";"305"
"1031";-5.531961;36.255731;"Quercus lusitanica Lam.";NA;NA;NA;"http://creativecommons.org/licenses/by/4.0/legalcode";". Accessed from R via rgbif (https://github.com/ropensci/rgbif) on 2026-04-22";"Spain";305;"305";"305"
"1032";-5.522703;36.407342;"Quercus lusitanica Lam.";NA;NA;NA;"http://creativecommons.org/licenses/by/4.0/legalcode";". Accessed from R via rgbif (https://github.com/ropensci/rgbif) on 2026-04-22";"Spain";305;"305";"305"
"1033";-5.521569;36.394685;"Quercus lusitanica Lam.";NA;NA;NA;"http://creativecommons.org/licenses/by/4.0/legalcode";". Accessed from R via rgbif (https://github.com/ropensci/rgbif) on 2026-04-22";"Spain";305;"305";"305"
"1034";-5.527531;36.408366;"Quercus lusitanica Lam.";NA;NA;NA;"http://creativecommons.org/licenses/by/4.0/legalcode";". Accessed from R via rgbif (https://github.com/ropensci/rgbif) on 2026-04-22";"Spain";305;"305";"305"
"1035";-5.52224;36.249672;"Quercus lusitanica Lam.";NA;NA;NA;"http://creativecommons.org/licenses/by/4.0/legalcode";". Accessed from R via rgbif (https://github.com/ropensci/rgbif) on 2026-04-22";"Spain";305;"305";"305"
"1036";-5.525512;36.390104;"Quercus lusitanica Lam.";NA;NA;NA;"http://creativecommons.org/licenses/by/4.0/legalcode";". Accessed from R via rgbif (https://github.com/ropensci/rgbif) on 2026-04-22";"Spain";305;"305";"305"
"1037";-5.518915;36.385692;"Quercus lusitanica Lam.";NA;NA;NA;"http://creativecommons.org/licenses/by/4.0/legalcode";". Accessed from R via rgbif (https://github.com/ropensci/rgbif) on 2026-04-22";"Spain";305;"305";"305"
"1038";-5.528447;36.255814;"Quercus lusitanica Lam.";NA;NA;NA;"http://creativecommons.org/licenses/by/4.0/legalcode";". Accessed from R via rgbif (https://github.com/ropensci/rgbif) on 2026-04-22";"Spain";305;"305";"305"
"1039";-5.522078;36.395936;"Quercus lusitanica Lam.";NA;NA;NA;"http://creativecommons.org/licenses/by/4.0/legalcode";". Accessed from R via rgbif (https://github.com/ropensci/rgbif) on 2026-04-22";"Spain";305;"305";"305"
"1040";-5.523591;36.409639;"Quercus lusitanica Lam.";NA;NA;NA;"http://creativecommons.org/licenses/by/4.0/legalcode";". Accessed from R via rgbif (https://github.com/ropensci/rgbif) on 2026-04-22";"Spain";305;"305";"305"
"1041";-5.522725;36.405277;"Quercus lusitanica Lam.";NA;NA;NA;"http://creativecommons.org/licenses/by/4.0/legalcode";". Accessed from R via rgbif (https://github.com/ropensci/rgbif) on 2026-04-22";"Spain";305;"305";"305"
"1042";-5.521007;36.409036;"Quercus lusitanica Lam.";NA;NA;NA;"http://creativecommons.org/licenses/by/4.0/legalcode";". Accessed from R via rgbif (https://github.com/ropensci/rgbif) on 2026-04-22";"Spain";305;"305";"305"
"1043";-5.522558;36.405272;"Quercus lusitanica Lam.";NA;NA;NA;"http://creativecommons.org/licenses/by/4.0/legalcode";". Accessed from R via rgbif (https://github.com/ropensci/rgbif) on 2026-04-22";"Spain";305;"305";"305"
"1044";-5.351865;36.25036;"Quercus lusitanica Lam.";NA;NA;NA;"http://creativecommons.org/licenses/by/4.0/legalcode";". Accessed from R via rgbif (https://github.com/ropensci/rgbif) on 2026-04-22";"Spain";305;"305";"305"
"1045";-5.521619;36.400713;"Quercus lusitanica Lam.";NA;NA;NA;"http://creativecommons.org/licenses/by/4.0/legalcode";". Accessed from R via rgbif (https://github.com/ropensci/rgbif) on 2026-04-22";"Spain";305;"305";"305"
"1046";-5.52095;36.400033;"Quercus lusitanica Lam.";NA;NA;NA;"http://creativecommons.org/licenses/by/4.0/legalcode";". Accessed from R via rgbif (https://github.com/ropensci/rgbif) on 2026-04-22";"Spain";305;"305";"305"
"1047";-5.528114;36.249972;"Quercus lusitanica Lam.";NA;NA;NA;"http://creativecommons.org/licenses/by/4.0/legalcode";". Accessed from R via rgbif (https://github.com/ropensci/rgbif) on 2026-04-22";"Spain";305;"305";"305"
"1048";-5.523254;36.389575;"Quercus lusitanica Lam.";NA;NA;NA;"http://creativecommons.org/licenses/by/4.0/legalcode";". Accessed from R via rgbif (https://github.com/ropensci/rgbif) on 2026-04-22";"Spain";305;"305";"305"
"1049";-5.523068;36.393121;"Quercus lusitanica Lam.";NA;NA;NA;"http://creativecommons.org/licenses/by/4.0/legalcode";". Accessed from R via rgbif (https://github.com/ropensci/rgbif) on 2026-04-22";"Spain";305;"305";"305"
"1050";-5.523092;36.388686;"Quercus lusitanica Lam.";NA;NA;NA;"http://creativecommons.org/licenses/by/4.0/legalcode";". Accessed from R via rgbif (https://github.com/ropensci/rgbif) on 2026-04-22";"Spain";305;"305";"305"
"1051";-5.529858;36.25747;"Quercus lusitanica Lam.";NA;NA;NA;"http://creativecommons.org/licenses/by/4.0/legalcode";". Accessed from R via rgbif (https://github.com/ropensci/rgbif) on 2026-04-22";"Spain";305;"305";"305"
"1052";-5.525491;36.388428;"Quercus lusitanica Lam.";NA;NA;NA;"http://creativecommons.org/licenses/by/4.0/legalcode";". Accessed from R via rgbif (https://github.com/ropensci/rgbif) on 2026-04-22";"Spain";305;"305";"305"
"1053";-5.525331;36.390721;"Quercus lusitanica Lam.";NA;NA;NA;"http://creativecommons.org/licenses/by/4.0/legalcode";". Accessed from R via rgbif (https://github.com/ropensci/rgbif) on 2026-04-22";"Spain";305;"305";"305"
"1054";-5.52191;36.397291;"Quercus lusitanica Lam.";NA;NA;NA;"http://creativecommons.org/licenses/by/4.0/legalcode";". Accessed from R via rgbif (https://github.com/ropensci/rgbif) on 2026-04-22";"Spain";305;"305";"305"
"1055";-5.526715;36.250749;"Quercus lusitanica Lam.";NA;NA;NA;"http://creativecommons.org/licenses/by/4.0/legalcode";". Accessed from R via rgbif (https://github.com/ropensci/rgbif) on 2026-04-22";"Spain";305;"305";"305"
"1056";-5.532122;36.255565;"Quercus lusitanica Lam.";NA;NA;NA;"http://creativecommons.org/licenses/by/4.0/legalcode";". Accessed from R via rgbif (https://github.com/ropensci/rgbif) on 2026-04-22";"Spain";305;"305";"305"
"1057";-5.534857;36.25375;"Quercus lusitanica Lam.";NA;NA;NA;"http://creativecommons.org/licenses/by/4.0/legalcode";". Accessed from R via rgbif (https://github.com/ropensci/rgbif) on 2026-04-22";"Spain";305;"305";"305"
"1058";-5.523804;36.408643;"Quercus lusitanica Lam.";NA;NA;NA;"http://creativecommons.org/licenses/by/4.0/legalcode";". Accessed from R via rgbif (https://github.com/ropensci/rgbif) on 2026-04-22";"Spain";305;"305";"305"
"1059";-5.521134;36.387096;"Quercus lusitanica Lam.";NA;NA;NA;"http://creativecommons.org/licenses/by/4.0/legalcode";". Accessed from R via rgbif (https://github.com/ropensci/rgbif) on 2026-04-22";"Spain";305;"305";"305"
"1060";-5.526852;36.255695;"Quercus lusitanica Lam.";NA;NA;NA;"http://creativecommons.org/licenses/by/4.0/legalcode";". Accessed from R via rgbif (https://github.com/ropensci/rgbif) on 2026-04-22";"Spain";305;"305";"305"
"1061";-5.528049;36.249351;"Quercus lusitanica Lam.";NA;NA;NA;"http://creativecommons.org/licenses/by/4.0/legalcode";". Accessed from R via rgbif (https://github.com/ropensci/rgbif) on 2026-04-22";"Spain";305;"305";"305"
"1062";-5.521153;36.407672;"Quercus lusitanica Lam.";NA;NA;NA;"http://creativecommons.org/licenses/by/4.0/legalcode";". Accessed from R via rgbif (https://github.com/ropensci/rgbif) on 2026-04-22";"Spain";305;"305";"305"
"1063";-5.523287;36.391963;"Quercus lusitanica Lam.";NA;NA;NA;"http://creativecommons.org/licenses/by/4.0/legalcode";". Accessed from R via rgbif (https://github.com/ropensci/rgbif) on 2026-04-22";"Spain";305;"305";"305"
"1064";-5.519263;36.395067;"Quercus lusitanica Lam.";NA;NA;NA;"http://creativecommons.org/licenses/by/4.0/legalcode";". Accessed from R via rgbif (https://github.com/ropensci/rgbif) on 2026-04-22";"Spain";305;"305";"305"
"1065";-5.522366;36.391748;"Quercus lusitanica Lam.";NA;NA;NA;"http://creativecommons.org/licenses/by/4.0/legalcode";". Accessed from R via rgbif (https://github.com/ropensci/rgbif) on 2026-04-22";"Spain";305;"305";"305"
"1066";-5.517792;36.394765;"Quercus lusitanica Lam.";NA;NA;NA;"http://creativecommons.org/licenses/by/4.0/legalcode";". Accessed from R via rgbif (https://github.com/ropensci/rgbif) on 2026-04-22";"Spain";305;"305";"305"
"1067";-5.529567;36.255349;"Quercus lusitanica Lam.";NA;NA;NA;"http://creativecommons.org/licenses/by/4.0/legalcode";". Accessed from R via rgbif (https://github.com/ropensci/rgbif) on 2026-04-22";"Spain";305;"305";"305"
"1068";-5.521327;36.402711;"Quercus lusitanica Lam.";NA;NA;NA;"http://creativecommons.org/licenses/by/4.0/legalcode";". Accessed from R via rgbif (https://github.com/ropensci/rgbif) on 2026-04-22";"Spain";305;"305";"305"
"1069";-5.527372;36.407252;"Quercus lusitanica Lam.";NA;NA;NA;"http://creativecommons.org/licenses/by/4.0/legalcode";". Accessed from R via rgbif (https://github.com/ropensci/rgbif) on 2026-04-22";"Spain";305;"305";"305"
"1070";-5.521186;36.404219;"Quercus lusitanica Lam.";NA;NA;NA;"http://creativecommons.org/licenses/by/4.0/legalcode";". Accessed from R via rgbif (https://github.com/ropensci/rgbif) on 2026-04-22";"Spain";305;"305";"305"
"1071";-5.522029;36.39719;"Quercus lusitanica Lam.";NA;NA;NA;"http://creativecommons.org/licenses/by/4.0/legalcode";". Accessed from R via rgbif (https://github.com/ropensci/rgbif) on 2026-04-22";"Spain";305;"305";"305"
"1072";-5.523789;36.252154;"Quercus lusitanica Lam.";NA;NA;NA;"http://creativecommons.org/licenses/by/4.0/legalcode";". Accessed from R via rgbif (https://github.com/ropensci/rgbif) on 2026-04-22";"Spain";305;"305";"305"
"1073";-5.521035;36.408855;"Quercus lusitanica Lam.";NA;NA;NA;"http://creativecommons.org/licenses/by/4.0/legalcode";". Accessed from R via rgbif (https://github.com/ropensci/rgbif) on 2026-04-22";"Spain";305;"305";"305"
"1074";-5.520011;36.391996;"Quercus lusitanica Lam.";NA;NA;NA;"http://creativecommons.org/licenses/by/4.0/legalcode";". Accessed from R via rgbif (https://github.com/ropensci/rgbif) on 2026-04-22";"Spain";305;"305";"305"
"1075";-5.525476;36.249604;"Quercus lusitanica Lam.";NA;NA;NA;"http://creativecommons.org/licenses/by/4.0/legalcode";". Accessed from R via rgbif (https://github.com/ropensci/rgbif) on 2026-04-22";"Spain";305;"305";"305"
"1076";-5.521583;36.408898;"Quercus lusitanica Lam.";NA;NA;NA;"http://creativecommons.org/licenses/by/4.0/legalcode";". Accessed from R via rgbif (https://github.com/ropensci/rgbif) on 2026-04-22";"Spain";305;"305";"305"
"1077";-5.5183;36.393925;"Quercus lusitanica Lam.";NA;NA;NA;"http://creativecommons.org/licenses/by/4.0/legalcode";". Accessed from R via rgbif (https://github.com/ropensci/rgbif) on 2026-04-22";"Spain";305;"305";"305"
"1078";-5.517831;36.389726;"Quercus lusitanica Lam.";NA;NA;NA;"http://creativecommons.org/licenses/by/4.0/legalcode";". Accessed from R via rgbif (https://github.com/ropensci/rgbif) on 2026-04-22";"Spain";305;"305";"305"
"1079";-5.524655;36.251063;"Quercus lusitanica Lam.";NA;NA;NA;"http://creativecommons.org/licenses/by/4.0/legalcode";". Accessed from R via rgbif (https://github.com/ropensci/rgbif) on 2026-04-22";"Spain";305;"305";"305"
"1080";-5.52503;36.253381;"Quercus lusitanica Lam.";NA;NA;NA;"http://creativecommons.org/licenses/by/4.0/legalcode";". Accessed from R via rgbif (https://github.com/ropensci/rgbif) on 2026-04-22";"Spain";305;"305";"305"
"1081";-5.522412;36.407654;"Quercus lusitanica Lam.";NA;NA;NA;"http://creativecommons.org/licenses/by/4.0/legalcode";". Accessed from R via rgbif (https://github.com/ropensci/rgbif) on 2026-04-22";"Spain";305;"305";"305"
"1082";-5.523321;36.409203;"Quercus lusitanica Lam.";NA;NA;NA;"http://creativecommons.org/licenses/by/4.0/legalcode";". Accessed from R via rgbif (https://github.com/ropensci/rgbif) on 2026-04-22";"Spain";305;"305";"305"
"1083";-5.522519;36.407526;"Quercus lusitanica Lam.";NA;NA;NA;"http://creativecommons.org/licenses/by/4.0/legalcode";". Accessed from R via rgbif (https://github.com/ropensci/rgbif) on 2026-04-22";"Spain";305;"305";"305"
"1084";-5.519585;36.389508;"Quercus lusitanica Lam.";NA;NA;NA;"http://creativecommons.org/licenses/by/4.0/legalcode";". Accessed from R via rgbif (https://github.com/ropensci/rgbif) on 2026-04-22";"Spain";305;"305";"305"
"1085";-5.521636;36.248189;"Quercus lusitanica Lam.";NA;NA;NA;"http://creativecommons.org/licenses/by/4.0/legalcode";". Accessed from R via rgbif (https://github.com/ropensci/rgbif) on 2026-04-22";"Spain";305;"305";"305"
"1086";-5.169374;36.587721;"Quercus lusitanica Lam.";NA;NA;NA;"http://creativecommons.org/licenses/by/4.0/legalcode";". Accessed from R via rgbif (https://github.com/ropensci/rgbif) on 2026-04-22";"Spain";305;"305";"305"
"1087";-5.522804;36.389774;"Quercus lusitanica Lam.";NA;NA;NA;"http://creativecommons.org/licenses/by/4.0/legalcode";". Accessed from R via rgbif (https://github.com/ropensci/rgbif) on 2026-04-22";"Spain";305;"305";"305"
"1088";-5.522671;36.248888;"Quercus lusitanica Lam.";NA;NA;NA;"http://creativecommons.org/licenses/by/4.0/legalcode";". Accessed from R via rgbif (https://github.com/ropensci/rgbif) on 2026-04-22";"Spain";305;"305";"305"
"1089";-5.528252;36.254953;"Quercus lusitanica Lam.";NA;NA;NA;"http://creativecommons.org/licenses/by/4.0/legalcode";". Accessed from R via rgbif (https://github.com/ropensci/rgbif) on 2026-04-22";"Spain";305;"305";"305"
"1090";-5.520744;36.394333;"Quercus lusitanica Lam.";NA;NA;NA;"http://creativecommons.org/licenses/by/4.0/legalcode";". Accessed from R via rgbif (https://github.com/ropensci/rgbif) on 2026-04-22";"Spain";305;"305";"305"
"1091";-5.524146;36.39025;"Quercus lusitanica Lam.";NA;NA;NA;"http://creativecommons.org/licenses/by/4.0/legalcode";". Accessed from R via rgbif (https://github.com/ropensci/rgbif) on 2026-04-22";"Spain";305;"305";"305"
"1092";-5.521952;36.404456;"Quercus lusitanica Lam.";NA;NA;NA;"http://creativecommons.org/licenses/by/4.0/legalcode";". Accessed from R via rgbif (https://github.com/ropensci/rgbif) on 2026-04-22";"Spain";305;"305";"305"
"1093";-5.518672;36.394025;"Quercus lusitanica Lam.";NA;NA;NA;"http://creativecommons.org/licenses/by/4.0/legalcode";". Accessed from R via rgbif (https://github.com/ropensci/rgbif) on 2026-04-22";"Spain";305;"305";"305"
"1094";-5.421884;37.817401;"Quercus lusitanica Lam.";NA;NA;NA;"http://creativecommons.org/licenses/by/4.0/legalcode";". Accessed from R via rgbif (https://github.com/ropensci/rgbif) on 2026-04-22";"Spain";305;"305";"305"
"1095";-5.611271;36.493336;"Quercus lusitanica Lam.";NA;NA;NA;"http://creativecommons.org/licenses/by/4.0/legalcode";". Accessed from R via rgbif (https://github.com/ropensci/rgbif) on 2026-04-22";"Spain";305;"305";"305"
"1096";-5.519703;36.250023;"Quercus lusitanica Lam.";NA;NA;NA;"http://creativecommons.org/licenses/by/4.0/legalcode";". Accessed from R via rgbif (https://github.com/ropensci/rgbif) on 2026-04-22";"Spain";305;"305";"305"
"1097";-5.519717;36.394282;"Quercus lusitanica Lam.";NA;NA;NA;"http://creativecommons.org/licenses/by/4.0/legalcode";". Accessed from R via rgbif (https://github.com/ropensci/rgbif) on 2026-04-22";"Spain";305;"305";"305"
"1098";-5.520167;36.38992;"Quercus lusitanica Lam.";NA;NA;NA;"http://creativecommons.org/licenses/by/4.0/legalcode";". Accessed from R via rgbif (https://github.com/ropensci/rgbif) on 2026-04-22";"Spain";305;"305";"305"
"1099";-5.517847;36.393348;"Quercus lusitanica Lam.";NA;NA;NA;"http://creativecommons.org/licenses/by/4.0/legalcode";". Accessed from R via rgbif (https://github.com/ropensci/rgbif) on 2026-04-22";"Spain";305;"305";"305"
"1100";-5.519494;36.393251;"Quercus lusitanica Lam.";NA;NA;NA;"http://creativecommons.org/licenses/by/4.0/legalcode";". Accessed from R via rgbif (https://github.com/ropensci/rgbif) on 2026-04-22";"Spain";305;"305";"305"
"1101";-5.521252;36.411095;"Quercus lusitanica Lam.";NA;NA;NA;"http://creativecommons.org/licenses/by/4.0/legalcode";". Accessed from R via rgbif (https://github.com/ropensci/rgbif) on 2026-04-22";"Spain";305;"305";"305"
"1102";-5.524011;36.407783;"Quercus lusitanica Lam.";NA;NA;NA;"http://creativecommons.org/licenses/by/4.0/legalcode";". Accessed from R via rgbif (https://github.com/ropensci/rgbif) on 2026-04-22";"Spain";305;"305";"305"
"1103";-5.520797;36.403921;"Quercus lusitanica Lam.";NA;NA;NA;"http://creativecommons.org/licenses/by/4.0/legalcode";". Accessed from R via rgbif (https://github.com/ropensci/rgbif) on 2026-04-22";"Spain";305;"305";"305"
"1104";-5.524159;36.408221;"Quercus lusitanica Lam.";NA;NA;NA;"http://creativecommons.org/licenses/by/4.0/legalcode";". Accessed from R via rgbif (https://github.com/ropensci/rgbif) on 2026-04-22";"Spain";305;"305";"305"
"1105";-5.529053;36.403395;"Quercus lusitanica Lam.";NA;NA;NA;"http://creativecommons.org/licenses/by/4.0/legalcode";". Accessed from R via rgbif (https://github.com/ropensci/rgbif) on 2026-04-22";"Spain";305;"305";"305"
"1106";-5.521684;36.410662;"Quercus lusitanica Lam.";NA;NA;NA;"http://creativecommons.org/licenses/by/4.0/legalcode";". Accessed from R via rgbif (https://github.com/ropensci/rgbif) on 2026-04-22";"Spain";305;"305";"305"
"1107";-5.524704;36.388914;"Quercus lusitanica Lam.";NA;NA;NA;"http://creativecommons.org/licenses/by/4.0/legalcode";". Accessed from R via rgbif (https://github.com/ropensci/rgbif) on 2026-04-22";"Spain";305;"305";"305"
"1108";-5.52248;36.398388;"Quercus lusitanica Lam.";NA;NA;NA;"http://creativecommons.org/licenses/by/4.0/legalcode";". Accessed from R via rgbif (https://github.com/ropensci/rgbif) on 2026-04-22";"Spain";305;"305";"305"
"1109";-5.522183;36.395411;"Quercus lusitanica Lam.";NA;NA;NA;"http://creativecommons.org/licenses/by/4.0/legalcode";". Accessed from R via rgbif (https://github.com/ropensci/rgbif) on 2026-04-22";"Spain";305;"305";"305"
"1110";-5.522719;36.394408;"Quercus lusitanica Lam.";NA;NA;NA;"http://creativecommons.org/licenses/by/4.0/legalcode";". Accessed from R via rgbif (https://github.com/ropensci/rgbif) on 2026-04-22";"Spain";305;"305";"305"
"1111";-5.520848;36.393772;"Quercus lusitanica Lam.";NA;NA;NA;"http://creativecommons.org/licenses/by/4.0/legalcode";". Accessed from R via rgbif (https://github.com/ropensci/rgbif) on 2026-04-22";"Spain";305;"305";"305"
"1112";-5.407762;36.622509;"Quercus lusitanica Lam.";NA;NA;NA;"http://creativecommons.org/licenses/by/4.0/legalcode";". Accessed from R via rgbif (https://github.com/ropensci/rgbif) on 2026-04-22";"Spain";305;"305";"305"
"1113";-5.518732;36.387958;"Quercus lusitanica Lam.";NA;NA;NA;"http://creativecommons.org/licenses/by/4.0/legalcode";". Accessed from R via rgbif (https://github.com/ropensci/rgbif) on 2026-04-22";"Spain";305;"305";"305"
"1114";-5.518059;36.395065;"Quercus lusitanica Lam.";NA;NA;NA;"http://creativecommons.org/licenses/by/4.0/legalcode";". Accessed from R via rgbif (https://github.com/ropensci/rgbif) on 2026-04-22";"Spain";305;"305";"305"
"1115";-5.523681;36.252968;"Quercus lusitanica Lam.";NA;NA;NA;"http://creativecommons.org/licenses/by/4.0/legalcode";". Accessed from R via rgbif (https://github.com/ropensci/rgbif) on 2026-04-22";"Spain";305;"305";"305"
"1116";-5.522338;36.398805;"Quercus lusitanica Lam.";NA;NA;NA;"http://creativecommons.org/licenses/by/4.0/legalcode";". Accessed from R via rgbif (https://github.com/ropensci/rgbif) on 2026-04-22";"Spain";305;"305";"305"
"1117";-5.535006;36.25216;"Quercus lusitanica Lam.";NA;NA;NA;"http://creativecommons.org/licenses/by/4.0/legalcode";". Accessed from R via rgbif (https://github.com/ropensci/rgbif) on 2026-04-22";"Spain";305;"305";"305"
"1118";-5.522554;36.404109;"Quercus lusitanica Lam.";NA;NA;NA;"http://creativecommons.org/licenses/by/4.0/legalcode";". Accessed from R via rgbif (https://github.com/ropensci/rgbif) on 2026-04-22";"Spain";305;"305";"305"
"1119";-5.5226;36.39451;"Quercus lusitanica Lam.";NA;NA;NA;"http://creativecommons.org/licenses/by/4.0/legalcode";". Accessed from R via rgbif (https://github.com/ropensci/rgbif) on 2026-04-22";"Spain";305;"305";"305"
"1120";-5.518844;36.394869;"Quercus lusitanica Lam.";NA;NA;NA;"http://creativecommons.org/licenses/by/4.0/legalcode";". Accessed from R via rgbif (https://github.com/ropensci/rgbif) on 2026-04-22";"Spain";305;"305";"305"
"1121";-5.525244;36.404539;"Quercus lusitanica Lam.";NA;NA;NA;"http://creativecommons.org/licenses/by/4.0/legalcode";". Accessed from R via rgbif (https://github.com/ropensci/rgbif) on 2026-04-22";"Spain";305;"305";"305"
"1122";-5.395133;36.228951;"Quercus lusitanica Lam.";NA;NA;NA;"http://creativecommons.org/licenses/by/4.0/legalcode";". Accessed from R via rgbif (https://github.com/ropensci/rgbif) on 2026-04-22";"Spain";305;"305";"305"
"1123";-5.520752;36.410808;"Quercus lusitanica Lam.";NA;NA;NA;"http://creativecommons.org/licenses/by/4.0/legalcode";". Accessed from R via rgbif (https://github.com/ropensci/rgbif) on 2026-04-22";"Spain";305;"305";"305"
"1124";-5.520685;36.393189;"Quercus lusitanica Lam.";NA;NA;NA;"http://creativecommons.org/licenses/by/4.0/legalcode";". Accessed from R via rgbif (https://github.com/ropensci/rgbif) on 2026-04-22";"Spain";305;"305";"305"
"1125";-5.522403;36.405996;"Quercus lusitanica Lam.";NA;NA;NA;"http://creativecommons.org/licenses/by/4.0/legalcode";". Accessed from R via rgbif (https://github.com/ropensci/rgbif) on 2026-04-22";"Spain";305;"305";"305"
"1126";-5.518807;36.250177;"Quercus lusitanica Lam.";NA;NA;NA;"http://creativecommons.org/licenses/by/4.0/legalcode";". Accessed from R via rgbif (https://github.com/ropensci/rgbif) on 2026-04-22";"Spain";305;"305";"305"
"1127";-5.521604;36.394378;"Quercus lusitanica Lam.";NA;NA;NA;"http://creativecommons.org/licenses/by/4.0/legalcode";". Accessed from R via rgbif (https://github.com/ropensci/rgbif) on 2026-04-22";"Spain";305;"305";"305"
"1128";-5.397224;36.228585;"Quercus lusitanica Lam.";NA;NA;NA;"http://creativecommons.org/licenses/by/4.0/legalcode";". Accessed from R via rgbif (https://github.com/ropensci/rgbif) on 2026-04-22";"Spain";305;"305";"305"
"1129";-5.520408;36.394637;"Quercus lusitanica Lam.";NA;NA;NA;"http://creativecommons.org/licenses/by/4.0/legalcode";". Accessed from R via rgbif (https://github.com/ropensci/rgbif) on 2026-04-22";"Spain";305;"305";"305"
"1130";-5.526601;36.250328;"Quercus lusitanica Lam.";NA;NA;NA;"http://creativecommons.org/licenses/by/4.0/legalcode";". Accessed from R via rgbif (https://github.com/ropensci/rgbif) on 2026-04-22";"Spain";305;"305";"305"
"1131";-5.521789;36.405964;"Quercus lusitanica Lam.";NA;NA;NA;"http://creativecommons.org/licenses/by/4.0/legalcode";". Accessed from R via rgbif (https://github.com/ropensci/rgbif) on 2026-04-22";"Spain";305;"305";"305"
"1132";-5.493093;36.260739;"Quercus lusitanica Lam.";NA;NA;NA;"http://creativecommons.org/licenses/by/4.0/legalcode";". Accessed from R via rgbif (https://github.com/ropensci/rgbif) on 2026-04-22";"Spain";305;"305";"305"
"1133";-5.521751;36.385497;"Quercus lusitanica Lam.";NA;NA;NA;"http://creativecommons.org/licenses/by/4.0/legalcode";". Accessed from R via rgbif (https://github.com/ropensci/rgbif) on 2026-04-22";"Spain";305;"305";"305"
"1134";-5.522332;36.388279;"Quercus lusitanica Lam.";NA;NA;NA;"http://creativecommons.org/licenses/by/4.0/legalcode";". Accessed from R via rgbif (https://github.com/ropensci/rgbif) on 2026-04-22";"Spain";305;"305";"305"
"1135";-5.522401;36.40523;"Quercus lusitanica Lam.";NA;NA;NA;"http://creativecommons.org/licenses/by/4.0/legalcode";". Accessed from R via rgbif (https://github.com/ropensci/rgbif) on 2026-04-22";"Spain";305;"305";"305"
"1136";-5.519752;36.385026;"Quercus lusitanica Lam.";NA;NA;NA;"http://creativecommons.org/licenses/by/4.0/legalcode";". Accessed from R via rgbif (https://github.com/ropensci/rgbif) on 2026-04-22";"Spain";305;"305";"305"
"1137";-5.520516;36.39349;"Quercus lusitanica Lam.";NA;NA;NA;"http://creativecommons.org/licenses/by/4.0/legalcode";". Accessed from R via rgbif (https://github.com/ropensci/rgbif) on 2026-04-22";"Spain";305;"305";"305"
"1138";-5.394668;36.229763;"Quercus lusitanica Lam.";NA;NA;NA;"http://creativecommons.org/licenses/by/4.0/legalcode";". Accessed from R via rgbif (https://github.com/ropensci/rgbif) on 2026-04-22";"Spain";305;"305";"305"
"1139";-5.525973;36.401919;"Quercus lusitanica Lam.";NA;NA;NA;"http://creativecommons.org/licenses/by/4.0/legalcode";". Accessed from R via rgbif (https://github.com/ropensci/rgbif) on 2026-04-22";"Spain";305;"305";"305"
"1140";-5.520639;36.386251;"Quercus lusitanica Lam.";NA;NA;NA;"http://creativecommons.org/licenses/by/4.0/legalcode";". Accessed from R via rgbif (https://github.com/ropensci/rgbif) on 2026-04-22";"Spain";305;"305";"305"
"1141";-5.521017;36.405899;"Quercus lusitanica Lam.";NA;NA;NA;"http://creativecommons.org/licenses/by/4.0/legalcode";". Accessed from R via rgbif (https://github.com/ropensci/rgbif) on 2026-04-22";"Spain";305;"305";"305"
"1142";-5.516728;36.395643;"Quercus lusitanica Lam.";NA;NA;NA;"http://creativecommons.org/licenses/by/4.0/legalcode";". Accessed from R via rgbif (https://github.com/ropensci/rgbif) on 2026-04-22";"Spain";305;"305";"305"
"1143";-5.523458;36.408624;"Quercus lusitanica Lam.";NA;NA;NA;"http://creativecommons.org/licenses/by/4.0/legalcode";". Accessed from R via rgbif (https://github.com/ropensci/rgbif) on 2026-04-22";"Spain";305;"305";"305"
"1144";-5.519181;36.387714;"Quercus lusitanica Lam.";NA;NA;NA;"http://creativecommons.org/licenses/by/4.0/legalcode";". Accessed from R via rgbif (https://github.com/ropensci/rgbif) on 2026-04-22";"Spain";305;"305";"305"
"1145";-5.518401;36.393598;"Quercus lusitanica Lam.";NA;NA;NA;"http://creativecommons.org/licenses/by/4.0/legalcode";". Accessed from R via rgbif (https://github.com/ropensci/rgbif) on 2026-04-22";"Spain";305;"305";"305"
"1146";-5.521866;36.392849;"Quercus lusitanica Lam.";NA;NA;NA;"http://creativecommons.org/licenses/by/4.0/legalcode";". Accessed from R via rgbif (https://github.com/ropensci/rgbif) on 2026-04-22";"Spain";305;"305";"305"
"1147";-5.518218;36.393088;"Quercus lusitanica Lam.";NA;NA;NA;"http://creativecommons.org/licenses/by/4.0/legalcode";". Accessed from R via rgbif (https://github.com/ropensci/rgbif) on 2026-04-22";"Spain";305;"305";"305"
