"Lon";"Lat";"scientificName";"year";"month";"day";"accessRights";"bibliographicCitation";"X_leaflet_id";"layerId";"edit_id"
"1";-3.0565641;48.8389778;"Laminaria ochroleuca";"2017";"4";"18";"This work is licensed under a  Creative Commons Attribution (CC-BY) 4.0 License";"Institut Français de Recherche pour l’Exploitation de la MER (2022). Macrophytes occurrence data within French Mediterranen Lagoon since 2006 NA QUADRIGE - Coastal monitoring database and products, 1974 onwards. (6064) (Available: Ocean Biogeographic Information System. Intergovernmental Oceanographic Commission of UNESCO. www.iobis.org. Accessed: 2026-04-21 14:09:43.138385";324;"324";"324"
"2";-5.14172;48.44537;"Laminaria ochroleuca";"2017";"4";"21";"This work is licensed under a  Creative Commons Attribution Non Commercial (CC-BY-NC) 4.0 License";"REBENT network (2019). Intertidal and Subtidal Macroalgae taxa data  in ODV format from French REBENT Network. SEANOE. Https://doi.org/10.17882/60891 NA Intertidal and Subtidal Macroalgae taxa data in ODV format from French REBENT Network (Available: Ocean Biogeographic Information System. Intergovernmental Oceanographic Commission of UNESCO. www.iobis.org. Accessed: 2026-04-21 14:09:43.367691";324;"324";"324"
"3";-3.951233;47.721667;"Laminaria ochroleuca";NA;NA;NA;"This work is licensed under a  Creative Commons Attribution Non Commercial (CC-BY-NC) 4.0 License";"Cite data as:Rassweiler, A., Novak, M., Okamoto, D., Byrnes, J., Krumhansl, K. (2016). Global Kelp Timeseries from NCEAS/KEEN Working Group. Florida State University, Oregon State University, Simon Fraser University, University of Massachusetts Boston. Data accessed at http://catalogue-temperatereefbase.imas.utas.edu.au:/geonetwork/srv/en/metadata.show?uuid=ecbe5cc3-3fbf-4569-b5e8-07c2201fcb9c on [access date].

If you have kelp timeseries greater than 3 years in length, please consider contributing to the data set. Contact Jarrett Byrnes for details. IMAS and University of Massachusetts NCEAS-KEEN-TS (Available: Ocean Biogeographic Information System. Intergovernmental Oceanographic Commission of UNESCO. www.iobis.org. Accessed: 2026-04-21 14:09:44.583438";324;"324";"324"
"4";-6.313705;49.92338;"Laminaria ochroleuca";NA;NA;NA;"This work is licensed under a  Creative Commons Attribution (CC-BY) 4.0 License";"Joint Nature Conservation Committee (JNCC) (2021): Marine Recorder Snapshot extract of surveys entered by JNCC. v2.1. Marine Biological Association. Dataset/Samplingevent. https://doi.org/10.17031/mehqrq DASSH NA (Available: Ocean Biogeographic Information System. Intergovernmental Oceanographic Commission of UNESCO. www.iobis.org. Accessed: 2026-04-21 14:09:46.775415";324;"324";"324"
"5";-6.29795;49.97683;"Laminaria ochroleuca";NA;NA;NA;"This work is licensed under a  Creative Commons Attribution (CC-BY) 4.0 License";"Natural England (NE) (2021): Marine Recorder Snapshot extract of surveys entered by Natural England. v2.1. Marine Biological Association. Dataset/Samplingevent. https://doi.org/10.17031/thn0xd DASSH NA (Available: Ocean Biogeographic Information System. Intergovernmental Oceanographic Commission of UNESCO. www.iobis.org. Accessed: 2026-04-21 14:09:46.985744";324;"324";"324"
"6";-6.314701;49.92657;"Laminaria ochroleuca";NA;NA;NA;"This work is licensed under a  Creative Commons Attribution (CC-BY) 4.0 License";"Natural England (NE) (2021): Marine Recorder Snapshot extract of surveys entered by Natural England. v2.1. Marine Biological Association. Dataset/Samplingevent. https://doi.org/10.17031/thn0xd DASSH NA (Available: Ocean Biogeographic Information System. Intergovernmental Oceanographic Commission of UNESCO. www.iobis.org. Accessed: 2026-04-21 14:09:46.985744";324;"324";"324"
"7";-4.135636;50.33822;"Laminaria ochroleuca";NA;NA;NA;"This work is licensed under a  Creative Commons Attribution (CC-BY) 4.0 License";"Natural England (NE) (2021): Marine Recorder Snapshot extract of surveys entered by Natural England. v2.1. Marine Biological Association. Dataset/Samplingevent. https://doi.org/10.17031/thn0xd DASSH NA (Available: Ocean Biogeographic Information System. Intergovernmental Oceanographic Commission of UNESCO. www.iobis.org. Accessed: 2026-04-21 14:09:46.985744";324;"324";"324"
"8";-2.526006;49.4225;"Laminaria ochroleuca";NA;NA;NA;"This work is licensed under a  Creative Commons Attribution (CC-BY) 4.0 License";"SeaSearch (2021): Marine Recorder Snapshot extract of surveys entered by SeaSearch. v2.1. Marine Biological Association. Dataset/Samplingevent. https://doi.org/10.17031/yq0gbg DASSH NA (Available: Ocean Biogeographic Information System. Intergovernmental Oceanographic Commission of UNESCO. www.iobis.org. Accessed: 2026-04-21 14:09:47.592558";324;"324";"324"
"9";-5.016334;50.14034;"Laminaria ochroleuca";NA;NA;NA;"This work is licensed under a  Creative Commons Attribution (CC-BY) 4.0 License";"Natural England (NE) (2021): Marine Recorder Snapshot extract of surveys entered by Natural England. v2.1. Marine Biological Association. Dataset/Samplingevent. https://doi.org/10.17031/thn0xd DASSH NA (Available: Ocean Biogeographic Information System. Intergovernmental Oceanographic Commission of UNESCO. www.iobis.org. Accessed: 2026-04-21 14:09:46.985744";324;"324";"324"
"10";-2.369467;49.44507;"Laminaria ochroleuca";NA;NA;NA;"This work is licensed under a  Creative Commons Attribution (CC-BY) 4.0 License";"SeaSearch (2021): Marine Recorder Snapshot extract of surveys entered by SeaSearch. v2.1. Marine Biological Association. Dataset/Samplingevent. https://doi.org/10.17031/yq0gbg DASSH NA (Available: Ocean Biogeographic Information System. Intergovernmental Oceanographic Commission of UNESCO. www.iobis.org. Accessed: 2026-04-21 14:09:47.592558";324;"324";"324"
"11";-4.1360712;50.338249;"Laminaria ochroleuca";"1998";"10";"2";"This work is licensed under a  Creative Commons Attribution Non Commercial (CC-BY-NC) 4.0 License";"Marine Biological Association of the UK (MBA); (2016): DASSH: The UK Archive for Marine Species and Habitats Data Marine Biological Association of the UK (MBA) The Marine Biological Association of the United Kingdom (Available: Ocean Biogeographic Information System. Intergovernmental Oceanographic Commission of UNESCO. www.iobis.org. Accessed: 2026-04-21 14:09:47.909888";324;"324";"324"
"12";-8.82277777777778;41.6405555555556;"Laminaria ochroleuca";"2003";"2";"1";"This work is licensed under a  Creative Commons Attribution (CC-BY) 4.0 License";"Aráujo R., Bárbara I, Tibaldo M., Berecibar E., Díaz Tapia P., Pereira R., Santos R. &amp; Sousa-Pinto I. Checklist of benthic marine algae and cyanobacteria of northern Portugal. Centre of Marine and Environmental Research; Interdisciplinary Centre for Marine and Environmental Research (Porto) (Ciimar). CIIMAR Checklist Northern Portugal (Available: Ocean Biogeographic Information System. Intergovernmental Oceanographic Commission of UNESCO. www.iobis.org. Accessed: 2026-04-21 14:09:48.130906";324;"324";"324"
"13";-5.074501;50.09417;"Laminaria ochroleuca";NA;NA;NA;"This work is licensed under a  Creative Commons Attribution (CC-BY) 4.0 License";"Natural England (NE) (2021): Marine Recorder Snapshot extract of surveys entered by Natural England. v2.1. Marine Biological Association. Dataset/Samplingevent. https://doi.org/10.17031/thn0xd DASSH NA (Available: Ocean Biogeographic Information System. Intergovernmental Oceanographic Commission of UNESCO. www.iobis.org. Accessed: 2026-04-21 14:09:46.985744";324;"324";"324"
"14";-6.261523;49.9439;"Laminaria ochroleuca";NA;NA;NA;"This work is licensed under a  Creative Commons Attribution (CC-BY) 4.0 License";"Natural England (NE) (2021): Marine Recorder Snapshot extract of surveys entered by Natural England. v2.1. Marine Biological Association. Dataset/Samplingevent. https://doi.org/10.17031/thn0xd DASSH NA (Available: Ocean Biogeographic Information System. Intergovernmental Oceanographic Commission of UNESCO. www.iobis.org. Accessed: 2026-04-21 14:09:46.985744";324;"324";"324"
"15";-6.286189;49.90875;"Laminaria ochroleuca";NA;NA;NA;"This work is licensed under a  Creative Commons Attribution (CC-BY) 4.0 License";"SeaSearch (2021): Marine Recorder Snapshot extract of surveys entered by SeaSearch. v2.1. Marine Biological Association. Dataset/Samplingevent. https://doi.org/10.17031/yq0gbg DASSH NA (Available: Ocean Biogeographic Information System. Intergovernmental Oceanographic Commission of UNESCO. www.iobis.org. Accessed: 2026-04-21 14:09:47.592558";324;"324";"324"
"16";-3.776329;50.22929;"Laminaria ochroleuca";NA;NA;NA;"This work is licensed under a  Creative Commons Attribution (CC-BY) 4.0 License";"Joint Nature Conservation Committee (JNCC) (2021): Marine Recorder Snapshot extract of surveys entered by JNCC. v2.1. Marine Biological Association. Dataset/Samplingevent. https://doi.org/10.17031/mehqrq DASSH NA (Available: Ocean Biogeographic Information System. Intergovernmental Oceanographic Commission of UNESCO. www.iobis.org. Accessed: 2026-04-21 14:09:46.775415";324;"324";"324"
"17";-4.20035;50.33359;"Laminaria ochroleuca";"2012";"07";"07";"This work is licensed under a  Creative Commons Attribution Non Commercial (CC-BY-NC) 4.0 License";"Marine Biological Association 42 (Available: Ocean Biogeographic Information System. Intergovernmental Oceanographic Commission of UNESCO. www.iobis.org. Accessed: 2026-04-21 14:09:50.064812";324;"324";"324"
"18";-8.853888889;41.69722222;"Laminaria ochroleuca";"2003";NA;NA;"This work is licensed under a  Creative Commons Attribution Non Commercial (CC-BY-NC) 4.0 License";"Sousa-Pinto I. &amp; Araújo, R. (2003). Intertidal rocky shore assemblages in Portugal. Centro Interdisciplinar de Investigaçao Marinha e Ambiental (CIMAR), Portugal. MarBEF/LargeNet cb (Available: Ocean Biogeographic Information System. Intergovernmental Oceanographic Commission of UNESCO. www.iobis.org. Accessed: 2026-04-21 14:09:48.444125";324;"324";"324"
"19";-4.128217;50.33763;"Laminaria ochroleuca";NA;NA;NA;"This work is licensed under a  Creative Commons Attribution (CC-BY) 4.0 License";"SeaSearch (2021): Marine Recorder Snapshot extract of surveys entered by SeaSearch. v2.1. Marine Biological Association. Dataset/Samplingevent. https://doi.org/10.17031/yq0gbg DASSH NA (Available: Ocean Biogeographic Information System. Intergovernmental Oceanographic Commission of UNESCO. www.iobis.org. Accessed: 2026-04-21 14:09:47.592558";324;"324";"324"
"20";-5.06533;50.06617;"Laminaria ochroleuca";NA;NA;NA;"This work is licensed under a  Creative Commons Attribution (CC-BY) 4.0 License";"SeaSearch (2021): Marine Recorder Snapshot extract of surveys entered by SeaSearch. v2.1. Marine Biological Association. Dataset/Samplingevent. https://doi.org/10.17031/yq0gbg DASSH NA (Available: Ocean Biogeographic Information System. Intergovernmental Oceanographic Commission of UNESCO. www.iobis.org. Accessed: 2026-04-21 14:09:47.592558";324;"324";"324"
"21";-5.074668;50.09417;"Laminaria ochroleuca";NA;NA;NA;"This work is licensed under a  Creative Commons Attribution (CC-BY) 4.0 License";"Natural England (NE) (2021): Marine Recorder Snapshot extract of surveys entered by Natural England. v2.1. Marine Biological Association. Dataset/Samplingevent. https://doi.org/10.17031/thn0xd DASSH NA (Available: Ocean Biogeographic Information System. Intergovernmental Oceanographic Commission of UNESCO. www.iobis.org. Accessed: 2026-04-21 14:09:46.985744";324;"324";"324"
"22";-6.280267;49.9144;"Laminaria ochroleuca";NA;NA;NA;"This work is licensed under a  Creative Commons Attribution (CC-BY) 4.0 License";"Natural England (NE) (2021): Marine Recorder Snapshot extract of surveys entered by Natural England. v2.1. Marine Biological Association. Dataset/Samplingevent. https://doi.org/10.17031/thn0xd DASSH NA (Available: Ocean Biogeographic Information System. Intergovernmental Oceanographic Commission of UNESCO. www.iobis.org. Accessed: 2026-04-21 14:09:46.985744";324;"324";"324"
"23";-6.293249;49.97543;"Laminaria ochroleuca";NA;NA;NA;"This work is licensed under a  Creative Commons Attribution (CC-BY) 4.0 License";"Joint Nature Conservation Committee (JNCC) (2021): Marine Recorder Snapshot extract of surveys entered by JNCC. v2.1. Marine Biological Association. Dataset/Samplingevent. https://doi.org/10.17031/mehqrq DASSH NA (Available: Ocean Biogeographic Information System. Intergovernmental Oceanographic Commission of UNESCO. www.iobis.org. Accessed: 2026-04-21 14:09:46.775415";324;"324";"324"
"24";-5.186722;49.97245;"Laminaria ochroleuca";NA;NA;NA;"This work is licensed under a  Creative Commons Attribution (CC-BY) 4.0 License";"Joint Nature Conservation Committee (JNCC) (2021): Marine Recorder Snapshot extract of surveys entered by JNCC. v2.1. Marine Biological Association. Dataset/Samplingevent. https://doi.org/10.17031/mehqrq DASSH NA (Available: Ocean Biogeographic Information System. Intergovernmental Oceanographic Commission of UNESCO. www.iobis.org. Accessed: 2026-04-21 14:09:46.775415";324;"324";"324"
"25";-6.335305;49.88858;"Laminaria ochroleuca";NA;NA;NA;"This work is licensed under a  Creative Commons Attribution (CC-BY) 4.0 License";"Natural England (NE) (2021): Marine Recorder Snapshot extract of surveys entered by Natural England. v2.1. Marine Biological Association. Dataset/Samplingevent. https://doi.org/10.17031/thn0xd DASSH NA (Available: Ocean Biogeographic Information System. Intergovernmental Oceanographic Commission of UNESCO. www.iobis.org. Accessed: 2026-04-21 14:09:46.985744";324;"324";"324"
"26";-6.275192;49.93074;"Laminaria ochroleuca";NA;NA;NA;"This work is licensed under a  Creative Commons Attribution (CC-BY) 4.0 License";"Joint Nature Conservation Committee (JNCC) (2021): Marine Recorder Snapshot extract of surveys entered by JNCC. v2.1. Marine Biological Association. Dataset/Samplingevent. https://doi.org/10.17031/mehqrq DASSH NA (Available: Ocean Biogeographic Information System. Intergovernmental Oceanographic Commission of UNESCO. www.iobis.org. Accessed: 2026-04-21 14:09:46.775415";324;"324";"324"
"27";-3.05655;48.83898;"Laminaria ochroleuca";"2007";"5";"13";"This work is licensed under a  Creative Commons Attribution Non Commercial (CC-BY-NC) 4.0 License";"REBENT network (2019). Intertidal and Subtidal Macroalgae taxa data  in ODV format from French REBENT Network. SEANOE. Https://doi.org/10.17882/60891 NA Intertidal and Subtidal Macroalgae taxa data in ODV format from French REBENT Network (Available: Ocean Biogeographic Information System. Intergovernmental Oceanographic Commission of UNESCO. www.iobis.org. Accessed: 2026-04-21 14:09:43.367691";324;"324";"324"
"28";-2.147031;49.14299;"Laminaria ochroleuca";NA;NA;NA;"This work is licensed under a  Creative Commons Attribution (CC-BY) 4.0 License";"SeaSearch (2021): Marine Recorder Snapshot extract of surveys entered by SeaSearch. v2.1. Marine Biological Association. Dataset/Samplingevent. https://doi.org/10.17031/yq0gbg DASSH NA (Available: Ocean Biogeographic Information System. Intergovernmental Oceanographic Commission of UNESCO. www.iobis.org. Accessed: 2026-04-21 14:09:47.592558";324;"324";"324"
"29";-3.955846;50.22863;"Laminaria ochroleuca";NA;NA;NA;"This work is licensed under a  Creative Commons Attribution (CC-BY) 4.0 License";"SeaSearch (2021): Marine Recorder Snapshot extract of surveys entered by SeaSearch. v2.1. Marine Biological Association. Dataset/Samplingevent. https://doi.org/10.17031/yq0gbg DASSH NA (Available: Ocean Biogeographic Information System. Intergovernmental Oceanographic Commission of UNESCO. www.iobis.org. Accessed: 2026-04-21 14:09:47.592558";324;"324";"324"
"30";-2.9849627;48.8663788;"Laminaria ochroleuca";"2010";"4";"24";"This work is licensed under a  Creative Commons Attribution (CC-BY) 4.0 License";"Institut Français de Recherche pour l’Exploitation de la MER (2022). Macrophytes occurrence data within French Mediterranen Lagoon since 2006 NA QUADRIGE - Coastal monitoring database and products, 1974 onwards. (6064) (Available: Ocean Biogeographic Information System. Intergovernmental Oceanographic Commission of UNESCO. www.iobis.org. Accessed: 2026-04-21 14:09:43.138385";324;"324";"324"
"31";-6.258751;49.93683;"Laminaria ochroleuca";NA;NA;NA;"This work is licensed under a  Creative Commons Attribution (CC-BY) 4.0 License";"SeaSearch (2021): Marine Recorder Snapshot extract of surveys entered by SeaSearch. v2.1. Marine Biological Association. Dataset/Samplingevent. https://doi.org/10.17031/yq0gbg DASSH NA (Available: Ocean Biogeographic Information System. Intergovernmental Oceanographic Commission of UNESCO. www.iobis.org. Accessed: 2026-04-21 14:09:47.592558";324;"324";"324"
"32";-6.284998;49.97333;"Laminaria ochroleuca";NA;NA;NA;"This work is licensed under a  Creative Commons Attribution (CC-BY) 4.0 License";"SeaSearch (2021): Marine Recorder Snapshot extract of surveys entered by SeaSearch. v2.1. Marine Biological Association. Dataset/Samplingevent. https://doi.org/10.17031/yq0gbg DASSH NA (Available: Ocean Biogeographic Information System. Intergovernmental Oceanographic Commission of UNESCO. www.iobis.org. Accessed: 2026-04-21 14:09:47.592558";324;"324";"324"
"33";-6.275773;49.9233;"Laminaria ochroleuca";NA;NA;NA;"This work is licensed under a  Creative Commons Attribution (CC-BY) 4.0 License";"SeaSearch (2021): Marine Recorder Snapshot extract of surveys entered by SeaSearch. v2.1. Marine Biological Association. Dataset/Samplingevent. https://doi.org/10.17031/yq0gbg DASSH NA (Available: Ocean Biogeographic Information System. Intergovernmental Oceanographic Commission of UNESCO. www.iobis.org. Accessed: 2026-04-21 14:09:47.592558";324;"324";"324"
"34";-5.676056;50.03369;"Laminaria ochroleuca";NA;NA;NA;"This work is licensed under a  Creative Commons Attribution (CC-BY) 4.0 License";"SeaSearch (2021): Marine Recorder Snapshot extract of surveys entered by SeaSearch. v2.1. Marine Biological Association. Dataset/Samplingevent. https://doi.org/10.17031/yq0gbg DASSH NA (Available: Ocean Biogeographic Information System. Intergovernmental Oceanographic Commission of UNESCO. www.iobis.org. Accessed: 2026-04-21 14:09:47.592558";324;"324";"324"
"35";-6.261584;49.94522;"Laminaria ochroleuca";NA;NA;NA;"This work is licensed under a  Creative Commons Attribution (CC-BY) 4.0 License";"Natural England (NE) (2021): Marine Recorder Snapshot extract of surveys entered by Natural England. v2.1. Marine Biological Association. Dataset/Samplingevent. https://doi.org/10.17031/thn0xd DASSH NA (Available: Ocean Biogeographic Information System. Intergovernmental Oceanographic Commission of UNESCO. www.iobis.org. Accessed: 2026-04-21 14:09:46.985744";324;"324";"324"
"36";-6.390503;49.9485;"Laminaria ochroleuca";NA;NA;NA;"This work is licensed under a  Creative Commons Attribution (CC-BY) 4.0 License";"SeaSearch (2021): Marine Recorder Snapshot extract of surveys entered by SeaSearch. v2.1. Marine Biological Association. Dataset/Samplingevent. https://doi.org/10.17031/yq0gbg DASSH NA (Available: Ocean Biogeographic Information System. Intergovernmental Oceanographic Commission of UNESCO. www.iobis.org. Accessed: 2026-04-21 14:09:47.592558";324;"324";"324"
"37";-2.346683;49.44782;"Laminaria ochroleuca";NA;NA;NA;"This work is licensed under a  Creative Commons Attribution (CC-BY) 4.0 License";"SeaSearch (2021): Marine Recorder Snapshot extract of surveys entered by SeaSearch. v2.1. Marine Biological Association. Dataset/Samplingevent. https://doi.org/10.17031/yq0gbg DASSH NA (Available: Ocean Biogeographic Information System. Intergovernmental Oceanographic Commission of UNESCO. www.iobis.org. Accessed: 2026-04-21 14:09:47.592558";324;"324";"324"
"38";-6.408065;49.87303;"Laminaria ochroleuca";NA;NA;NA;"This work is licensed under a  Creative Commons Attribution (CC-BY) 4.0 License";"Joint Nature Conservation Committee (JNCC) (2021): Marine Recorder Snapshot extract of surveys entered by JNCC. v2.1. Marine Biological Association. Dataset/Samplingevent. https://doi.org/10.17031/mehqrq DASSH NA (Available: Ocean Biogeographic Information System. Intergovernmental Oceanographic Commission of UNESCO. www.iobis.org. Accessed: 2026-04-21 14:09:46.775415";324;"324";"324"
"39";-6.290122;49.90896;"Laminaria ochroleuca";NA;NA;NA;"This work is licensed under a  Creative Commons Attribution (CC-BY) 4.0 License";"Joint Nature Conservation Committee (JNCC) (2021): Marine Recorder Snapshot extract of surveys entered by JNCC. v2.1. Marine Biological Association. Dataset/Samplingevent. https://doi.org/10.17031/mehqrq DASSH NA (Available: Ocean Biogeographic Information System. Intergovernmental Oceanographic Commission of UNESCO. www.iobis.org. Accessed: 2026-04-21 14:09:46.775415";324;"324";"324"
"40";-5.054855;50.05408;"Laminaria ochroleuca";NA;NA;NA;"This work is licensed under a  Creative Commons Attribution (CC-BY) 4.0 License";"SeaSearch (2021): Marine Recorder Snapshot extract of surveys entered by SeaSearch. v2.1. Marine Biological Association. Dataset/Samplingevent. https://doi.org/10.17031/yq0gbg DASSH NA (Available: Ocean Biogeographic Information System. Intergovernmental Oceanographic Commission of UNESCO. www.iobis.org. Accessed: 2026-04-21 14:09:47.592558";324;"324";"324"
"41";-3.05655;48.83898;"Laminaria ochroleuca";"2017";"4";"21";"This work is licensed under a  Creative Commons Attribution Non Commercial (CC-BY-NC) 4.0 License";"REBENT network (2019). Intertidal and Subtidal Macroalgae taxa data  in ODV format from French REBENT Network. SEANOE. Https://doi.org/10.17882/60891 NA Intertidal and Subtidal Macroalgae taxa data in ODV format from French REBENT Network (Available: Ocean Biogeographic Information System. Intergovernmental Oceanographic Commission of UNESCO. www.iobis.org. Accessed: 2026-04-21 14:09:43.367691";324;"324";"324"
"42";-4.137212;50.33882;"Laminaria ochroleuca";NA;NA;NA;"This work is licensed under a  Creative Commons Attribution (CC-BY) 4.0 License";"Natural England (NE) (2021): Marine Recorder Snapshot extract of surveys entered by Natural England. v2.1. Marine Biological Association. Dataset/Samplingevent. https://doi.org/10.17031/thn0xd DASSH NA (Available: Ocean Biogeographic Information System. Intergovernmental Oceanographic Commission of UNESCO. www.iobis.org. Accessed: 2026-04-21 14:09:46.985744";324;"324";"324"
"43";-6.347656;49.88251;"Laminaria ochroleuca";NA;NA;NA;"This work is licensed under a  Creative Commons Attribution (CC-BY) 4.0 License";"Joint Nature Conservation Committee (JNCC) (2021): Marine Recorder Snapshot extract of surveys entered by JNCC. v2.1. Marine Biological Association. Dataset/Samplingevent. https://doi.org/10.17031/mehqrq DASSH NA (Available: Ocean Biogeographic Information System. Intergovernmental Oceanographic Commission of UNESCO. www.iobis.org. Accessed: 2026-04-21 14:09:46.775415";324;"324";"324"
"44";-25.1;37.05;"Laminaria ochroleuca";"2018";"9";"7";"To the extent possible under law, the publisher has waived all rights to these data and has dedicated them to the  Public Domain (CC0 1.0)";"Tempera, F, E. Atchoi, A.L. Sinde-Mano and D. Milla-Figueras; IMAR - Institute of Marine Research; 2020; Kelp occurrences in the Azores (NE Atlantic) https://dx.doi.org/10.14284/423 NA Kelp occurrences in the Azores (northeast Atlantic) (Available: Ocean Biogeographic Information System. Intergovernmental Oceanographic Commission of UNESCO. www.iobis.org. Accessed: 2026-04-21 14:09:49.537795";324;"324";"324"
"45";-4.80771;48.49023;"Laminaria ochroleuca";"2017";"4";"21";"This work is licensed under a  Creative Commons Attribution Non Commercial (CC-BY-NC) 4.0 License";"REBENT network (2019). Intertidal and Subtidal Macroalgae taxa data  in ODV format from French REBENT Network. SEANOE. Https://doi.org/10.17882/60891 NA Intertidal and Subtidal Macroalgae taxa data in ODV format from French REBENT Network (Available: Ocean Biogeographic Information System. Intergovernmental Oceanographic Commission of UNESCO. www.iobis.org. Accessed: 2026-04-21 14:09:43.367691";324;"324";"324"
"46";-3.0565641;48.8389778;"Laminaria ochroleuca";"2007";"5";"12";"This work is licensed under a  Creative Commons Attribution (CC-BY) 4.0 License";"Institut Français de Recherche pour l’Exploitation de la MER (2022). Macrophytes occurrence data within French Mediterranen Lagoon since 2006 NA QUADRIGE - Coastal monitoring database and products, 1974 onwards. (6064) (Available: Ocean Biogeographic Information System. Intergovernmental Oceanographic Commission of UNESCO. www.iobis.org. Accessed: 2026-04-21 14:09:43.138385";324;"324";"324"
"47";-2.528666;49.453;"Laminaria ochroleuca";NA;NA;NA;"This work is licensed under a  Creative Commons Attribution (CC-BY) 4.0 License";"SeaSearch (2021): Marine Recorder Snapshot extract of surveys entered by SeaSearch. v2.1. Marine Biological Association. Dataset/Samplingevent. https://doi.org/10.17031/yq0gbg DASSH NA (Available: Ocean Biogeographic Information System. Intergovernmental Oceanographic Commission of UNESCO. www.iobis.org. Accessed: 2026-04-21 14:09:47.592558";324;"324";"324"
"48";-4.0058632;48.7596283;"Laminaria ochroleuca";"2006";"6";"5";"This work is licensed under a  Creative Commons Attribution (CC-BY) 4.0 License";"Institut Français de Recherche pour l’Exploitation de la MER (2022). Macrophytes occurrence data within French Mediterranen Lagoon since 2006 NA QUADRIGE - Coastal monitoring database and products, 1974 onwards. (6064) (Available: Ocean Biogeographic Information System. Intergovernmental Oceanographic Commission of UNESCO. www.iobis.org. Accessed: 2026-04-21 14:09:43.138385";324;"324";"324"
"49";-3.465546636;43.48040742;"Laminaria ochroleuca";"1998";"5";"12";"This work is licensed under a  Creative Commons Attribution Non Commercial (CC-BY-NC) 4.0 License";"Juanes, A. J; Environmental Hydraulics Institute (IHCantabria), University of Cantabria, Spain (2019): Biomass of characteristic intertidal and subtidal taxa in the N of Spain from 1992 to 2003 IHCantabria Biomass of Characteristic Intertidal and Subtidal Taxa in the N of Spain from 1992 to 2003 (Available: Ocean Biogeographic Information System. Intergovernmental Oceanographic Commission of UNESCO. www.iobis.org. Accessed: 2026-04-21 14:09:49.014999";324;"324";"324"
"50";-4.155448;50.33441;"Laminaria ochroleuca";NA;NA;NA;"This work is licensed under a  Creative Commons Attribution (CC-BY) 4.0 License";"Joint Nature Conservation Committee (JNCC) (2021): Marine Recorder Snapshot extract of surveys entered by JNCC. v2.1. Marine Biological Association. Dataset/Samplingevent. https://doi.org/10.17031/mehqrq DASSH NA (Available: Ocean Biogeographic Information System. Intergovernmental Oceanographic Commission of UNESCO. www.iobis.org. Accessed: 2026-04-21 14:09:46.775415";324;"324";"324"
"51";-3.465546636;43.48040742;"Laminaria ochroleuca";"1998";"9";"25";"This work is licensed under a  Creative Commons Attribution Non Commercial (CC-BY-NC) 4.0 License";"Juanes, A. J; Environmental Hydraulics Institute (IHCantabria), University of Cantabria, Spain (2019): Biomass of characteristic intertidal and subtidal taxa in the N of Spain from 1992 to 2003 IHCantabria Biomass of Characteristic Intertidal and Subtidal Taxa in the N of Spain from 1992 to 2003 (Available: Ocean Biogeographic Information System. Intergovernmental Oceanographic Commission of UNESCO. www.iobis.org. Accessed: 2026-04-21 14:09:49.014999";324;"324";"324"
"52";-6.35752;49.89924;"Laminaria ochroleuca";NA;NA;NA;"This work is licensed under a  Creative Commons Attribution (CC-BY) 4.0 License";"Joint Nature Conservation Committee (JNCC) (2021): Marine Recorder Snapshot extract of surveys entered by JNCC. v2.1. Marine Biological Association. Dataset/Samplingevent. https://doi.org/10.17031/mehqrq DASSH NA (Available: Ocean Biogeographic Information System. Intergovernmental Oceanographic Commission of UNESCO. www.iobis.org. Accessed: 2026-04-21 14:09:46.775415";324;"324";"324"
"53";-2.541331;49.418;"Laminaria ochroleuca";NA;NA;NA;"This work is licensed under a  Creative Commons Attribution (CC-BY) 4.0 License";"SeaSearch (2021): Marine Recorder Snapshot extract of surveys entered by SeaSearch. v2.1. Marine Biological Association. Dataset/Samplingevent. https://doi.org/10.17031/yq0gbg DASSH NA (Available: Ocean Biogeographic Information System. Intergovernmental Oceanographic Commission of UNESCO. www.iobis.org. Accessed: 2026-04-21 14:09:47.592558";324;"324";"324"
"54";-6.306579;49.96542;"Laminaria ochroleuca";NA;NA;NA;"This work is licensed under a  Creative Commons Attribution (CC-BY) 4.0 License";"SeaSearch (2021): Marine Recorder Snapshot extract of surveys entered by SeaSearch. v2.1. Marine Biological Association. Dataset/Samplingevent. https://doi.org/10.17031/yq0gbg DASSH NA (Available: Ocean Biogeographic Information System. Intergovernmental Oceanographic Commission of UNESCO. www.iobis.org. Accessed: 2026-04-21 14:09:47.592558";324;"324";"324"
"55";-6.295278;49.90427;"Laminaria ochroleuca";NA;NA;NA;"This work is licensed under a  Creative Commons Attribution (CC-BY) 4.0 License";"Joint Nature Conservation Committee (JNCC) (2021): Marine Recorder Snapshot extract of surveys entered by JNCC. v2.1. Marine Biological Association. Dataset/Samplingevent. https://doi.org/10.17031/mehqrq DASSH NA (Available: Ocean Biogeographic Information System. Intergovernmental Oceanographic Commission of UNESCO. www.iobis.org. Accessed: 2026-04-21 14:09:46.775415";324;"324";"324"
"56";-6.356792;49.89117;"Laminaria ochroleuca";NA;NA;NA;"This work is licensed under a  Creative Commons Attribution (CC-BY) 4.0 License";"Joint Nature Conservation Committee (JNCC) (2021): Marine Recorder Snapshot extract of surveys entered by JNCC. v2.1. Marine Biological Association. Dataset/Samplingevent. https://doi.org/10.17031/mehqrq DASSH NA (Available: Ocean Biogeographic Information System. Intergovernmental Oceanographic Commission of UNESCO. www.iobis.org. Accessed: 2026-04-21 14:09:46.775415";324;"324";"324"
"57";-6.274466;49.92726;"Laminaria ochroleuca";NA;NA;NA;"This work is licensed under a  Creative Commons Attribution (CC-BY) 4.0 License";"Joint Nature Conservation Committee (JNCC) (2021): Marine Recorder Snapshot extract of surveys entered by JNCC. v2.1. Marine Biological Association. Dataset/Samplingevent. https://doi.org/10.17031/mehqrq DASSH NA (Available: Ocean Biogeographic Information System. Intergovernmental Oceanographic Commission of UNESCO. www.iobis.org. Accessed: 2026-04-21 14:09:46.775415";324;"324";"324"
"58";-6.347669;49.88034;"Laminaria ochroleuca";NA;NA;NA;"This work is licensed under a  Creative Commons Attribution (CC-BY) 4.0 License";"SeaSearch (2021): Marine Recorder Snapshot extract of surveys entered by SeaSearch. v2.1. Marine Biological Association. Dataset/Samplingevent. https://doi.org/10.17031/yq0gbg DASSH NA (Available: Ocean Biogeographic Information System. Intergovernmental Oceanographic Commission of UNESCO. www.iobis.org. Accessed: 2026-04-21 14:09:47.592558";324;"324";"324"
"59";-6.335339;49.88167;"Laminaria ochroleuca";NA;NA;NA;"This work is licensed under a  Creative Commons Attribution (CC-BY) 4.0 License";"SeaSearch (2021): Marine Recorder Snapshot extract of surveys entered by SeaSearch. v2.1. Marine Biological Association. Dataset/Samplingevent. https://doi.org/10.17031/yq0gbg DASSH NA (Available: Ocean Biogeographic Information System. Intergovernmental Oceanographic Commission of UNESCO. www.iobis.org. Accessed: 2026-04-21 14:09:47.592558";324;"324";"324"
"60";-8.7105;41.1973;"Laminaria ochroleuca";"2006";"8";"9";"This work is licensed under a  Creative Commons Attribution (CC-BY) 4.0 License";"Arenas Parra, F.; Sousa Pinto, I.; Interdisciplinary Centre for Marine and Environmental Research (Porto) (CIIMAR) - University of Porto, Portugal; (2012). Monitoring Porto 2006-2008. https://dx.doi.org/10.14284/65 CIIMAR Monitoring Porto 2006-2008 (Available: Ocean Biogeographic Information System. Intergovernmental Oceanographic Commission of UNESCO. www.iobis.org. Accessed: 2026-04-21 14:09:51.025371";324;"324";"324"
"61";-2.98495;48.86638;"Laminaria ochroleuca";"2016";"5";"29";"Unrestricted";"Agence pour la recherche et la Valorisation Marines (ARVAM); Cellule De Suivi Du Littoral Normand (CSLN); Creocean;  Groupe d'Etude des Milieux Estuariens et Littoraux; Groupe d'étude des milieux estuariens et littoraux Normandie (GEMEL Normandie); Hemisphere Sub; Impact Mer; Institut Français de Recherche pour l'Exploitation de la Mer (IFREMER); MAREX Expertise &amp; Conseil en Environnement Marin (MAREX); National Natural History Museum Paris; CRESCO - Station de biologie marine de Dinard; National Natural History Museum Paris; Station de Biologie Marine de Concarneau; Pierre &amp; Marie Curie University; Roscoff biology station (RBS); TBM Environnement; The National Center for Scientific Research; Laboratoire d'Ecogéochimie des Environnements Benthiques UMR 8222 (LECOB); The National Center for Scientific Research; Laboratoire d’Océanologie et de Géosciences - UMR 8187 LOG (LOG); Université Bordeaux 1; Environnements et Paléoenvironnements Océaniques (EPOC); Université de Bretagne Occidentale; Institut Universitaire Européen de la Mer (IUEM); Université de Bretagne Occidentale; Laboratoire d'écophysiologie et de biotechnologie des halophytes et algues Marines (IUEM-LEBHAM); Université de Bretagne Occidentale; Laboratory of Sciences of the Marine Environment CNRS-UMR6539 (LEMAR); Université de la Réunion; Laboratoire d'Ecologie Marine (ECOMAR); Université de Liège; Station de Recherche Sous-marines et Océanographiques (STARESO); Université de Nantes; Laboratoire de Biologie Marine (Bio-littoral); Université des Sciences et Technologies de Lille; Station Marine de Wimereux (INSU/CNRS); (2019): REBENT - Réseau Benthique. 486 NA (Available: Ocean Biogeographic Information System. Intergovernmental Oceanographic Commission of UNESCO. www.iobis.org. Accessed: 2026-04-21 14:09:51.251532";324;"324";"324"
"62";8.851667;41.691667;"Laminaria ochroleuca";NA;NA;NA;"To the extent possible under law, the publisher has waived all rights to these data and has dedicated them to the  Public Domain (CC0 1.0)";"Dept. Botany, CIMAR, University of Porto NaGISA (Available: Ocean Biogeographic Information System. Intergovernmental Oceanographic Commission of UNESCO. www.iobis.org. Accessed: 2026-04-21 14:09:51.469157";324;"324";"324"
"63";-2.342838;49.43266;"Laminaria ochroleuca";NA;NA;NA;"This work is licensed under a  Creative Commons Attribution (CC-BY) 4.0 License";"SeaSearch (2021): Marine Recorder Snapshot extract of surveys entered by SeaSearch. v2.1. Marine Biological Association. Dataset/Samplingevent. https://doi.org/10.17031/yq0gbg DASSH NA (Available: Ocean Biogeographic Information System. Intergovernmental Oceanographic Commission of UNESCO. www.iobis.org. Accessed: 2026-04-21 14:09:47.592558";324;"324";"324"
"64";-6.252661;49.96911;"Laminaria ochroleuca";NA;NA;NA;"This work is licensed under a  Creative Commons Attribution (CC-BY) 4.0 License";"SeaSearch (2021): Marine Recorder Snapshot extract of surveys entered by SeaSearch. v2.1. Marine Biological Association. Dataset/Samplingevent. https://doi.org/10.17031/yq0gbg DASSH NA (Available: Ocean Biogeographic Information System. Intergovernmental Oceanographic Commission of UNESCO. www.iobis.org. Accessed: 2026-04-21 14:09:47.592558";324;"324";"324"
"65";-4.112187;50.30667;"Laminaria ochroleuca";NA;NA;NA;"This work is licensed under a  Creative Commons Attribution (CC-BY) 4.0 License";"SeaSearch (2021): Marine Recorder Snapshot extract of surveys entered by SeaSearch. v2.1. Marine Biological Association. Dataset/Samplingevent. https://doi.org/10.17031/yq0gbg DASSH NA (Available: Ocean Biogeographic Information System. Intergovernmental Oceanographic Commission of UNESCO. www.iobis.org. Accessed: 2026-04-21 14:09:47.592558";324;"324";"324"
"66";-6.257334;49.971;"Laminaria ochroleuca";NA;NA;NA;"This work is licensed under a  Creative Commons Attribution (CC-BY) 4.0 License";"SeaSearch (2021): Marine Recorder Snapshot extract of surveys entered by SeaSearch. v2.1. Marine Biological Association. Dataset/Samplingevent. https://doi.org/10.17031/yq0gbg DASSH NA (Available: Ocean Biogeographic Information System. Intergovernmental Oceanographic Commission of UNESCO. www.iobis.org. Accessed: 2026-04-21 14:09:47.592558";324;"324";"324"
"67";-4.108999;50.314965;"Laminaria ochroleuca";NA;NA;NA;"This work is licensed under a  Creative Commons Attribution (CC-BY 4.0) License";"Sinde Mano A L, Monteiro C, Pádua Lima F, Pereira J, Nieto Vilela R A, Seabra R (2024). Biodiversity data from rocky intertidal zones, surveyed from Scotland to Morocco in 2022 and 2023. Version 1.2. CIBIO (Research Center in Biodiversity and Genetic Resources) Portugal. Samplingevent dataset. http://ipt.gbif.pt/ipt/resource?r=intertidal_biodiversity_northatlantic22&amp;v=1.2 CIBIO NA (Available: Ocean Biogeographic Information System. Intergovernmental Oceanographic Commission of UNESCO. www.iobis.org. Accessed: 2026-04-21 14:09:51.687796";324;"324";"324"
"68";-3.05655;48.83898;"Laminaria ochroleuca";"2017";"4";"18";"Unrestricted";"Agence pour la recherche et la Valorisation Marines (ARVAM); Cellule De Suivi Du Littoral Normand (CSLN); Creocean;  Groupe d'Etude des Milieux Estuariens et Littoraux; Groupe d'étude des milieux estuariens et littoraux Normandie (GEMEL Normandie); Hemisphere Sub; Impact Mer; Institut Français de Recherche pour l'Exploitation de la Mer (IFREMER); MAREX Expertise &amp; Conseil en Environnement Marin (MAREX); National Natural History Museum Paris; CRESCO - Station de biologie marine de Dinard; National Natural History Museum Paris; Station de Biologie Marine de Concarneau; Pierre &amp; Marie Curie University; Roscoff biology station (RBS); TBM Environnement; The National Center for Scientific Research; Laboratoire d'Ecogéochimie des Environnements Benthiques UMR 8222 (LECOB); The National Center for Scientific Research; Laboratoire d’Océanologie et de Géosciences - UMR 8187 LOG (LOG); Université Bordeaux 1; Environnements et Paléoenvironnements Océaniques (EPOC); Université de Bretagne Occidentale; Institut Universitaire Européen de la Mer (IUEM); Université de Bretagne Occidentale; Laboratoire d'écophysiologie et de biotechnologie des halophytes et algues Marines (IUEM-LEBHAM); Université de Bretagne Occidentale; Laboratory of Sciences of the Marine Environment CNRS-UMR6539 (LEMAR); Université de la Réunion; Laboratoire d'Ecologie Marine (ECOMAR); Université de Liège; Station de Recherche Sous-marines et Océanographiques (STARESO); Université de Nantes; Laboratoire de Biologie Marine (Bio-littoral); Université des Sciences et Technologies de Lille; Station Marine de Wimereux (INSU/CNRS); (2019): REBENT - Réseau Benthique. 486 NA (Available: Ocean Biogeographic Information System. Intergovernmental Oceanographic Commission of UNESCO. www.iobis.org. Accessed: 2026-04-21 14:09:51.251532";324;"324";"324"
"69";-6.32;49.97034;"Laminaria ochroleuca";NA;NA;NA;"This work is licensed under a  Creative Commons Attribution (CC-BY) 4.0 License";"SeaSearch (2021): Marine Recorder Snapshot extract of surveys entered by SeaSearch. v2.1. Marine Biological Association. Dataset/Samplingevent. https://doi.org/10.17031/yq0gbg DASSH NA (Available: Ocean Biogeographic Information System. Intergovernmental Oceanographic Commission of UNESCO. www.iobis.org. Accessed: 2026-04-21 14:09:47.592558";324;"324";"324"
"70";-4.128401;50.33733;"Laminaria ochroleuca";NA;NA;NA;"This work is licensed under a  Creative Commons Attribution (CC-BY) 4.0 License";"SeaSearch (2021): Marine Recorder Snapshot extract of surveys entered by SeaSearch. v2.1. Marine Biological Association. Dataset/Samplingevent. https://doi.org/10.17031/yq0gbg DASSH NA (Available: Ocean Biogeographic Information System. Intergovernmental Oceanographic Commission of UNESCO. www.iobis.org. Accessed: 2026-04-21 14:09:47.592558";324;"324";"324"
"71";-8.71638888888889;41.205;"Laminaria ochroleuca";"2004";"10";"26";"This work is licensed under a  Creative Commons Attribution (CC-BY) 4.0 License";"Aráujo R., Bárbara I, Tibaldo M., Berecibar E., Díaz Tapia P., Pereira R., Santos R. &amp; Sousa-Pinto I. Checklist of benthic marine algae and cyanobacteria of northern Portugal. Centre of Marine and Environmental Research; Interdisciplinary Centre for Marine and Environmental Research (Porto) (Ciimar). CIIMAR Checklist Northern Portugal (Available: Ocean Biogeographic Information System. Intergovernmental Oceanographic Commission of UNESCO. www.iobis.org. Accessed: 2026-04-21 14:09:48.130906";324;"324";"324"
"72";-8.87734;41.74468;"Laminaria ochroleuca";"2006";"2";"27";"This work is licensed under a  Creative Commons Attribution (CC-BY) 4.0 License";"Arenas Parra, F.; Sousa Pinto, I.; Interdisciplinary Centre for Marine and Environmental Research (Porto) (CIIMAR) - University of Porto, Portugal; (2012). Monitoring Porto 2006-2008. https://dx.doi.org/10.14284/65 CIIMAR Monitoring Porto 2006-2008 (Available: Ocean Biogeographic Information System. Intergovernmental Oceanographic Commission of UNESCO. www.iobis.org. Accessed: 2026-04-21 14:09:51.025371";324;"324";"324"
"73";-4.6038623;48.6154861;"Laminaria ochroleuca";"2015";"4";"12";"This work is licensed under a  Creative Commons Attribution (CC-BY) 4.0 License";"Institut Français de Recherche pour l’Exploitation de la MER (2022). Macrophytes occurrence data within French Mediterranen Lagoon since 2006 NA QUADRIGE - Coastal monitoring database and products, 1974 onwards. (6064) (Available: Ocean Biogeographic Information System. Intergovernmental Oceanographic Commission of UNESCO. www.iobis.org. Accessed: 2026-04-21 14:09:43.138385";324;"324";"324"
"74";-6.251494;49.96;"Laminaria ochroleuca";NA;NA;NA;"This work is licensed under a  Creative Commons Attribution (CC-BY) 4.0 License";"SeaSearch (2021): Marine Recorder Snapshot extract of surveys entered by SeaSearch. v2.1. Marine Biological Association. Dataset/Samplingevent. https://doi.org/10.17031/yq0gbg DASSH NA (Available: Ocean Biogeographic Information System. Intergovernmental Oceanographic Commission of UNESCO. www.iobis.org. Accessed: 2026-04-21 14:09:47.592558";324;"324";"324"
"75";-4.717133;48.066083;"Laminaria ochroleuca";NA;NA;NA;"This work is licensed under a  Creative Commons Attribution Non Commercial (CC-BY-NC) 4.0 License";"Cite data as:Rassweiler, A., Novak, M., Okamoto, D., Byrnes, J., Krumhansl, K. (2016). Global Kelp Timeseries from NCEAS/KEEN Working Group. Florida State University, Oregon State University, Simon Fraser University, University of Massachusetts Boston. Data accessed at http://catalogue-temperatereefbase.imas.utas.edu.au:/geonetwork/srv/en/metadata.show?uuid=ecbe5cc3-3fbf-4569-b5e8-07c2201fcb9c on [access date].

If you have kelp timeseries greater than 3 years in length, please consider contributing to the data set. Contact Jarrett Byrnes for details. IMAS and University of Massachusetts NCEAS-KEEN-TS (Available: Ocean Biogeographic Information System. Intergovernmental Oceanographic Commission of UNESCO. www.iobis.org. Accessed: 2026-04-21 14:09:44.583438";324;"324";"324"
"76";-6.299997;49.90234;"Laminaria ochroleuca";NA;NA;NA;"This work is licensed under a  Creative Commons Attribution (CC-BY) 4.0 License";"SeaSearch (2021): Marine Recorder Snapshot extract of surveys entered by SeaSearch. v2.1. Marine Biological Association. Dataset/Samplingevent. https://doi.org/10.17031/yq0gbg DASSH NA (Available: Ocean Biogeographic Information System. Intergovernmental Oceanographic Commission of UNESCO. www.iobis.org. Accessed: 2026-04-21 14:09:47.592558";324;"324";"324"
"77";-2.257692;49.72677;"Laminaria ochroleuca";NA;NA;NA;"This work is licensed under a  Creative Commons Attribution (CC-BY) 4.0 License";"SeaSearch (2021): Marine Recorder Snapshot extract of surveys entered by SeaSearch. v2.1. Marine Biological Association. Dataset/Samplingevent. https://doi.org/10.17031/yq0gbg DASSH NA (Available: Ocean Biogeographic Information System. Intergovernmental Oceanographic Commission of UNESCO. www.iobis.org. Accessed: 2026-04-21 14:09:47.592558";324;"324";"324"
"78";-6.26584;49.9555;"Laminaria ochroleuca";NA;NA;NA;"This work is licensed under a  Creative Commons Attribution (CC-BY) 4.0 License";"SeaSearch (2021): Marine Recorder Snapshot extract of surveys entered by SeaSearch. v2.1. Marine Biological Association. Dataset/Samplingevent. https://doi.org/10.17031/yq0gbg DASSH NA (Available: Ocean Biogeographic Information System. Intergovernmental Oceanographic Commission of UNESCO. www.iobis.org. Accessed: 2026-04-21 14:09:47.592558";324;"324";"324"
"79";-2.385834;49.40733;"Laminaria ochroleuca";NA;NA;NA;"This work is licensed under a  Creative Commons Attribution (CC-BY) 4.0 License";"SeaSearch (2021): Marine Recorder Snapshot extract of surveys entered by SeaSearch. v2.1. Marine Biological Association. Dataset/Samplingevent. https://doi.org/10.17031/yq0gbg DASSH NA (Available: Ocean Biogeographic Information System. Intergovernmental Oceanographic Commission of UNESCO. www.iobis.org. Accessed: 2026-04-21 14:09:47.592558";324;"324";"324"
"80";-6.253334;49.938;"Laminaria ochroleuca";NA;NA;NA;"This work is licensed under a  Creative Commons Attribution (CC-BY) 4.0 License";"SeaSearch (2021): Marine Recorder Snapshot extract of surveys entered by SeaSearch. v2.1. Marine Biological Association. Dataset/Samplingevent. https://doi.org/10.17031/yq0gbg DASSH NA (Available: Ocean Biogeographic Information System. Intergovernmental Oceanographic Commission of UNESCO. www.iobis.org. Accessed: 2026-04-21 14:09:47.592558";324;"324";"324"
"81";-2.630416;48.64695;"Laminaria ochroleuca";NA;NA;NA;"This work is licensed under a  Creative Commons Attribution Non Commercial (CC-BY-NC) 4.0 License";"Cite data as:Rassweiler, A., Novak, M., Okamoto, D., Byrnes, J., Krumhansl, K. (2016). Global Kelp Timeseries from NCEAS/KEEN Working Group. Florida State University, Oregon State University, Simon Fraser University, University of Massachusetts Boston. Data accessed at http://catalogue-temperatereefbase.imas.utas.edu.au:/geonetwork/srv/en/metadata.show?uuid=ecbe5cc3-3fbf-4569-b5e8-07c2201fcb9c on [access date].

If you have kelp timeseries greater than 3 years in length, please consider contributing to the data set. Contact Jarrett Byrnes for details. IMAS and University of Massachusetts NCEAS-KEEN-TS (Available: Ocean Biogeographic Information System. Intergovernmental Oceanographic Commission of UNESCO. www.iobis.org. Accessed: 2026-04-21 14:09:44.583438";324;"324";"324"
"82";-6.27339;49.92928;"Laminaria ochroleuca";NA;NA;NA;"This work is licensed under a  Creative Commons Attribution (CC-BY) 4.0 License";"Joint Nature Conservation Committee (JNCC) (2021): Marine Recorder Snapshot extract of surveys entered by JNCC. v2.1. Marine Biological Association. Dataset/Samplingevent. https://doi.org/10.17031/mehqrq DASSH NA (Available: Ocean Biogeographic Information System. Intergovernmental Oceanographic Commission of UNESCO. www.iobis.org. Accessed: 2026-04-21 14:09:46.775415";324;"324";"324"
"83";-3.427733073;43.47157791;"Laminaria ochroleuca";"1998";"9";"25";"This work is licensed under a  Creative Commons Attribution Non Commercial (CC-BY-NC) 4.0 License";"Juanes, A. J; Environmental Hydraulics Institute (IHCantabria), University of Cantabria, Spain (2019): Biomass of characteristic intertidal and subtidal taxa in the N of Spain from 1992 to 2003 IHCantabria Biomass of Characteristic Intertidal and Subtidal Taxa in the N of Spain from 1992 to 2003 (Available: Ocean Biogeographic Information System. Intergovernmental Oceanographic Commission of UNESCO. www.iobis.org. Accessed: 2026-04-21 14:09:49.014999";324;"324";"324"
"84";-6.338101;49.88467;"Laminaria ochroleuca";NA;NA;NA;"This work is licensed under a  Creative Commons Attribution (CC-BY) 4.0 License";"Joint Nature Conservation Committee (JNCC) (2021): Marine Recorder Snapshot extract of surveys entered by JNCC. v2.1. Marine Biological Association. Dataset/Samplingevent. https://doi.org/10.17031/mehqrq DASSH NA (Available: Ocean Biogeographic Information System. Intergovernmental Oceanographic Commission of UNESCO. www.iobis.org. Accessed: 2026-04-21 14:09:46.775415";324;"324";"324"
"85";-6.34741;49.88288;"Laminaria ochroleuca";NA;NA;NA;"This work is licensed under a  Creative Commons Attribution (CC-BY) 4.0 License";"Natural England (NE) (2021): Marine Recorder Snapshot extract of surveys entered by Natural England. v2.1. Marine Biological Association. Dataset/Samplingevent. https://doi.org/10.17031/thn0xd DASSH NA (Available: Ocean Biogeographic Information System. Intergovernmental Oceanographic Commission of UNESCO. www.iobis.org. Accessed: 2026-04-21 14:09:46.985744";324;"324";"324"
"86";-2.528584;49.4531;"Laminaria ochroleuca";NA;NA;NA;"This work is licensed under a  Creative Commons Attribution (CC-BY) 4.0 License";"SeaSearch (2021): Marine Recorder Snapshot extract of surveys entered by SeaSearch. v2.1. Marine Biological Association. Dataset/Samplingevent. https://doi.org/10.17031/yq0gbg DASSH NA (Available: Ocean Biogeographic Information System. Intergovernmental Oceanographic Commission of UNESCO. www.iobis.org. Accessed: 2026-04-21 14:09:47.592558";324;"324";"324"
"87";-4.60385;48.61549;"Laminaria ochroleuca";"2007";"6";"11";"This work is licensed under a  Creative Commons Attribution Non Commercial (CC-BY-NC) 4.0 License";"REBENT network (2019). Intertidal and Subtidal Macroalgae taxa data  in ODV format from French REBENT Network. SEANOE. Https://doi.org/10.17882/60891 NA Intertidal and Subtidal Macroalgae taxa data in ODV format from French REBENT Network (Available: Ocean Biogeographic Information System. Intergovernmental Oceanographic Commission of UNESCO. www.iobis.org. Accessed: 2026-04-21 14:09:43.367691";324;"324";"324"
"88";-6.359163;49.88333;"Laminaria ochroleuca";NA;NA;NA;"This work is licensed under a  Creative Commons Attribution (CC-BY) 4.0 License";"SeaSearch (2021): Marine Recorder Snapshot extract of surveys entered by SeaSearch. v2.1. Marine Biological Association. Dataset/Samplingevent. https://doi.org/10.17031/yq0gbg DASSH NA (Available: Ocean Biogeographic Information System. Intergovernmental Oceanographic Commission of UNESCO. www.iobis.org. Accessed: 2026-04-21 14:09:47.592558";324;"324";"324"
"89";-4.11204;50.30717;"Laminaria ochroleuca";NA;NA;NA;"This work is licensed under a  Creative Commons Attribution (CC-BY) 4.0 License";"SeaSearch (2021): Marine Recorder Snapshot extract of surveys entered by SeaSearch. v2.1. Marine Biological Association. Dataset/Samplingevent. https://doi.org/10.17031/yq0gbg DASSH NA (Available: Ocean Biogeographic Information System. Intergovernmental Oceanographic Commission of UNESCO. www.iobis.org. Accessed: 2026-04-21 14:09:47.592558";324;"324";"324"
"90";-27.4;38.8;"Laminaria ochroleuca";"2008";"9";"4";"To the extent possible under law, the publisher has waived all rights to these data and has dedicated them to the  Public Domain (CC0 1.0)";"Tempera, F, E. Atchoi, A.L. Sinde-Mano and D. Milla-Figueras; IMAR - Institute of Marine Research; 2020; Kelp occurrences in the Azores (NE Atlantic) https://dx.doi.org/10.14284/423 NA Kelp occurrences in the Azores (northeast Atlantic) (Available: Ocean Biogeographic Information System. Intergovernmental Oceanographic Commission of UNESCO. www.iobis.org. Accessed: 2026-04-21 14:09:49.537795";324;"324";"324"
"91";-6.305901;49.97649;"Laminaria ochroleuca";NA;NA;NA;"This work is licensed under a  Creative Commons Attribution (CC-BY) 4.0 License";"Natural England (NE) (2021): Marine Recorder Snapshot extract of surveys entered by Natural England. v2.1. Marine Biological Association. Dataset/Samplingevent. https://doi.org/10.17031/thn0xd DASSH NA (Available: Ocean Biogeographic Information System. Intergovernmental Oceanographic Commission of UNESCO. www.iobis.org. Accessed: 2026-04-21 14:09:46.985744";324;"324";"324"
"92";-2.98495;48.86638;"Laminaria ochroleuca";"2010";"4";"24";"This work is licensed under a  Creative Commons Attribution Non Commercial (CC-BY-NC) 4.0 License";"REBENT network (2019). Intertidal and Subtidal Macroalgae taxa data  in ODV format from French REBENT Network. SEANOE. Https://doi.org/10.17882/60891 NA Intertidal and Subtidal Macroalgae taxa data in ODV format from French REBENT Network (Available: Ocean Biogeographic Information System. Intergovernmental Oceanographic Commission of UNESCO. www.iobis.org. Accessed: 2026-04-21 14:09:43.367691";324;"324";"324"
"93";-2.167383;48.699133;"Laminaria ochroleuca";NA;NA;NA;"This work is licensed under a  Creative Commons Attribution Non Commercial (CC-BY-NC) 4.0 License";"Cite data as:Rassweiler, A., Novak, M., Okamoto, D., Byrnes, J., Krumhansl, K. (2016). Global Kelp Timeseries from NCEAS/KEEN Working Group. Florida State University, Oregon State University, Simon Fraser University, University of Massachusetts Boston. Data accessed at http://catalogue-temperatereefbase.imas.utas.edu.au:/geonetwork/srv/en/metadata.show?uuid=ecbe5cc3-3fbf-4569-b5e8-07c2201fcb9c on [access date].

If you have kelp timeseries greater than 3 years in length, please consider contributing to the data set. Contact Jarrett Byrnes for details. IMAS and University of Massachusetts NCEAS-KEEN-TS (Available: Ocean Biogeographic Information System. Intergovernmental Oceanographic Commission of UNESCO. www.iobis.org. Accessed: 2026-04-21 14:09:44.583438";324;"324";"324"
"94";-6.404994;49.87416;"Laminaria ochroleuca";NA;NA;NA;"This work is licensed under a  Creative Commons Attribution (CC-BY) 4.0 License";"SeaSearch (2021): Marine Recorder Snapshot extract of surveys entered by SeaSearch. v2.1. Marine Biological Association. Dataset/Samplingevent. https://doi.org/10.17031/yq0gbg DASSH NA (Available: Ocean Biogeographic Information System. Intergovernmental Oceanographic Commission of UNESCO. www.iobis.org. Accessed: 2026-04-21 14:09:47.592558";324;"324";"324"
"95";-8.853889;41.697222;"Laminaria ochroleuca";"2003";NA;NA;"This work is licensed under a  Creative Commons Attribution Non Commercial (CC-BY-NC) 4.0 License";"Sousa-Pinto I. &amp; Araújo, R. (2003). Macroalgal communities of intertidal rock pools in Portugal. Centro Interdisciplinar de Investigaçao Marinha e Ambiental (CIMAR), Portugal. MarBEF/LargeNet ca (Available: Ocean Biogeographic Information System. Intergovernmental Oceanographic Commission of UNESCO. www.iobis.org. Accessed: 2026-04-21 14:09:50.375875";324;"324";"324"
"96";-4.061787;50.2922;"Laminaria ochroleuca";NA;NA;NA;"This work is licensed under a  Creative Commons Attribution (CC-BY) 4.0 License";"SeaSearch (2021): Marine Recorder Snapshot extract of surveys entered by SeaSearch. v2.1. Marine Biological Association. Dataset/Samplingevent. https://doi.org/10.17031/yq0gbg DASSH NA (Available: Ocean Biogeographic Information System. Intergovernmental Oceanographic Commission of UNESCO. www.iobis.org. Accessed: 2026-04-21 14:09:47.592558";324;"324";"324"
"97";-6.275033;49.92312;"Laminaria ochroleuca";NA;NA;NA;"This work is licensed under a  Creative Commons Attribution (CC-BY) 4.0 License";"SeaSearch (2021): Marine Recorder Snapshot extract of surveys entered by SeaSearch. v2.1. Marine Biological Association. Dataset/Samplingevent. https://doi.org/10.17031/yq0gbg DASSH NA (Available: Ocean Biogeographic Information System. Intergovernmental Oceanographic Commission of UNESCO. www.iobis.org. Accessed: 2026-04-21 14:09:47.592558";324;"324";"324"
"98";-4.188333;50.32433;"Laminaria ochroleuca";NA;NA;NA;"This work is licensed under a  Creative Commons Attribution (CC-BY) 4.0 License";"SeaSearch (2021): Marine Recorder Snapshot extract of surveys entered by SeaSearch. v2.1. Marine Biological Association. Dataset/Samplingevent. https://doi.org/10.17031/yq0gbg DASSH NA (Available: Ocean Biogeographic Information System. Intergovernmental Oceanographic Commission of UNESCO. www.iobis.org. Accessed: 2026-04-21 14:09:47.592558";324;"324";"324"
"99";-4.13042;50.34227;"Laminaria ochroleuca";NA;NA;NA;"This work is licensed under a  Creative Commons Attribution (CC-BY) 4.0 License";"SeaSearch (2021): Marine Recorder Snapshot extract of surveys entered by SeaSearch. v2.1. Marine Biological Association. Dataset/Samplingevent. https://doi.org/10.17031/yq0gbg DASSH NA (Available: Ocean Biogeographic Information System. Intergovernmental Oceanographic Commission of UNESCO. www.iobis.org. Accessed: 2026-04-21 14:09:47.592558";324;"324";"324"
"100";-4.134979;50.3383;"Laminaria ochroleuca";NA;NA;NA;"This work is licensed under a  Creative Commons Attribution (CC-BY) 4.0 License";"SeaSearch (2021): Marine Recorder Snapshot extract of surveys entered by SeaSearch. v2.1. Marine Biological Association. Dataset/Samplingevent. https://doi.org/10.17031/yq0gbg DASSH NA (Available: Ocean Biogeographic Information System. Intergovernmental Oceanographic Commission of UNESCO. www.iobis.org. Accessed: 2026-04-21 14:09:47.592558";324;"324";"324"
"101";-6.254165;49.9675;"Laminaria ochroleuca";NA;NA;NA;"This work is licensed under a  Creative Commons Attribution (CC-BY) 4.0 License";"SeaSearch (2021): Marine Recorder Snapshot extract of surveys entered by SeaSearch. v2.1. Marine Biological Association. Dataset/Samplingevent. https://doi.org/10.17031/yq0gbg DASSH NA (Available: Ocean Biogeographic Information System. Intergovernmental Oceanographic Commission of UNESCO. www.iobis.org. Accessed: 2026-04-21 14:09:47.592558";324;"324";"324"
"102";-4.6038623;48.6154861;"Laminaria ochroleuca";"2010";"4";"21";"This work is licensed under a  Creative Commons Attribution (CC-BY) 4.0 License";"Institut Français de Recherche pour l’Exploitation de la MER (2022). Macrophytes occurrence data within French Mediterranen Lagoon since 2006 NA QUADRIGE - Coastal monitoring database and products, 1974 onwards. (6064) (Available: Ocean Biogeographic Information System. Intergovernmental Oceanographic Commission of UNESCO. www.iobis.org. Accessed: 2026-04-21 14:09:43.138385";324;"324";"324"
"103";-2.358335;49.40183;"Laminaria ochroleuca";NA;NA;NA;"This work is licensed under a  Creative Commons Attribution (CC-BY) 4.0 License";"SeaSearch (2021): Marine Recorder Snapshot extract of surveys entered by SeaSearch. v2.1. Marine Biological Association. Dataset/Samplingevent. https://doi.org/10.17031/yq0gbg DASSH NA (Available: Ocean Biogeographic Information System. Intergovernmental Oceanographic Commission of UNESCO. www.iobis.org. Accessed: 2026-04-21 14:09:47.592558";324;"324";"324"
"104";-5.673871;50.0229;"Laminaria ochroleuca";NA;NA;NA;"This work is licensed under a  Creative Commons Attribution (CC-BY) 4.0 License";"SeaSearch (2021): Marine Recorder Snapshot extract of surveys entered by SeaSearch. v2.1. Marine Biological Association. Dataset/Samplingevent. https://doi.org/10.17031/yq0gbg DASSH NA (Available: Ocean Biogeographic Information System. Intergovernmental Oceanographic Commission of UNESCO. www.iobis.org. Accessed: 2026-04-21 14:09:47.592558";324;"324";"324"
"105";-5.016212;50.14041;"Laminaria ochroleuca";NA;NA;NA;"This work is licensed under a  Creative Commons Attribution (CC-BY) 4.0 License";"Natural England (NE) (2021): Marine Recorder Snapshot extract of surveys entered by Natural England. v2.1. Marine Biological Association. Dataset/Samplingevent. https://doi.org/10.17031/thn0xd DASSH NA (Available: Ocean Biogeographic Information System. Intergovernmental Oceanographic Commission of UNESCO. www.iobis.org. Accessed: 2026-04-21 14:09:46.985744";324;"324";"324"
"106";-6.341663;49.87983;"Laminaria ochroleuca";NA;NA;NA;"This work is licensed under a  Creative Commons Attribution (CC-BY) 4.0 License";"SeaSearch (2021): Marine Recorder Snapshot extract of surveys entered by SeaSearch. v2.1. Marine Biological Association. Dataset/Samplingevent. https://doi.org/10.17031/yq0gbg DASSH NA (Available: Ocean Biogeographic Information System. Intergovernmental Oceanographic Commission of UNESCO. www.iobis.org. Accessed: 2026-04-21 14:09:47.592558";324;"324";"324"
"107";-6.367171;49.87317;"Laminaria ochroleuca";NA;NA;NA;"This work is licensed under a  Creative Commons Attribution (CC-BY) 4.0 License";"SeaSearch (2021): Marine Recorder Snapshot extract of surveys entered by SeaSearch. v2.1. Marine Biological Association. Dataset/Samplingevent. https://doi.org/10.17031/yq0gbg DASSH NA (Available: Ocean Biogeographic Information System. Intergovernmental Oceanographic Commission of UNESCO. www.iobis.org. Accessed: 2026-04-21 14:09:47.592558";324;"324";"324"
"108";-2.526262;49.43857;"Laminaria ochroleuca";NA;NA;NA;"This work is licensed under a  Creative Commons Attribution (CC-BY) 4.0 License";"SeaSearch (2021): Marine Recorder Snapshot extract of surveys entered by SeaSearch. v2.1. Marine Biological Association. Dataset/Samplingevent. https://doi.org/10.17031/yq0gbg DASSH NA (Available: Ocean Biogeographic Information System. Intergovernmental Oceanographic Commission of UNESCO. www.iobis.org. Accessed: 2026-04-21 14:09:47.592558";324;"324";"324"
"109";-3.0565641;48.8389778;"Laminaria ochroleuca";"2007";"5";"13";"This work is licensed under a  Creative Commons Attribution (CC-BY) 4.0 License";"Institut Français de Recherche pour l’Exploitation de la MER (2022). Macrophytes occurrence data within French Mediterranen Lagoon since 2006 NA QUADRIGE - Coastal monitoring database and products, 1974 onwards. (6064) (Available: Ocean Biogeographic Information System. Intergovernmental Oceanographic Commission of UNESCO. www.iobis.org. Accessed: 2026-04-21 14:09:43.138385";324;"324";"324"
"110";-4.603867;48.615483;"Laminaria ochroleuca";NA;NA;NA;"This work is licensed under a  Creative Commons Attribution Non Commercial (CC-BY-NC) 4.0 License";"Cite data as:Rassweiler, A., Novak, M., Okamoto, D., Byrnes, J., Krumhansl, K. (2016). Global Kelp Timeseries from NCEAS/KEEN Working Group. Florida State University, Oregon State University, Simon Fraser University, University of Massachusetts Boston. Data accessed at http://catalogue-temperatereefbase.imas.utas.edu.au:/geonetwork/srv/en/metadata.show?uuid=ecbe5cc3-3fbf-4569-b5e8-07c2201fcb9c on [access date].

If you have kelp timeseries greater than 3 years in length, please consider contributing to the data set. Contact Jarrett Byrnes for details. IMAS and University of Massachusetts NCEAS-KEEN-TS (Available: Ocean Biogeographic Information System. Intergovernmental Oceanographic Commission of UNESCO. www.iobis.org. Accessed: 2026-04-21 14:09:44.583438";324;"324";"324"
"111";-4.179606;50.34026;"Laminaria ochroleuca";NA;NA;NA;"This work is licensed under a  Creative Commons Attribution (CC-BY) 4.0 License";"Joint Nature Conservation Committee (JNCC) (2021): Marine Recorder Snapshot extract of surveys entered by JNCC. v2.1. Marine Biological Association. Dataset/Samplingevent. https://doi.org/10.17031/mehqrq DASSH NA (Available: Ocean Biogeographic Information System. Intergovernmental Oceanographic Commission of UNESCO. www.iobis.org. Accessed: 2026-04-21 14:09:46.775415";324;"324";"324"
"112";-25.1;37.05;"Laminaria ochroleuca";"2016";"6";"11";"To the extent possible under law, the publisher has waived all rights to these data and has dedicated them to the  Public Domain (CC0 1.0)";"Tempera, F, E. Atchoi, A.L. Sinde-Mano and D. Milla-Figueras; IMAR - Institute of Marine Research; 2020; Kelp occurrences in the Azores (NE Atlantic) https://dx.doi.org/10.14284/423 NA Kelp occurrences in the Azores (northeast Atlantic) (Available: Ocean Biogeographic Information System. Intergovernmental Oceanographic Commission of UNESCO. www.iobis.org. Accessed: 2026-04-21 14:09:49.537795";324;"324";"324"
"113";-2.483938;49.44075;"Laminaria ochroleuca";NA;NA;NA;"This work is licensed under a  Creative Commons Attribution (CC-BY) 4.0 License";"SeaSearch (2021): Marine Recorder Snapshot extract of surveys entered by SeaSearch. v2.1. Marine Biological Association. Dataset/Samplingevent. https://doi.org/10.17031/yq0gbg DASSH NA (Available: Ocean Biogeographic Information System. Intergovernmental Oceanographic Commission of UNESCO. www.iobis.org. Accessed: 2026-04-21 14:09:47.592558";324;"324";"324"
"114";-5.077504;50.09433;"Laminaria ochroleuca";NA;NA;NA;"This work is licensed under a  Creative Commons Attribution (CC-BY) 4.0 License";"Natural England (NE) (2021): Marine Recorder Snapshot extract of surveys entered by Natural England. v2.1. Marine Biological Association. Dataset/Samplingevent. https://doi.org/10.17031/thn0xd DASSH NA (Available: Ocean Biogeographic Information System. Intergovernmental Oceanographic Commission of UNESCO. www.iobis.org. Accessed: 2026-04-21 14:09:46.985744";324;"324";"324"
"115";-5.017832;50.1488;"Laminaria ochroleuca";NA;NA;NA;"This work is licensed under a  Creative Commons Attribution (CC-BY) 4.0 License";"Joint Nature Conservation Committee (JNCC) (2021): Marine Recorder Snapshot extract of surveys entered by JNCC. v2.1. Marine Biological Association. Dataset/Samplingevent. https://doi.org/10.17031/mehqrq DASSH NA (Available: Ocean Biogeographic Information System. Intergovernmental Oceanographic Commission of UNESCO. www.iobis.org. Accessed: 2026-04-21 14:09:46.775415";324;"324";"324"
"116";-2.9849627;48.8663788;"Laminaria ochroleuca";"2016";"5";"29";"This work is licensed under a  Creative Commons Attribution (CC-BY) 4.0 License";"Institut Français de Recherche pour l’Exploitation de la MER (2022). Macrophytes occurrence data within French Mediterranen Lagoon since 2006 NA QUADRIGE - Coastal monitoring database and products, 1974 onwards. (6064) (Available: Ocean Biogeographic Information System. Intergovernmental Oceanographic Commission of UNESCO. www.iobis.org. Accessed: 2026-04-21 14:09:43.138385";324;"324";"324"
"117";-6.396638;49.94635;"Laminaria ochroleuca";NA;NA;NA;"This work is licensed under a  Creative Commons Attribution (CC-BY) 4.0 License";"Joint Nature Conservation Committee (JNCC) (2021): Marine Recorder Snapshot extract of surveys entered by JNCC. v2.1. Marine Biological Association. Dataset/Samplingevent. https://doi.org/10.17031/mehqrq DASSH NA (Available: Ocean Biogeographic Information System. Intergovernmental Oceanographic Commission of UNESCO. www.iobis.org. Accessed: 2026-04-21 14:09:46.775415";324;"324";"324"
"118";-5.04346;48.47204;"Laminaria ochroleuca";"2012";"5";"17";"Unrestricted";"Agence pour la recherche et la Valorisation Marines (ARVAM); Cellule De Suivi Du Littoral Normand (CSLN); Creocean;  Groupe d'Etude des Milieux Estuariens et Littoraux; Groupe d'étude des milieux estuariens et littoraux Normandie (GEMEL Normandie); Hemisphere Sub; Impact Mer; Institut Français de Recherche pour l'Exploitation de la Mer (IFREMER); MAREX Expertise &amp; Conseil en Environnement Marin (MAREX); National Natural History Museum Paris; CRESCO - Station de biologie marine de Dinard; National Natural History Museum Paris; Station de Biologie Marine de Concarneau; Pierre &amp; Marie Curie University; Roscoff biology station (RBS); TBM Environnement; The National Center for Scientific Research; Laboratoire d'Ecogéochimie des Environnements Benthiques UMR 8222 (LECOB); The National Center for Scientific Research; Laboratoire d’Océanologie et de Géosciences - UMR 8187 LOG (LOG); Université Bordeaux 1; Environnements et Paléoenvironnements Océaniques (EPOC); Université de Bretagne Occidentale; Institut Universitaire Européen de la Mer (IUEM); Université de Bretagne Occidentale; Laboratoire d'écophysiologie et de biotechnologie des halophytes et algues Marines (IUEM-LEBHAM); Université de Bretagne Occidentale; Laboratory of Sciences of the Marine Environment CNRS-UMR6539 (LEMAR); Université de la Réunion; Laboratoire d'Ecologie Marine (ECOMAR); Université de Liège; Station de Recherche Sous-marines et Océanographiques (STARESO); Université de Nantes; Laboratoire de Biologie Marine (Bio-littoral); Université des Sciences et Technologies de Lille; Station Marine de Wimereux (INSU/CNRS); (2019): REBENT - Réseau Benthique. 486 NA (Available: Ocean Biogeographic Information System. Intergovernmental Oceanographic Commission of UNESCO. www.iobis.org. Accessed: 2026-04-21 14:09:51.251532";324;"324";"324"
"119";-4.60385;48.61549;"Laminaria ochroleuca";"2010";"4";"21";"Unrestricted";"Agence pour la recherche et la Valorisation Marines (ARVAM); Cellule De Suivi Du Littoral Normand (CSLN); Creocean;  Groupe d'Etude des Milieux Estuariens et Littoraux; Groupe d'étude des milieux estuariens et littoraux Normandie (GEMEL Normandie); Hemisphere Sub; Impact Mer; Institut Français de Recherche pour l'Exploitation de la Mer (IFREMER); MAREX Expertise &amp; Conseil en Environnement Marin (MAREX); National Natural History Museum Paris; CRESCO - Station de biologie marine de Dinard; National Natural History Museum Paris; Station de Biologie Marine de Concarneau; Pierre &amp; Marie Curie University; Roscoff biology station (RBS); TBM Environnement; The National Center for Scientific Research; Laboratoire d'Ecogéochimie des Environnements Benthiques UMR 8222 (LECOB); The National Center for Scientific Research; Laboratoire d’Océanologie et de Géosciences - UMR 8187 LOG (LOG); Université Bordeaux 1; Environnements et Paléoenvironnements Océaniques (EPOC); Université de Bretagne Occidentale; Institut Universitaire Européen de la Mer (IUEM); Université de Bretagne Occidentale; Laboratoire d'écophysiologie et de biotechnologie des halophytes et algues Marines (IUEM-LEBHAM); Université de Bretagne Occidentale; Laboratory of Sciences of the Marine Environment CNRS-UMR6539 (LEMAR); Université de la Réunion; Laboratoire d'Ecologie Marine (ECOMAR); Université de Liège; Station de Recherche Sous-marines et Océanographiques (STARESO); Université de Nantes; Laboratoire de Biologie Marine (Bio-littoral); Université des Sciences et Technologies de Lille; Station Marine de Wimereux (INSU/CNRS); (2019): REBENT - Réseau Benthique. 486 NA (Available: Ocean Biogeographic Information System. Intergovernmental Oceanographic Commission of UNESCO. www.iobis.org. Accessed: 2026-04-21 14:09:51.251532";324;"324";"324"
"120";-2.346518;49.44795;"Laminaria ochroleuca";NA;NA;NA;"This work is licensed under a  Creative Commons Attribution (CC-BY) 4.0 License";"SeaSearch (2021): Marine Recorder Snapshot extract of surveys entered by SeaSearch. v2.1. Marine Biological Association. Dataset/Samplingevent. https://doi.org/10.17031/yq0gbg DASSH NA (Available: Ocean Biogeographic Information System. Intergovernmental Oceanographic Commission of UNESCO. www.iobis.org. Accessed: 2026-04-21 14:09:47.592558";324;"324";"324"
"121";-2.366148;49.4016;"Laminaria ochroleuca";NA;NA;NA;"This work is licensed under a  Creative Commons Attribution (CC-BY) 4.0 License";"SeaSearch (2021): Marine Recorder Snapshot extract of surveys entered by SeaSearch. v2.1. Marine Biological Association. Dataset/Samplingevent. https://doi.org/10.17031/yq0gbg DASSH NA (Available: Ocean Biogeographic Information System. Intergovernmental Oceanographic Commission of UNESCO. www.iobis.org. Accessed: 2026-04-21 14:09:47.592558";324;"324";"324"
"122";-4.60385;48.61549;"Laminaria ochroleuca";"2014";"4";"10";"This work is licensed under a  Creative Commons Attribution Non Commercial (CC-BY-NC) 4.0 License";"REBENT network (2019). Intertidal and Subtidal Macroalgae taxa data  in ODV format from French REBENT Network. SEANOE. Https://doi.org/10.17882/60891 NA Intertidal and Subtidal Macroalgae taxa data in ODV format from French REBENT Network (Available: Ocean Biogeographic Information System. Intergovernmental Oceanographic Commission of UNESCO. www.iobis.org. Accessed: 2026-04-21 14:09:43.367691";324;"324";"324"
"123";-5.065413;50.06571;"Laminaria ochroleuca";NA;NA;NA;"This work is licensed under a  Creative Commons Attribution (CC-BY) 4.0 License";"SeaSearch (2021): Marine Recorder Snapshot extract of surveys entered by SeaSearch. v2.1. Marine Biological Association. Dataset/Samplingevent. https://doi.org/10.17031/yq0gbg DASSH NA (Available: Ocean Biogeographic Information System. Intergovernmental Oceanographic Commission of UNESCO. www.iobis.org. Accessed: 2026-04-21 14:09:47.592558";324;"324";"324"
"124";-2.347077;49.41583;"Laminaria ochroleuca";NA;NA;NA;"This work is licensed under a  Creative Commons Attribution (CC-BY) 4.0 License";"SeaSearch (2021): Marine Recorder Snapshot extract of surveys entered by SeaSearch. v2.1. Marine Biological Association. Dataset/Samplingevent. https://doi.org/10.17031/yq0gbg DASSH NA (Available: Ocean Biogeographic Information System. Intergovernmental Oceanographic Commission of UNESCO. www.iobis.org. Accessed: 2026-04-21 14:09:47.592558";324;"324";"324"
"125";-6.260418;49.94497;"Laminaria ochroleuca";NA;NA;NA;"This work is licensed under a  Creative Commons Attribution (CC-BY) 4.0 License";"Joint Nature Conservation Committee (JNCC) (2021): Marine Recorder Snapshot extract of surveys entered by JNCC. v2.1. Marine Biological Association. Dataset/Samplingevent. https://doi.org/10.17031/mehqrq DASSH NA (Available: Ocean Biogeographic Information System. Intergovernmental Oceanographic Commission of UNESCO. www.iobis.org. Accessed: 2026-04-21 14:09:46.775415";324;"324";"324"
"126";-6.385662;49.86367;"Laminaria ochroleuca";NA;NA;NA;"This work is licensed under a  Creative Commons Attribution (CC-BY) 4.0 License";"SeaSearch (2021): Marine Recorder Snapshot extract of surveys entered by SeaSearch. v2.1. Marine Biological Association. Dataset/Samplingevent. https://doi.org/10.17031/yq0gbg DASSH NA (Available: Ocean Biogeographic Information System. Intergovernmental Oceanographic Commission of UNESCO. www.iobis.org. Accessed: 2026-04-21 14:09:47.592558";324;"324";"324"
"127";-6.276264;49.93025;"Laminaria ochroleuca";NA;NA;NA;"This work is licensed under a  Creative Commons Attribution (CC-BY) 4.0 License";"Joint Nature Conservation Committee (JNCC) (2021): Marine Recorder Snapshot extract of surveys entered by JNCC. v2.1. Marine Biological Association. Dataset/Samplingevent. https://doi.org/10.17031/mehqrq DASSH NA (Available: Ocean Biogeographic Information System. Intergovernmental Oceanographic Commission of UNESCO. www.iobis.org. Accessed: 2026-04-21 14:09:46.775415";324;"324";"324"
"128";-8.88;41.7502777777778;"Laminaria ochroleuca";"2003";"2";"2";"This work is licensed under a  Creative Commons Attribution (CC-BY) 4.0 License";"Aráujo R., Bárbara I, Tibaldo M., Berecibar E., Díaz Tapia P., Pereira R., Santos R. &amp; Sousa-Pinto I. Checklist of benthic marine algae and cyanobacteria of northern Portugal. Centre of Marine and Environmental Research; Interdisciplinary Centre for Marine and Environmental Research (Porto) (Ciimar). CIIMAR Checklist Northern Portugal (Available: Ocean Biogeographic Information System. Intergovernmental Oceanographic Commission of UNESCO. www.iobis.org. Accessed: 2026-04-21 14:09:48.130906";324;"324";"324"
"129";-6.316508;49.90797;"Laminaria ochroleuca";NA;NA;NA;"This work is licensed under a  Creative Commons Attribution (CC-BY) 4.0 License";"Joint Nature Conservation Committee (JNCC) (2021): Marine Recorder Snapshot extract of surveys entered by JNCC. v2.1. Marine Biological Association. Dataset/Samplingevent. https://doi.org/10.17031/mehqrq DASSH NA (Available: Ocean Biogeographic Information System. Intergovernmental Oceanographic Commission of UNESCO. www.iobis.org. Accessed: 2026-04-21 14:09:46.775415";324;"324";"324"
"130";-2.49335;47.18483;"Laminaria ochroleuca";"2010";"7";"8";"This work is licensed under a  Creative Commons Attribution Non Commercial (CC-BY-NC) 4.0 License";"REBENT network (2019). Intertidal and Subtidal Macroalgae taxa data  in ODV format from French REBENT Network. SEANOE. Https://doi.org/10.17882/60891 NA Intertidal and Subtidal Macroalgae taxa data in ODV format from French REBENT Network (Available: Ocean Biogeographic Information System. Intergovernmental Oceanographic Commission of UNESCO. www.iobis.org. Accessed: 2026-04-21 14:09:43.367691";324;"324";"324"
"131";-6.329415;49.91361;"Laminaria ochroleuca";NA;NA;NA;"This work is licensed under a  Creative Commons Attribution (CC-BY) 4.0 License";"Joint Nature Conservation Committee (JNCC) (2021): Marine Recorder Snapshot extract of surveys entered by JNCC. v2.1. Marine Biological Association. Dataset/Samplingevent. https://doi.org/10.17031/mehqrq DASSH NA (Available: Ocean Biogeographic Information System. Intergovernmental Oceanographic Commission of UNESCO. www.iobis.org. Accessed: 2026-04-21 14:09:46.775415";324;"324";"324"
"132";-1.731034726156;45.958523973682;"Laminaria ochroleuca";NA;NA;NA;"For more information on the restrictions, use contact information.";"Guiry, M.D. &amp; Guiry, G.M. 2012. AlgaeBase. World-wide electronic publication, National University of Ireland, Galway. http://www.algaebase.org; searched on dd Month yyyy. NUI Algaebase (Available: Ocean Biogeographic Information System. Intergovernmental Oceanographic Commission of UNESCO. www.iobis.org. Accessed: 2026-04-21 14:09:49.859977";324;"324";"324"
"133";-5.030241;50.14578;"Laminaria ochroleuca";NA;NA;NA;"This work is licensed under a  Creative Commons Attribution (CC-BY) 4.0 License";"Joint Nature Conservation Committee (JNCC) (2021): Marine Recorder Snapshot extract of surveys entered by JNCC. v2.1. Marine Biological Association. Dataset/Samplingevent. https://doi.org/10.17031/mehqrq DASSH NA (Available: Ocean Biogeographic Information System. Intergovernmental Oceanographic Commission of UNESCO. www.iobis.org. Accessed: 2026-04-21 14:09:46.775415";324;"324";"324"
"134";-5.04346;48.47204;"Laminaria ochroleuca";"2009";"4";"15";"This work is licensed under a  Creative Commons Attribution Non Commercial (CC-BY-NC) 4.0 License";"REBENT network (2019). Intertidal and Subtidal Macroalgae taxa data  in ODV format from French REBENT Network. SEANOE. Https://doi.org/10.17882/60891 NA Intertidal and Subtidal Macroalgae taxa data in ODV format from French REBENT Network (Available: Ocean Biogeographic Information System. Intergovernmental Oceanographic Commission of UNESCO. www.iobis.org. Accessed: 2026-04-21 14:09:43.367691";324;"324";"324"
"135";-4.005867;48.759633;"Laminaria ochroleuca";NA;NA;NA;"This work is licensed under a  Creative Commons Attribution Non Commercial (CC-BY-NC) 4.0 License";"Cite data as:Rassweiler, A., Novak, M., Okamoto, D., Byrnes, J., Krumhansl, K. (2016). Global Kelp Timeseries from NCEAS/KEEN Working Group. Florida State University, Oregon State University, Simon Fraser University, University of Massachusetts Boston. Data accessed at http://catalogue-temperatereefbase.imas.utas.edu.au:/geonetwork/srv/en/metadata.show?uuid=ecbe5cc3-3fbf-4569-b5e8-07c2201fcb9c on [access date].

If you have kelp timeseries greater than 3 years in length, please consider contributing to the data set. Contact Jarrett Byrnes for details. IMAS and University of Massachusetts NCEAS-KEEN-TS (Available: Ocean Biogeographic Information System. Intergovernmental Oceanographic Commission of UNESCO. www.iobis.org. Accessed: 2026-04-21 14:09:44.583438";324;"324";"324"
"136";-6.316719;49.89942;"Laminaria ochroleuca";NA;NA;NA;"This work is licensed under a  Creative Commons Attribution (CC-BY) 4.0 License";"Joint Nature Conservation Committee (JNCC) (2021): Marine Recorder Snapshot extract of surveys entered by JNCC. v2.1. Marine Biological Association. Dataset/Samplingevent. https://doi.org/10.17031/mehqrq DASSH NA (Available: Ocean Biogeographic Information System. Intergovernmental Oceanographic Commission of UNESCO. www.iobis.org. Accessed: 2026-04-21 14:09:46.775415";324;"324";"324"
"137";-4.144146;50.32277;"Laminaria ochroleuca";NA;NA;NA;"This work is licensed under a  Creative Commons Attribution (CC-BY) 4.0 License";"SeaSearch (2021): Marine Recorder Snapshot extract of surveys entered by SeaSearch. v2.1. Marine Biological Association. Dataset/Samplingevent. https://doi.org/10.17031/yq0gbg DASSH NA (Available: Ocean Biogeographic Information System. Intergovernmental Oceanographic Commission of UNESCO. www.iobis.org. Accessed: 2026-04-21 14:09:47.592558";324;"324";"324"
"138";-4.907171;50.1939;"Laminaria ochroleuca";NA;NA;NA;"This work is licensed under a  Creative Commons Attribution (CC-BY) 4.0 License";"Joint Nature Conservation Committee (JNCC) (2021): Marine Recorder Snapshot extract of surveys entered by JNCC. v2.1. Marine Biological Association. Dataset/Samplingevent. https://doi.org/10.17031/mehqrq DASSH NA (Available: Ocean Biogeographic Information System. Intergovernmental Oceanographic Commission of UNESCO. www.iobis.org. Accessed: 2026-04-21 14:09:46.775415";324;"324";"324"
"139";-4.125199;50.34936;"Laminaria ochroleuca";NA;NA;NA;"This work is licensed under a  Creative Commons Attribution (CC-BY) 4.0 License";"Joint Nature Conservation Committee (JNCC) (2021): Marine Recorder Snapshot extract of surveys entered by JNCC. v2.1. Marine Biological Association. Dataset/Samplingevent. https://doi.org/10.17031/mehqrq DASSH NA (Available: Ocean Biogeographic Information System. Intergovernmental Oceanographic Commission of UNESCO. www.iobis.org. Accessed: 2026-04-21 14:09:46.775415";324;"324";"324"
"140";-1.944134;49.2578;"Laminaria ochroleuca";NA;NA;NA;"This work is licensed under a  Creative Commons Attribution (CC-BY) 4.0 License";"SeaSearch (2021): Marine Recorder Snapshot extract of surveys entered by SeaSearch. v2.1. Marine Biological Association. Dataset/Samplingevent. https://doi.org/10.17031/yq0gbg DASSH NA (Available: Ocean Biogeographic Information System. Intergovernmental Oceanographic Commission of UNESCO. www.iobis.org. Accessed: 2026-04-21 14:09:47.592558";324;"324";"324"
"141";-6.275002;49.92183;"Laminaria ochroleuca";NA;NA;NA;"This work is licensed under a  Creative Commons Attribution (CC-BY) 4.0 License";"SeaSearch (2021): Marine Recorder Snapshot extract of surveys entered by SeaSearch. v2.1. Marine Biological Association. Dataset/Samplingevent. https://doi.org/10.17031/yq0gbg DASSH NA (Available: Ocean Biogeographic Information System. Intergovernmental Oceanographic Commission of UNESCO. www.iobis.org. Accessed: 2026-04-21 14:09:47.592558";324;"324";"324"
"142";-6.384495;49.866;"Laminaria ochroleuca";NA;NA;NA;"This work is licensed under a  Creative Commons Attribution (CC-BY) 4.0 License";"SeaSearch (2021): Marine Recorder Snapshot extract of surveys entered by SeaSearch. v2.1. Marine Biological Association. Dataset/Samplingevent. https://doi.org/10.17031/yq0gbg DASSH NA (Available: Ocean Biogeographic Information System. Intergovernmental Oceanographic Commission of UNESCO. www.iobis.org. Accessed: 2026-04-21 14:09:47.592558";324;"324";"324"
"143";-3.0565641;48.8389778;"Laminaria ochroleuca";"2010";"4";"25";"This work is licensed under a  Creative Commons Attribution (CC-BY) 4.0 License";"Institut Français de Recherche pour l’Exploitation de la MER (2022). Macrophytes occurrence data within French Mediterranen Lagoon since 2006 NA QUADRIGE - Coastal monitoring database and products, 1974 onwards. (6064) (Available: Ocean Biogeographic Information System. Intergovernmental Oceanographic Commission of UNESCO. www.iobis.org. Accessed: 2026-04-21 14:09:43.138385";324;"324";"324"
"144";-2.346764;49.44756;"Laminaria ochroleuca";NA;NA;NA;"This work is licensed under a  Creative Commons Attribution (CC-BY) 4.0 License";"SeaSearch (2021): Marine Recorder Snapshot extract of surveys entered by SeaSearch. v2.1. Marine Biological Association. Dataset/Samplingevent. https://doi.org/10.17031/yq0gbg DASSH NA (Available: Ocean Biogeographic Information System. Intergovernmental Oceanographic Commission of UNESCO. www.iobis.org. Accessed: 2026-04-21 14:09:47.592558";324;"324";"324"
"145";-5.0742127;50.068165;"Laminaria ochroleuca";"1967";"8";"1";"This work is licensed under a  Creative Commons Attribution Non Commercial (CC-BY-NC) 4.0 License";"Marine Biological Association of the UK (MBA); (2016): DASSH: The UK Archive for Marine Species and Habitats Data Marine Biological Association of the UK (MBA) The Marine Biological Association of the United Kingdom (Available: Ocean Biogeographic Information System. Intergovernmental Oceanographic Commission of UNESCO. www.iobis.org. Accessed: 2026-04-21 14:09:47.909888";324;"324";"324"
"146";-3.983239;50.22345;"Laminaria ochroleuca";NA;NA;NA;"This work is licensed under a  Creative Commons Attribution (CC-BY) 4.0 License";"SeaSearch (2021): Marine Recorder Snapshot extract of surveys entered by SeaSearch. v2.1. Marine Biological Association. Dataset/Samplingevent. https://doi.org/10.17031/yq0gbg DASSH NA (Available: Ocean Biogeographic Information System. Intergovernmental Oceanographic Commission of UNESCO. www.iobis.org. Accessed: 2026-04-21 14:09:47.592558";324;"324";"324"
"147";-5.04346;48.47204;"Laminaria ochroleuca";"2009";"4";"15";"Unrestricted";"Agence pour la recherche et la Valorisation Marines (ARVAM); Cellule De Suivi Du Littoral Normand (CSLN); Creocean;  Groupe d'Etude des Milieux Estuariens et Littoraux; Groupe d'étude des milieux estuariens et littoraux Normandie (GEMEL Normandie); Hemisphere Sub; Impact Mer; Institut Français de Recherche pour l'Exploitation de la Mer (IFREMER); MAREX Expertise &amp; Conseil en Environnement Marin (MAREX); National Natural History Museum Paris; CRESCO - Station de biologie marine de Dinard; National Natural History Museum Paris; Station de Biologie Marine de Concarneau; Pierre &amp; Marie Curie University; Roscoff biology station (RBS); TBM Environnement; The National Center for Scientific Research; Laboratoire d'Ecogéochimie des Environnements Benthiques UMR 8222 (LECOB); The National Center for Scientific Research; Laboratoire d’Océanologie et de Géosciences - UMR 8187 LOG (LOG); Université Bordeaux 1; Environnements et Paléoenvironnements Océaniques (EPOC); Université de Bretagne Occidentale; Institut Universitaire Européen de la Mer (IUEM); Université de Bretagne Occidentale; Laboratoire d'écophysiologie et de biotechnologie des halophytes et algues Marines (IUEM-LEBHAM); Université de Bretagne Occidentale; Laboratory of Sciences of the Marine Environment CNRS-UMR6539 (LEMAR); Université de la Réunion; Laboratoire d'Ecologie Marine (ECOMAR); Université de Liège; Station de Recherche Sous-marines et Océanographiques (STARESO); Université de Nantes; Laboratoire de Biologie Marine (Bio-littoral); Université des Sciences et Technologies de Lille; Station Marine de Wimereux (INSU/CNRS); (2019): REBENT - Réseau Benthique. 486 NA (Available: Ocean Biogeographic Information System. Intergovernmental Oceanographic Commission of UNESCO. www.iobis.org. Accessed: 2026-04-21 14:09:51.251532";324;"324";"324"
"148";-2.059416;49.26767;"Laminaria ochroleuca";NA;NA;NA;"This work is licensed under a  Creative Commons Attribution (CC-BY) 4.0 License";"SeaSearch (2021): Marine Recorder Snapshot extract of surveys entered by SeaSearch. v2.1. Marine Biological Association. Dataset/Samplingevent. https://doi.org/10.17031/yq0gbg DASSH NA (Available: Ocean Biogeographic Information System. Intergovernmental Oceanographic Commission of UNESCO. www.iobis.org. Accessed: 2026-04-21 14:09:47.592558";324;"324";"324"
"149";-5.065478;50.03978;"Laminaria ochroleuca";NA;NA;NA;"This work is licensed under a  Creative Commons Attribution (CC-BY) 4.0 License";"Wildlife Trusts (2021): Marine Recorder Snapshot extract of surveys entered by Wildlife Trusts. v2.1. Marine Biological Association. Dataset/Samplingevent. https://doi.org/10.17031/zwrsjz DASSH NA (Available: Ocean Biogeographic Information System. Intergovernmental Oceanographic Commission of UNESCO. www.iobis.org. Accessed: 2026-04-21 14:09:54.034339";324;"324";"324"
"150";-2.366053;49.4018;"Laminaria ochroleuca";NA;NA;NA;"This work is licensed under a  Creative Commons Attribution (CC-BY) 4.0 License";"SeaSearch (2021): Marine Recorder Snapshot extract of surveys entered by SeaSearch. v2.1. Marine Biological Association. Dataset/Samplingevent. https://doi.org/10.17031/yq0gbg DASSH NA (Available: Ocean Biogeographic Information System. Intergovernmental Oceanographic Commission of UNESCO. www.iobis.org. Accessed: 2026-04-21 14:09:47.592558";324;"324";"324"
"151";-6.253339;49.93616;"Laminaria ochroleuca";NA;NA;NA;"This work is licensed under a  Creative Commons Attribution (CC-BY) 4.0 License";"SeaSearch (2021): Marine Recorder Snapshot extract of surveys entered by SeaSearch. v2.1. Marine Biological Association. Dataset/Samplingevent. https://doi.org/10.17031/yq0gbg DASSH NA (Available: Ocean Biogeographic Information System. Intergovernmental Oceanographic Commission of UNESCO. www.iobis.org. Accessed: 2026-04-21 14:09:47.592558";324;"324";"324"
"152";-8.8225;41.640833;"Laminaria ochroleuca";"2007";"11";"7";"This work is licensed under a  Creative Commons Attribution (CC-BY) 4.0 License";"Sousa Pinto, I.; Viera, R.; 2012. Monitoring of the intertidal biodiversity of rocky beaches with schools in Portugal 2005-2010. CIIMAR - Interdisciplinary Centre for Marine and Environmental Research, Porto. https://dx.doi.org/10.14284/38 CIIMAR MoBiDiC database (Available: Ocean Biogeographic Information System. Intergovernmental Oceanographic Commission of UNESCO. www.iobis.org. Accessed: 2026-04-21 14:09:54.415074";324;"324";"324"
"153";-4.60385;48.61549;"Laminaria ochroleuca";"2015";"4";"12";"Unrestricted";"Agence pour la recherche et la Valorisation Marines (ARVAM); Cellule De Suivi Du Littoral Normand (CSLN); Creocean;  Groupe d'Etude des Milieux Estuariens et Littoraux; Groupe d'étude des milieux estuariens et littoraux Normandie (GEMEL Normandie); Hemisphere Sub; Impact Mer; Institut Français de Recherche pour l'Exploitation de la Mer (IFREMER); MAREX Expertise &amp; Conseil en Environnement Marin (MAREX); National Natural History Museum Paris; CRESCO - Station de biologie marine de Dinard; National Natural History Museum Paris; Station de Biologie Marine de Concarneau; Pierre &amp; Marie Curie University; Roscoff biology station (RBS); TBM Environnement; The National Center for Scientific Research; Laboratoire d'Ecogéochimie des Environnements Benthiques UMR 8222 (LECOB); The National Center for Scientific Research; Laboratoire d’Océanologie et de Géosciences - UMR 8187 LOG (LOG); Université Bordeaux 1; Environnements et Paléoenvironnements Océaniques (EPOC); Université de Bretagne Occidentale; Institut Universitaire Européen de la Mer (IUEM); Université de Bretagne Occidentale; Laboratoire d'écophysiologie et de biotechnologie des halophytes et algues Marines (IUEM-LEBHAM); Université de Bretagne Occidentale; Laboratory of Sciences of the Marine Environment CNRS-UMR6539 (LEMAR); Université de la Réunion; Laboratoire d'Ecologie Marine (ECOMAR); Université de Liège; Station de Recherche Sous-marines et Océanographiques (STARESO); Université de Nantes; Laboratoire de Biologie Marine (Bio-littoral); Université des Sciences et Technologies de Lille; Station Marine de Wimereux (INSU/CNRS); (2019): REBENT - Réseau Benthique. 486 NA (Available: Ocean Biogeographic Information System. Intergovernmental Oceanographic Commission of UNESCO. www.iobis.org. Accessed: 2026-04-21 14:09:51.251532";324;"324";"324"
"154";-2.182212;49.0055;"Laminaria ochroleuca";NA;NA;NA;"This work is licensed under a  Creative Commons Attribution (CC-BY) 4.0 License";"SeaSearch (2021): Marine Recorder Snapshot extract of surveys entered by SeaSearch. v2.1. Marine Biological Association. Dataset/Samplingevent. https://doi.org/10.17031/yq0gbg DASSH NA (Available: Ocean Biogeographic Information System. Intergovernmental Oceanographic Commission of UNESCO. www.iobis.org. Accessed: 2026-04-21 14:09:47.592558";324;"324";"324"
"155";-4.188599;50.32308;"Laminaria ochroleuca";NA;NA;NA;"This work is licensed under a  Creative Commons Attribution (CC-BY) 4.0 License";"SeaSearch (2021): Marine Recorder Snapshot extract of surveys entered by SeaSearch. v2.1. Marine Biological Association. Dataset/Samplingevent. https://doi.org/10.17031/yq0gbg DASSH NA (Available: Ocean Biogeographic Information System. Intergovernmental Oceanographic Commission of UNESCO. www.iobis.org. Accessed: 2026-04-21 14:09:47.592558";324;"324";"324"
"156";-6.30792;49.90542;"Laminaria ochroleuca";NA;NA;NA;"This work is licensed under a  Creative Commons Attribution (CC-BY) 4.0 License";"Joint Nature Conservation Committee (JNCC) (2021): Marine Recorder Snapshot extract of surveys entered by JNCC. v2.1. Marine Biological Association. Dataset/Samplingevent. https://doi.org/10.17031/mehqrq DASSH NA (Available: Ocean Biogeographic Information System. Intergovernmental Oceanographic Commission of UNESCO. www.iobis.org. Accessed: 2026-04-21 14:09:46.775415";324;"324";"324"
"157";-3.981411;50.22432;"Laminaria ochroleuca";NA;NA;NA;"This work is licensed under a  Creative Commons Attribution (CC-BY) 4.0 License";"SeaSearch (2021): Marine Recorder Snapshot extract of surveys entered by SeaSearch. v2.1. Marine Biological Association. Dataset/Samplingevent. https://doi.org/10.17031/yq0gbg DASSH NA (Available: Ocean Biogeographic Information System. Intergovernmental Oceanographic Commission of UNESCO. www.iobis.org. Accessed: 2026-04-21 14:09:47.592558";324;"324";"324"
"158";-6.30353;49.90306;"Laminaria ochroleuca";NA;NA;NA;"This work is licensed under a  Creative Commons Attribution (CC-BY) 4.0 License";"Joint Nature Conservation Committee (JNCC) (2021): Marine Recorder Snapshot extract of surveys entered by JNCC. v2.1. Marine Biological Association. Dataset/Samplingevent. https://doi.org/10.17031/mehqrq DASSH NA (Available: Ocean Biogeographic Information System. Intergovernmental Oceanographic Commission of UNESCO. www.iobis.org. Accessed: 2026-04-21 14:09:46.775415";324;"324";"324"
"159";-3.427733073;43.47157791;"Laminaria ochroleuca";"1998";"5";"13";"This work is licensed under a  Creative Commons Attribution Non Commercial (CC-BY-NC) 4.0 License";"Juanes, A. J; Environmental Hydraulics Institute (IHCantabria), University of Cantabria, Spain (2019): Biomass of characteristic intertidal and subtidal taxa in the N of Spain from 1992 to 2003 IHCantabria Biomass of Characteristic Intertidal and Subtidal Taxa in the N of Spain from 1992 to 2003 (Available: Ocean Biogeographic Information System. Intergovernmental Oceanographic Commission of UNESCO. www.iobis.org. Accessed: 2026-04-21 14:09:49.014999";324;"324";"324"
"160";-6.34833;49.95667;"Laminaria ochroleuca";NA;NA;NA;"This work is licensed under a  Creative Commons Attribution (CC-BY) 4.0 License";"SeaSearch (2021): Marine Recorder Snapshot extract of surveys entered by SeaSearch. v2.1. Marine Biological Association. Dataset/Samplingevent. https://doi.org/10.17031/yq0gbg DASSH NA (Available: Ocean Biogeographic Information System. Intergovernmental Oceanographic Commission of UNESCO. www.iobis.org. Accessed: 2026-04-21 14:09:47.592558";324;"324";"324"
"161";-6.34933;49.881;"Laminaria ochroleuca";NA;NA;NA;"This work is licensed under a  Creative Commons Attribution (CC-BY) 4.0 License";"SeaSearch (2021): Marine Recorder Snapshot extract of surveys entered by SeaSearch. v2.1. Marine Biological Association. Dataset/Samplingevent. https://doi.org/10.17031/yq0gbg DASSH NA (Available: Ocean Biogeographic Information System. Intergovernmental Oceanographic Commission of UNESCO. www.iobis.org. Accessed: 2026-04-21 14:09:47.592558";324;"324";"324"
"162";-6.351002;49.88116;"Laminaria ochroleuca";NA;NA;NA;"This work is licensed under a  Creative Commons Attribution (CC-BY) 4.0 License";"SeaSearch (2021): Marine Recorder Snapshot extract of surveys entered by SeaSearch. v2.1. Marine Biological Association. Dataset/Samplingevent. https://doi.org/10.17031/yq0gbg DASSH NA (Available: Ocean Biogeographic Information System. Intergovernmental Oceanographic Commission of UNESCO. www.iobis.org. Accessed: 2026-04-21 14:09:47.592558";324;"324";"324"
"163";-2.229415;49.69;"Laminaria ochroleuca";NA;NA;NA;"This work is licensed under a  Creative Commons Attribution (CC-BY) 4.0 License";"SeaSearch (2021): Marine Recorder Snapshot extract of surveys entered by SeaSearch. v2.1. Marine Biological Association. Dataset/Samplingevent. https://doi.org/10.17031/yq0gbg DASSH NA (Available: Ocean Biogeographic Information System. Intergovernmental Oceanographic Commission of UNESCO. www.iobis.org. Accessed: 2026-04-21 14:09:47.592558";324;"324";"324"
"164";-6.281664;49.91083;"Laminaria ochroleuca";NA;NA;NA;"This work is licensed under a  Creative Commons Attribution (CC-BY) 4.0 License";"SeaSearch (2021): Marine Recorder Snapshot extract of surveys entered by SeaSearch. v2.1. Marine Biological Association. Dataset/Samplingevent. https://doi.org/10.17031/yq0gbg DASSH NA (Available: Ocean Biogeographic Information System. Intergovernmental Oceanographic Commission of UNESCO. www.iobis.org. Accessed: 2026-04-21 14:09:47.592558";324;"324";"324"
"165";-3.05655;48.83898;"Laminaria ochroleuca";"2010";"4";"25";"This work is licensed under a  Creative Commons Attribution Non Commercial (CC-BY-NC) 4.0 License";"REBENT network (2019). Intertidal and Subtidal Macroalgae taxa data  in ODV format from French REBENT Network. SEANOE. Https://doi.org/10.17882/60891 NA Intertidal and Subtidal Macroalgae taxa data in ODV format from French REBENT Network (Available: Ocean Biogeographic Information System. Intergovernmental Oceanographic Commission of UNESCO. www.iobis.org. Accessed: 2026-04-21 14:09:43.367691";324;"324";"324"
"166";-1.85199;48.865;"Laminaria ochroleuca";"2015";"4";"5";"This work is licensed under a  Creative Commons Attribution Non Commercial (CC-BY-NC) 4.0 License";"REBENT network (2019). Intertidal and Subtidal Macroalgae taxa data  in ODV format from French REBENT Network. SEANOE. Https://doi.org/10.17882/60891 NA Intertidal and Subtidal Macroalgae taxa data in ODV format from French REBENT Network (Available: Ocean Biogeographic Information System. Intergovernmental Oceanographic Commission of UNESCO. www.iobis.org. Accessed: 2026-04-21 14:09:43.367691";324;"324";"324"
"167";-2.241038;49.73833;"Laminaria ochroleuca";NA;NA;NA;"This work is licensed under a  Creative Commons Attribution (CC-BY) 4.0 License";"SeaSearch (2021): Marine Recorder Snapshot extract of surveys entered by SeaSearch. v2.1. Marine Biological Association. Dataset/Samplingevent. https://doi.org/10.17031/yq0gbg DASSH NA (Available: Ocean Biogeographic Information System. Intergovernmental Oceanographic Commission of UNESCO. www.iobis.org. Accessed: 2026-04-21 14:09:47.592558";324;"324";"324"
"168";-2.377996;49.43125;"Laminaria ochroleuca";NA;NA;NA;"This work is licensed under a  Creative Commons Attribution (CC-BY) 4.0 License";"SeaSearch (2021): Marine Recorder Snapshot extract of surveys entered by SeaSearch. v2.1. Marine Biological Association. Dataset/Samplingevent. https://doi.org/10.17031/yq0gbg DASSH NA (Available: Ocean Biogeographic Information System. Intergovernmental Oceanographic Commission of UNESCO. www.iobis.org. Accessed: 2026-04-21 14:09:47.592558";324;"324";"324"
"169";-1.91492;49.28022;"Laminaria ochroleuca";NA;NA;NA;"This work is licensed under a  Creative Commons Attribution (CC-BY) 4.0 License";"SeaSearch (2021): Marine Recorder Snapshot extract of surveys entered by SeaSearch. v2.1. Marine Biological Association. Dataset/Samplingevent. https://doi.org/10.17031/yq0gbg DASSH NA (Available: Ocean Biogeographic Information System. Intergovernmental Oceanographic Commission of UNESCO. www.iobis.org. Accessed: 2026-04-21 14:09:47.592558";324;"324";"324"
"170";-4.11184;50.30487;"Laminaria ochroleuca";NA;NA;NA;"This work is licensed under a  Creative Commons Attribution (CC-BY) 4.0 License";"SeaSearch (2021): Marine Recorder Snapshot extract of surveys entered by SeaSearch. v2.1. Marine Biological Association. Dataset/Samplingevent. https://doi.org/10.17031/yq0gbg DASSH NA (Available: Ocean Biogeographic Information System. Intergovernmental Oceanographic Commission of UNESCO. www.iobis.org. Accessed: 2026-04-21 14:09:47.592558";324;"324";"324"
"171";-5.062685;50.04112;"Laminaria ochroleuca";NA;NA;NA;"This work is licensed under a  Creative Commons Attribution (CC-BY) 4.0 License";"Wildlife Trusts (2021): Marine Recorder Snapshot extract of surveys entered by Wildlife Trusts. v2.1. Marine Biological Association. Dataset/Samplingevent. https://doi.org/10.17031/zwrsjz DASSH NA (Available: Ocean Biogeographic Information System. Intergovernmental Oceanographic Commission of UNESCO. www.iobis.org. Accessed: 2026-04-21 14:09:54.034339";324;"324";"324"
"172";-4.7171326;48.0660782;"Laminaria ochroleuca";"2019";"6";"30";"This work is licensed under a  Creative Commons Attribution (CC-BY) 4.0 License";"Institut Français de Recherche pour l’Exploitation de la MER (2022). Macrophytes occurrence data within French Mediterranen Lagoon since 2006 NA QUADRIGE - Coastal monitoring database and products, 1974 onwards. (6064) (Available: Ocean Biogeographic Information System. Intergovernmental Oceanographic Commission of UNESCO. www.iobis.org. Accessed: 2026-04-21 14:09:43.138385";324;"324";"324"
"173";-6.251018;49.95539;"Laminaria ochroleuca";NA;NA;NA;"This work is licensed under a  Creative Commons Attribution (CC-BY) 4.0 License";"Joint Nature Conservation Committee (JNCC) (2021): Marine Recorder Snapshot extract of surveys entered by JNCC. v2.1. Marine Biological Association. Dataset/Samplingevent. https://doi.org/10.17031/mehqrq DASSH NA (Available: Ocean Biogeographic Information System. Intergovernmental Oceanographic Commission of UNESCO. www.iobis.org. Accessed: 2026-04-21 14:09:46.775415";324;"324";"324"
"174";-4.60385;48.61549;"Laminaria ochroleuca";"2006";"4";"8";"This work is licensed under a  Creative Commons Attribution Non Commercial (CC-BY-NC) 4.0 License";"REBENT network (2019). Intertidal and Subtidal Macroalgae taxa data  in ODV format from French REBENT Network. SEANOE. Https://doi.org/10.17882/60891 NA Intertidal and Subtidal Macroalgae taxa data in ODV format from French REBENT Network (Available: Ocean Biogeographic Information System. Intergovernmental Oceanographic Commission of UNESCO. www.iobis.org. Accessed: 2026-04-21 14:09:43.367691";324;"324";"324"
"175";-6.286535;49.97838;"Laminaria ochroleuca";NA;NA;NA;"This work is licensed under a  Creative Commons Attribution (CC-BY) 4.0 License";"Joint Nature Conservation Committee (JNCC) (2021): Marine Recorder Snapshot extract of surveys entered by JNCC. v2.1. Marine Biological Association. Dataset/Samplingevent. https://doi.org/10.17031/mehqrq DASSH NA (Available: Ocean Biogeographic Information System. Intergovernmental Oceanographic Commission of UNESCO. www.iobis.org. Accessed: 2026-04-21 14:09:46.775415";324;"324";"324"
"176";-2.365419;49.45358;"Laminaria ochroleuca";NA;NA;NA;"This work is licensed under a  Creative Commons Attribution (CC-BY) 4.0 License";"SeaSearch (2021): Marine Recorder Snapshot extract of surveys entered by SeaSearch. v2.1. Marine Biological Association. Dataset/Samplingevent. https://doi.org/10.17031/yq0gbg DASSH NA (Available: Ocean Biogeographic Information System. Intergovernmental Oceanographic Commission of UNESCO. www.iobis.org. Accessed: 2026-04-21 14:09:47.592558";324;"324";"324"
"177";-3.981503;50.2245;"Laminaria ochroleuca";NA;NA;NA;"This work is licensed under a  Creative Commons Attribution (CC-BY) 4.0 License";"SeaSearch (2021): Marine Recorder Snapshot extract of surveys entered by SeaSearch. v2.1. Marine Biological Association. Dataset/Samplingevent. https://doi.org/10.17031/yq0gbg DASSH NA (Available: Ocean Biogeographic Information System. Intergovernmental Oceanographic Commission of UNESCO. www.iobis.org. Accessed: 2026-04-21 14:09:47.592558";324;"324";"324"
"178";-6.352094;49.88541;"Laminaria ochroleuca";NA;NA;NA;"This work is licensed under a  Creative Commons Attribution (CC-BY) 4.0 License";"Joint Nature Conservation Committee (JNCC) (2021): Marine Recorder Snapshot extract of surveys entered by JNCC. v2.1. Marine Biological Association. Dataset/Samplingevent. https://doi.org/10.17031/mehqrq DASSH NA (Available: Ocean Biogeographic Information System. Intergovernmental Oceanographic Commission of UNESCO. www.iobis.org. Accessed: 2026-04-21 14:09:46.775415";324;"324";"324"
"179";-2.015265;49.2931;"Laminaria ochroleuca";NA;NA;NA;"This work is licensed under a  Creative Commons Attribution (CC-BY) 4.0 License";"SeaSearch (2021): Marine Recorder Snapshot extract of surveys entered by SeaSearch. v2.1. Marine Biological Association. Dataset/Samplingevent. https://doi.org/10.17031/yq0gbg DASSH NA (Available: Ocean Biogeographic Information System. Intergovernmental Oceanographic Commission of UNESCO. www.iobis.org. Accessed: 2026-04-21 14:09:47.592558";324;"324";"324"
"180";-6.328707;49.88862;"Laminaria ochroleuca";NA;NA;NA;"This work is licensed under a  Creative Commons Attribution (CC-BY) 4.0 License";"Joint Nature Conservation Committee (JNCC) (2021): Marine Recorder Snapshot extract of surveys entered by JNCC. v2.1. Marine Biological Association. Dataset/Samplingevent. https://doi.org/10.17031/mehqrq DASSH NA (Available: Ocean Biogeographic Information System. Intergovernmental Oceanographic Commission of UNESCO. www.iobis.org. Accessed: 2026-04-21 14:09:46.775415";324;"324";"324"
"181";-6.38666;49.865;"Laminaria ochroleuca";NA;NA;NA;"This work is licensed under a  Creative Commons Attribution (CC-BY) 4.0 License";"SeaSearch (2021): Marine Recorder Snapshot extract of surveys entered by SeaSearch. v2.1. Marine Biological Association. Dataset/Samplingevent. https://doi.org/10.17031/yq0gbg DASSH NA (Available: Ocean Biogeographic Information System. Intergovernmental Oceanographic Commission of UNESCO. www.iobis.org. Accessed: 2026-04-21 14:09:47.592558";324;"324";"324"
"182";-6.312493;49.97983;"Laminaria ochroleuca";NA;NA;NA;"This work is licensed under a  Creative Commons Attribution (CC-BY) 4.0 License";"SeaSearch (2021): Marine Recorder Snapshot extract of surveys entered by SeaSearch. v2.1. Marine Biological Association. Dataset/Samplingevent. https://doi.org/10.17031/yq0gbg DASSH NA (Available: Ocean Biogeographic Information System. Intergovernmental Oceanographic Commission of UNESCO. www.iobis.org. Accessed: 2026-04-21 14:09:47.592558";324;"324";"324"
"183";-6.250923;49.93817;"Laminaria ochroleuca";NA;NA;NA;"This work is licensed under a  Creative Commons Attribution (CC-BY) 4.0 License";"SeaSearch (2021): Marine Recorder Snapshot extract of surveys entered by SeaSearch. v2.1. Marine Biological Association. Dataset/Samplingevent. https://doi.org/10.17031/yq0gbg DASSH NA (Available: Ocean Biogeographic Information System. Intergovernmental Oceanographic Commission of UNESCO. www.iobis.org. Accessed: 2026-04-21 14:09:47.592558";324;"324";"324"
"184";-6.27166;49.928;"Laminaria ochroleuca";NA;NA;NA;"This work is licensed under a  Creative Commons Attribution (CC-BY) 4.0 License";"SeaSearch (2021): Marine Recorder Snapshot extract of surveys entered by SeaSearch. v2.1. Marine Biological Association. Dataset/Samplingevent. https://doi.org/10.17031/yq0gbg DASSH NA (Available: Ocean Biogeographic Information System. Intergovernmental Oceanographic Commission of UNESCO. www.iobis.org. Accessed: 2026-04-21 14:09:47.592558";324;"324";"324"
"185";-2.221592;49.69989;"Laminaria ochroleuca";NA;NA;NA;"This work is licensed under a  Creative Commons Attribution (CC-BY) 4.0 License";"SeaSearch (2021): Marine Recorder Snapshot extract of surveys entered by SeaSearch. v2.1. Marine Biological Association. Dataset/Samplingevent. https://doi.org/10.17031/yq0gbg DASSH NA (Available: Ocean Biogeographic Information System. Intergovernmental Oceanographic Commission of UNESCO. www.iobis.org. Accessed: 2026-04-21 14:09:47.592558";324;"324";"324"
"186";-6.253051;49.93495;"Laminaria ochroleuca";NA;NA;NA;"This work is licensed under a  Creative Commons Attribution (CC-BY) 4.0 License";"SeaSearch (2021): Marine Recorder Snapshot extract of surveys entered by SeaSearch. v2.1. Marine Biological Association. Dataset/Samplingevent. https://doi.org/10.17031/yq0gbg DASSH NA (Available: Ocean Biogeographic Information System. Intergovernmental Oceanographic Commission of UNESCO. www.iobis.org. Accessed: 2026-04-21 14:09:47.592558";324;"324";"324"
"187";-4.197322;50.32823;"Laminaria ochroleuca";NA;NA;NA;"This work is licensed under a  Creative Commons Attribution (CC-BY) 4.0 License";"Joint Nature Conservation Committee (JNCC) (2021): Marine Recorder Snapshot extract of surveys entered by JNCC. v2.1. Marine Biological Association. Dataset/Samplingevent. https://doi.org/10.17031/mehqrq DASSH NA (Available: Ocean Biogeographic Information System. Intergovernmental Oceanographic Commission of UNESCO. www.iobis.org. Accessed: 2026-04-21 14:09:46.775415";324;"324";"324"
"188";-6.445692;49.87339;"Laminaria ochroleuca";NA;NA;NA;"This work is licensed under a  Creative Commons Attribution (CC-BY) 4.0 License";"Joint Nature Conservation Committee (JNCC) (2021): Marine Recorder Snapshot extract of surveys entered by JNCC. v2.1. Marine Biological Association. Dataset/Samplingevent. https://doi.org/10.17031/mehqrq DASSH NA (Available: Ocean Biogeographic Information System. Intergovernmental Oceanographic Commission of UNESCO. www.iobis.org. Accessed: 2026-04-21 14:09:46.775415";324;"324";"324"
"189";-2.182678;49.00575;"Laminaria ochroleuca";NA;NA;NA;"This work is licensed under a  Creative Commons Attribution (CC-BY) 4.0 License";"SeaSearch (2021): Marine Recorder Snapshot extract of surveys entered by SeaSearch. v2.1. Marine Biological Association. Dataset/Samplingevent. https://doi.org/10.17031/yq0gbg DASSH NA (Available: Ocean Biogeographic Information System. Intergovernmental Oceanographic Commission of UNESCO. www.iobis.org. Accessed: 2026-04-21 14:09:47.592558";324;"324";"324"
"190";-2.369522;49.44515;"Laminaria ochroleuca";NA;NA;NA;"This work is licensed under a  Creative Commons Attribution (CC-BY) 4.0 License";"SeaSearch (2021): Marine Recorder Snapshot extract of surveys entered by SeaSearch. v2.1. Marine Biological Association. Dataset/Samplingevent. https://doi.org/10.17031/yq0gbg DASSH NA (Available: Ocean Biogeographic Information System. Intergovernmental Oceanographic Commission of UNESCO. www.iobis.org. Accessed: 2026-04-21 14:09:47.592558";324;"324";"324"
"191";-5.708337;50.13418;"Laminaria ochroleuca";NA;NA;NA;"This work is licensed under a  Creative Commons Attribution (CC-BY) 4.0 License";"Joint Nature Conservation Committee (JNCC) (2021): Marine Recorder Snapshot extract of surveys entered by JNCC. v2.1. Marine Biological Association. Dataset/Samplingevent. https://doi.org/10.17031/mehqrq DASSH NA (Available: Ocean Biogeographic Information System. Intergovernmental Oceanographic Commission of UNESCO. www.iobis.org. Accessed: 2026-04-21 14:09:46.775415";324;"324";"324"
"192";-6.253166;49.96866;"Laminaria ochroleuca";NA;NA;NA;"This work is licensed under a  Creative Commons Attribution (CC-BY) 4.0 License";"SeaSearch (2021): Marine Recorder Snapshot extract of surveys entered by SeaSearch. v2.1. Marine Biological Association. Dataset/Samplingevent. https://doi.org/10.17031/yq0gbg DASSH NA (Available: Ocean Biogeographic Information System. Intergovernmental Oceanographic Commission of UNESCO. www.iobis.org. Accessed: 2026-04-21 14:09:47.592558";324;"324";"324"
"193";-6.361664;49.895;"Laminaria ochroleuca";NA;NA;NA;"This work is licensed under a  Creative Commons Attribution (CC-BY) 4.0 License";"SeaSearch (2021): Marine Recorder Snapshot extract of surveys entered by SeaSearch. v2.1. Marine Biological Association. Dataset/Samplingevent. https://doi.org/10.17031/yq0gbg DASSH NA (Available: Ocean Biogeographic Information System. Intergovernmental Oceanographic Commission of UNESCO. www.iobis.org. Accessed: 2026-04-21 14:09:47.592558";324;"324";"324"
"194";-2.416431;49.47005;"Laminaria ochroleuca";NA;NA;NA;"This work is licensed under a  Creative Commons Attribution (CC-BY) 4.0 License";"SeaSearch (2021): Marine Recorder Snapshot extract of surveys entered by SeaSearch. v2.1. Marine Biological Association. Dataset/Samplingevent. https://doi.org/10.17031/yq0gbg DASSH NA (Available: Ocean Biogeographic Information System. Intergovernmental Oceanographic Commission of UNESCO. www.iobis.org. Accessed: 2026-04-21 14:09:47.592558";324;"324";"324"
"195";-6.361814;49.94677;"Laminaria ochroleuca";NA;NA;NA;"This work is licensed under a  Creative Commons Attribution (CC-BY) 4.0 License";"Joint Nature Conservation Committee (JNCC) (2021): Marine Recorder Snapshot extract of surveys entered by JNCC. v2.1. Marine Biological Association. Dataset/Samplingevent. https://doi.org/10.17031/mehqrq DASSH NA (Available: Ocean Biogeographic Information System. Intergovernmental Oceanographic Commission of UNESCO. www.iobis.org. Accessed: 2026-04-21 14:09:46.775415";324;"324";"324"
"196";-6.307506;49.96666;"Laminaria ochroleuca";NA;NA;NA;"This work is licensed under a  Creative Commons Attribution (CC-BY) 4.0 License";"SeaSearch (2021): Marine Recorder Snapshot extract of surveys entered by SeaSearch. v2.1. Marine Biological Association. Dataset/Samplingevent. https://doi.org/10.17031/yq0gbg DASSH NA (Available: Ocean Biogeographic Information System. Intergovernmental Oceanographic Commission of UNESCO. www.iobis.org. Accessed: 2026-04-21 14:09:47.592558";324;"324";"324"
"197";-5.051319;50.04537;"Laminaria ochroleuca";NA;NA;NA;"This work is licensed under a  Creative Commons Attribution (CC-BY) 4.0 License";"SeaSearch (2021): Marine Recorder Snapshot extract of surveys entered by SeaSearch. v2.1. Marine Biological Association. Dataset/Samplingevent. https://doi.org/10.17031/yq0gbg DASSH NA (Available: Ocean Biogeographic Information System. Intergovernmental Oceanographic Commission of UNESCO. www.iobis.org. Accessed: 2026-04-21 14:09:47.592558";324;"324";"324"
"198";-25.1;37.05;"Laminaria ochroleuca";"2018";"8";"30";"To the extent possible under law, the publisher has waived all rights to these data and has dedicated them to the  Public Domain (CC0 1.0)";"Tempera, F, E. Atchoi, A.L. Sinde-Mano and D. Milla-Figueras; IMAR - Institute of Marine Research; 2020; Kelp occurrences in the Azores (NE Atlantic) https://dx.doi.org/10.14284/423 NA Kelp occurrences in the Azores (northeast Atlantic) (Available: Ocean Biogeographic Information System. Intergovernmental Oceanographic Commission of UNESCO. www.iobis.org. Accessed: 2026-04-21 14:09:49.537795";324;"324";"324"
"199";-5.065001;50.0665;"Laminaria ochroleuca";NA;NA;NA;"This work is licensed under a  Creative Commons Attribution (CC-BY) 4.0 License";"SeaSearch (2021): Marine Recorder Snapshot extract of surveys entered by SeaSearch. v2.1. Marine Biological Association. Dataset/Samplingevent. https://doi.org/10.17031/yq0gbg DASSH NA (Available: Ocean Biogeographic Information System. Intergovernmental Oceanographic Commission of UNESCO. www.iobis.org. Accessed: 2026-04-21 14:09:47.592558";324;"324";"324"
"200";-5.1417208;48.4453659;"Laminaria ochroleuca";"2017";"7";"3";"This work is licensed under a  Creative Commons Attribution (CC-BY) 4.0 License";"Institut Français de Recherche pour l’Exploitation de la MER (2022). Macrophytes occurrence data within French Mediterranen Lagoon since 2006 NA QUADRIGE - Coastal monitoring database and products, 1974 onwards. (6064) (Available: Ocean Biogeographic Information System. Intergovernmental Oceanographic Commission of UNESCO. www.iobis.org. Accessed: 2026-04-21 14:09:43.138385";324;"324";"324"
"201";-6.26;49.9355;"Laminaria ochroleuca";NA;NA;NA;"This work is licensed under a  Creative Commons Attribution (CC-BY) 4.0 License";"SeaSearch (2021): Marine Recorder Snapshot extract of surveys entered by SeaSearch. v2.1. Marine Biological Association. Dataset/Samplingevent. https://doi.org/10.17031/yq0gbg DASSH NA (Available: Ocean Biogeographic Information System. Intergovernmental Oceanographic Commission of UNESCO. www.iobis.org. Accessed: 2026-04-21 14:09:47.592558";324;"324";"324"
"202";-6.347494;49.88072;"Laminaria ochroleuca";NA;NA;NA;"This work is licensed under a  Creative Commons Attribution (CC-BY) 4.0 License";"Joint Nature Conservation Committee (JNCC) (2021): Marine Recorder Snapshot extract of surveys entered by JNCC. v2.1. Marine Biological Association. Dataset/Samplingevent. https://doi.org/10.17031/mehqrq DASSH NA (Available: Ocean Biogeographic Information System. Intergovernmental Oceanographic Commission of UNESCO. www.iobis.org. Accessed: 2026-04-21 14:09:46.775415";324;"324";"324"
"203";-2.37522;49.7234;"Laminaria ochroleuca";NA;NA;NA;"This work is licensed under a  Creative Commons Attribution (CC-BY) 4.0 License";"SeaSearch (2021): Marine Recorder Snapshot extract of surveys entered by SeaSearch. v2.1. Marine Biological Association. Dataset/Samplingevent. https://doi.org/10.17031/yq0gbg DASSH NA (Available: Ocean Biogeographic Information System. Intergovernmental Oceanographic Commission of UNESCO. www.iobis.org. Accessed: 2026-04-21 14:09:47.592558";324;"324";"324"
"204";-5.052812;50.06118;"Laminaria ochroleuca";NA;NA;NA;"This work is licensed under a  Creative Commons Attribution (CC-BY) 4.0 License";"SeaSearch (2021): Marine Recorder Snapshot extract of surveys entered by SeaSearch. v2.1. Marine Biological Association. Dataset/Samplingevent. https://doi.org/10.17031/yq0gbg DASSH NA (Available: Ocean Biogeographic Information System. Intergovernmental Oceanographic Commission of UNESCO. www.iobis.org. Accessed: 2026-04-21 14:09:47.592558";324;"324";"324"
"205";-4.112086;50.30598;"Laminaria ochroleuca";NA;NA;NA;"This work is licensed under a  Creative Commons Attribution (CC-BY) 4.0 License";"SeaSearch (2021): Marine Recorder Snapshot extract of surveys entered by SeaSearch. v2.1. Marine Biological Association. Dataset/Samplingevent. https://doi.org/10.17031/yq0gbg DASSH NA (Available: Ocean Biogeographic Information System. Intergovernmental Oceanographic Commission of UNESCO. www.iobis.org. Accessed: 2026-04-21 14:09:47.592558";324;"324";"324"
"206";-6.354812;49.88744;"Laminaria ochroleuca";NA;NA;NA;"This work is licensed under a  Creative Commons Attribution (CC-BY) 4.0 License";"SeaSearch (2021): Marine Recorder Snapshot extract of surveys entered by SeaSearch. v2.1. Marine Biological Association. Dataset/Samplingevent. https://doi.org/10.17031/yq0gbg DASSH NA (Available: Ocean Biogeographic Information System. Intergovernmental Oceanographic Commission of UNESCO. www.iobis.org. Accessed: 2026-04-21 14:09:47.592558";324;"324";"324"
"207";-5.286597;49.96427;"Laminaria ochroleuca";NA;NA;NA;"This work is licensed under a  Creative Commons Attribution (CC-BY) 4.0 License";"Joint Nature Conservation Committee (JNCC) (2021): Marine Recorder Snapshot extract of surveys entered by JNCC. v2.1. Marine Biological Association. Dataset/Samplingevent. https://doi.org/10.17031/mehqrq DASSH NA (Available: Ocean Biogeographic Information System. Intergovernmental Oceanographic Commission of UNESCO. www.iobis.org. Accessed: 2026-04-21 14:09:46.775415";324;"324";"324"
"208";-2.222586;49.70053;"Laminaria ochroleuca";NA;NA;NA;"This work is licensed under a  Creative Commons Attribution (CC-BY) 4.0 License";"SeaSearch (2021): Marine Recorder Snapshot extract of surveys entered by SeaSearch. v2.1. Marine Biological Association. Dataset/Samplingevent. https://doi.org/10.17031/yq0gbg DASSH NA (Available: Ocean Biogeographic Information System. Intergovernmental Oceanographic Commission of UNESCO. www.iobis.org. Accessed: 2026-04-21 14:09:47.592558";324;"324";"324"
"209";-2.365283;49.40203;"Laminaria ochroleuca";NA;NA;NA;"This work is licensed under a  Creative Commons Attribution (CC-BY) 4.0 License";"SeaSearch (2021): Marine Recorder Snapshot extract of surveys entered by SeaSearch. v2.1. Marine Biological Association. Dataset/Samplingevent. https://doi.org/10.17031/yq0gbg DASSH NA (Available: Ocean Biogeographic Information System. Intergovernmental Oceanographic Commission of UNESCO. www.iobis.org. Accessed: 2026-04-21 14:09:47.592558";324;"324";"324"
"210";-5.075469;50.08701;"Laminaria ochroleuca";NA;NA;NA;"This work is licensed under a  Creative Commons Attribution (CC-BY) 4.0 License";"Joint Nature Conservation Committee (JNCC) (2021): Marine Recorder Snapshot extract of surveys entered by JNCC. v2.1. Marine Biological Association. Dataset/Samplingevent. https://doi.org/10.17031/mehqrq DASSH NA (Available: Ocean Biogeographic Information System. Intergovernmental Oceanographic Commission of UNESCO. www.iobis.org. Accessed: 2026-04-21 14:09:46.775415";324;"324";"324"
"211";-3.983253;50.22411;"Laminaria ochroleuca";NA;NA;NA;"This work is licensed under a  Creative Commons Attribution (CC-BY) 4.0 License";"SeaSearch (2021): Marine Recorder Snapshot extract of surveys entered by SeaSearch. v2.1. Marine Biological Association. Dataset/Samplingevent. https://doi.org/10.17031/yq0gbg DASSH NA (Available: Ocean Biogeographic Information System. Intergovernmental Oceanographic Commission of UNESCO. www.iobis.org. Accessed: 2026-04-21 14:09:47.592558";324;"324";"324"
"212";-2.4933364;47.1848297;"Laminaria ochroleuca";"2010";"7";"8";"This work is licensed under a  Creative Commons Attribution (CC-BY) 4.0 License";"Institut Français de Recherche pour l’Exploitation de la MER (2022). Macrophytes occurrence data within French Mediterranen Lagoon since 2006 NA QUADRIGE - Coastal monitoring database and products, 1974 onwards. (6064) (Available: Ocean Biogeographic Information System. Intergovernmental Oceanographic Commission of UNESCO. www.iobis.org. Accessed: 2026-04-21 14:09:43.138385";324;"324";"324"
"213";-8.7105;41.1973;"Laminaria ochroleuca";"2007";"3";"19";"This work is licensed under a  Creative Commons Attribution (CC-BY) 4.0 License";"Arenas Parra, F.; Sousa Pinto, I.; Interdisciplinary Centre for Marine and Environmental Research (Porto) (CIIMAR) - University of Porto, Portugal; (2012). Monitoring Porto 2006-2008. https://dx.doi.org/10.14284/65 CIIMAR Monitoring Porto 2006-2008 (Available: Ocean Biogeographic Information System. Intergovernmental Oceanographic Commission of UNESCO. www.iobis.org. Accessed: 2026-04-21 14:09:51.025371";324;"324";"324"
"214";-6.273996;49.92966;"Laminaria ochroleuca";NA;NA;NA;"This work is licensed under a  Creative Commons Attribution (CC-BY) 4.0 License";"SeaSearch (2021): Marine Recorder Snapshot extract of surveys entered by SeaSearch. v2.1. Marine Biological Association. Dataset/Samplingevent. https://doi.org/10.17031/yq0gbg DASSH NA (Available: Ocean Biogeographic Information System. Intergovernmental Oceanographic Commission of UNESCO. www.iobis.org. Accessed: 2026-04-21 14:09:47.592558";324;"324";"324"
"215";-3.455806055;43.49071147;"Laminaria ochroleuca";"1998";"9";"25";"This work is licensed under a  Creative Commons Attribution Non Commercial (CC-BY-NC) 4.0 License";"Juanes, A. J; Environmental Hydraulics Institute (IHCantabria), University of Cantabria, Spain (2019): Biomass of characteristic intertidal and subtidal taxa in the N of Spain from 1992 to 2003 IHCantabria Biomass of Characteristic Intertidal and Subtidal Taxa in the N of Spain from 1992 to 2003 (Available: Ocean Biogeographic Information System. Intergovernmental Oceanographic Commission of UNESCO. www.iobis.org. Accessed: 2026-04-21 14:09:49.014999";324;"324";"324"
"216";-6.355674;49.8885;"Laminaria ochroleuca";NA;NA;NA;"This work is licensed under a  Creative Commons Attribution (CC-BY) 4.0 License";"SeaSearch (2021): Marine Recorder Snapshot extract of surveys entered by SeaSearch. v2.1. Marine Biological Association. Dataset/Samplingevent. https://doi.org/10.17031/yq0gbg DASSH NA (Available: Ocean Biogeographic Information System. Intergovernmental Oceanographic Commission of UNESCO. www.iobis.org. Accessed: 2026-04-21 14:09:47.592558";324;"324";"324"
"217";-6.268333;49.97484;"Laminaria ochroleuca";NA;NA;NA;"This work is licensed under a  Creative Commons Attribution (CC-BY) 4.0 License";"SeaSearch (2021): Marine Recorder Snapshot extract of surveys entered by SeaSearch. v2.1. Marine Biological Association. Dataset/Samplingevent. https://doi.org/10.17031/yq0gbg DASSH NA (Available: Ocean Biogeographic Information System. Intergovernmental Oceanographic Commission of UNESCO. www.iobis.org. Accessed: 2026-04-21 14:09:47.592558";324;"324";"324"
"218";-2.98495;48.86638;"Laminaria ochroleuca";"2014";"4";"10";"This work is licensed under a  Creative Commons Attribution Non Commercial (CC-BY-NC) 4.0 License";"REBENT network (2019). Intertidal and Subtidal Macroalgae taxa data  in ODV format from French REBENT Network. SEANOE. Https://doi.org/10.17882/60891 NA Intertidal and Subtidal Macroalgae taxa data in ODV format from French REBENT Network (Available: Ocean Biogeographic Information System. Intergovernmental Oceanographic Commission of UNESCO. www.iobis.org. Accessed: 2026-04-21 14:09:43.367691";324;"324";"324"
"219";-4.4464779;50.337661;"Laminaria ochroleuca";"1948";"1";"1";"This work is licensed under a  Creative Commons Attribution Non Commercial (CC-BY-NC) 4.0 License";"Marine Biological Association of the UK (MBA); (2016): DASSH: The UK Archive for Marine Species and Habitats Data Marine Biological Association of the UK (MBA) The Marine Biological Association of the United Kingdom (Available: Ocean Biogeographic Information System. Intergovernmental Oceanographic Commission of UNESCO. www.iobis.org. Accessed: 2026-04-21 14:09:47.909888";324;"324";"324"
"220";-6.261334;49.97;"Laminaria ochroleuca";NA;NA;NA;"This work is licensed under a  Creative Commons Attribution (CC-BY) 4.0 License";"SeaSearch (2021): Marine Recorder Snapshot extract of surveys entered by SeaSearch. v2.1. Marine Biological Association. Dataset/Samplingevent. https://doi.org/10.17031/yq0gbg DASSH NA (Available: Ocean Biogeographic Information System. Intergovernmental Oceanographic Commission of UNESCO. www.iobis.org. Accessed: 2026-04-21 14:09:47.592558";324;"324";"324"
"221";-4.6038623;48.6154861;"Laminaria ochroleuca";"2021";"6";"19";"This work is licensed under a  Creative Commons Attribution (CC-BY) 4.0 License";"Institut Français de Recherche pour l’Exploitation de la MER (2022). Macrophytes occurrence data within French Mediterranen Lagoon since 2006 NA QUADRIGE - Coastal monitoring database and products, 1974 onwards. (6064) (Available: Ocean Biogeographic Information System. Intergovernmental Oceanographic Commission of UNESCO. www.iobis.org. Accessed: 2026-04-21 14:09:43.138385";324;"324";"324"
"222";-2.205292;49.29783;"Laminaria ochroleuca";NA;NA;NA;"This work is licensed under a  Creative Commons Attribution (CC-BY) 4.0 License";"SeaSearch (2021): Marine Recorder Snapshot extract of surveys entered by SeaSearch. v2.1. Marine Biological Association. Dataset/Samplingevent. https://doi.org/10.17031/yq0gbg DASSH NA (Available: Ocean Biogeographic Information System. Intergovernmental Oceanographic Commission of UNESCO. www.iobis.org. Accessed: 2026-04-21 14:09:47.592558";324;"324";"324"
"223";-6.299703;49.93829;"Laminaria ochroleuca";NA;NA;NA;"This work is licensed under a  Creative Commons Attribution (CC-BY) 4.0 License";"Joint Nature Conservation Committee (JNCC) (2021): Marine Recorder Snapshot extract of surveys entered by JNCC. v2.1. Marine Biological Association. Dataset/Samplingevent. https://doi.org/10.17031/mehqrq DASSH NA (Available: Ocean Biogeographic Information System. Intergovernmental Oceanographic Commission of UNESCO. www.iobis.org. Accessed: 2026-04-21 14:09:46.775415";324;"324";"324"
"224";-6.279065;49.91303;"Laminaria ochroleuca";NA;NA;NA;"This work is licensed under a  Creative Commons Attribution (CC-BY) 4.0 License";"SeaSearch (2021): Marine Recorder Snapshot extract of surveys entered by SeaSearch. v2.1. Marine Biological Association. Dataset/Samplingevent. https://doi.org/10.17031/yq0gbg DASSH NA (Available: Ocean Biogeographic Information System. Intergovernmental Oceanographic Commission of UNESCO. www.iobis.org. Accessed: 2026-04-21 14:09:47.592558";324;"324";"324"
"225";-6.274002;49.92973;"Laminaria ochroleuca";NA;NA;NA;"This work is licensed under a  Creative Commons Attribution (CC-BY) 4.0 License";"SeaSearch (2021): Marine Recorder Snapshot extract of surveys entered by SeaSearch. v2.1. Marine Biological Association. Dataset/Samplingevent. https://doi.org/10.17031/yq0gbg DASSH NA (Available: Ocean Biogeographic Information System. Intergovernmental Oceanographic Commission of UNESCO. www.iobis.org. Accessed: 2026-04-21 14:09:47.592558";324;"324";"324"
"226";-6.252477;49.93666;"Laminaria ochroleuca";NA;NA;NA;"This work is licensed under a  Creative Commons Attribution (CC-BY) 4.0 License";"SeaSearch (2021): Marine Recorder Snapshot extract of surveys entered by SeaSearch. v2.1. Marine Biological Association. Dataset/Samplingevent. https://doi.org/10.17031/yq0gbg DASSH NA (Available: Ocean Biogeographic Information System. Intergovernmental Oceanographic Commission of UNESCO. www.iobis.org. Accessed: 2026-04-21 14:09:47.592558";324;"324";"324"
"227";-3.05655;48.83898;"Laminaria ochroleuca";"2007";"5";"13";"Unrestricted";"Agence pour la recherche et la Valorisation Marines (ARVAM); Cellule De Suivi Du Littoral Normand (CSLN); Creocean;  Groupe d'Etude des Milieux Estuariens et Littoraux; Groupe d'étude des milieux estuariens et littoraux Normandie (GEMEL Normandie); Hemisphere Sub; Impact Mer; Institut Français de Recherche pour l'Exploitation de la Mer (IFREMER); MAREX Expertise &amp; Conseil en Environnement Marin (MAREX); National Natural History Museum Paris; CRESCO - Station de biologie marine de Dinard; National Natural History Museum Paris; Station de Biologie Marine de Concarneau; Pierre &amp; Marie Curie University; Roscoff biology station (RBS); TBM Environnement; The National Center for Scientific Research; Laboratoire d'Ecogéochimie des Environnements Benthiques UMR 8222 (LECOB); The National Center for Scientific Research; Laboratoire d’Océanologie et de Géosciences - UMR 8187 LOG (LOG); Université Bordeaux 1; Environnements et Paléoenvironnements Océaniques (EPOC); Université de Bretagne Occidentale; Institut Universitaire Européen de la Mer (IUEM); Université de Bretagne Occidentale; Laboratoire d'écophysiologie et de biotechnologie des halophytes et algues Marines (IUEM-LEBHAM); Université de Bretagne Occidentale; Laboratory of Sciences of the Marine Environment CNRS-UMR6539 (LEMAR); Université de la Réunion; Laboratoire d'Ecologie Marine (ECOMAR); Université de Liège; Station de Recherche Sous-marines et Océanographiques (STARESO); Université de Nantes; Laboratoire de Biologie Marine (Bio-littoral); Université des Sciences et Technologies de Lille; Station Marine de Wimereux (INSU/CNRS); (2019): REBENT - Réseau Benthique. 486 NA (Available: Ocean Biogeographic Information System. Intergovernmental Oceanographic Commission of UNESCO. www.iobis.org. Accessed: 2026-04-21 14:09:51.251532";324;"324";"324"
"228";-1.93741;49.2723;"Laminaria ochroleuca";"2015";"4";"5";"This work is licensed under a  Creative Commons Attribution Non Commercial (CC-BY-NC) 4.0 License";"REBENT network (2019). Intertidal and Subtidal Macroalgae taxa data  in ODV format from French REBENT Network. SEANOE. Https://doi.org/10.17882/60891 NA Intertidal and Subtidal Macroalgae taxa data in ODV format from French REBENT Network (Available: Ocean Biogeographic Information System. Intergovernmental Oceanographic Commission of UNESCO. www.iobis.org. Accessed: 2026-04-21 14:09:43.367691";324;"324";"324"
"229";-6.272188;49.95821;"Laminaria ochroleuca";NA;NA;NA;"This work is licensed under a  Creative Commons Attribution (CC-BY) 4.0 License";"Joint Nature Conservation Committee (JNCC) (2021): Marine Recorder Snapshot extract of surveys entered by JNCC. v2.1. Marine Biological Association. Dataset/Samplingevent. https://doi.org/10.17031/mehqrq DASSH NA (Available: Ocean Biogeographic Information System. Intergovernmental Oceanographic Commission of UNESCO. www.iobis.org. Accessed: 2026-04-21 14:09:46.775415";324;"324";"324"
"230";-6.286718;49.93338;"Laminaria ochroleuca";NA;NA;NA;"This work is licensed under a  Creative Commons Attribution (CC-BY) 4.0 License";"Joint Nature Conservation Committee (JNCC) (2021): Marine Recorder Snapshot extract of surveys entered by JNCC. v2.1. Marine Biological Association. Dataset/Samplingevent. https://doi.org/10.17031/mehqrq DASSH NA (Available: Ocean Biogeographic Information System. Intergovernmental Oceanographic Commission of UNESCO. www.iobis.org. Accessed: 2026-04-21 14:09:46.775415";324;"324";"324"
"231";-6.277426;49.92292;"Laminaria ochroleuca";NA;NA;NA;"This work is licensed under a  Creative Commons Attribution (CC-BY) 4.0 License";"Joint Nature Conservation Committee (JNCC) (2021): Marine Recorder Snapshot extract of surveys entered by JNCC. v2.1. Marine Biological Association. Dataset/Samplingevent. https://doi.org/10.17031/mehqrq DASSH NA (Available: Ocean Biogeographic Information System. Intergovernmental Oceanographic Commission of UNESCO. www.iobis.org. Accessed: 2026-04-21 14:09:46.775415";324;"324";"324"
"232";-4.00586;48.75963;"Laminaria ochroleuca";"2006";"6";"5";"This work is licensed under a  Creative Commons Attribution Non Commercial (CC-BY-NC) 4.0 License";"REBENT network (2019). Intertidal and Subtidal Macroalgae taxa data  in ODV format from French REBENT Network. SEANOE. Https://doi.org/10.17882/60891 NA Intertidal and Subtidal Macroalgae taxa data in ODV format from French REBENT Network (Available: Ocean Biogeographic Information System. Intergovernmental Oceanographic Commission of UNESCO. www.iobis.org. Accessed: 2026-04-21 14:09:43.367691";324;"324";"324"
"233";-6.349049;49.95985;"Laminaria ochroleuca";NA;NA;NA;"This work is licensed under a  Creative Commons Attribution (CC-BY) 4.0 License";"Joint Nature Conservation Committee (JNCC) (2021): Marine Recorder Snapshot extract of surveys entered by JNCC. v2.1. Marine Biological Association. Dataset/Samplingevent. https://doi.org/10.17031/mehqrq DASSH NA (Available: Ocean Biogeographic Information System. Intergovernmental Oceanographic Commission of UNESCO. www.iobis.org. Accessed: 2026-04-21 14:09:46.775415";324;"324";"324"
"234";-1.852;48.8650017;"Laminaria ochroleuca";"2018";"7";"2";"This work is licensed under a  Creative Commons Attribution (CC-BY) 4.0 License";"Institut Français de Recherche pour l’Exploitation de la MER (2022). Macrophytes occurrence data within French Mediterranen Lagoon since 2006 NA QUADRIGE - Coastal monitoring database and products, 1974 onwards. (6064) (Available: Ocean Biogeographic Information System. Intergovernmental Oceanographic Commission of UNESCO. www.iobis.org. Accessed: 2026-04-21 14:09:43.138385";324;"324";"324"
"235";-2.984967;48.866383;"Laminaria ochroleuca";NA;NA;NA;"This work is licensed under a  Creative Commons Attribution Non Commercial (CC-BY-NC) 4.0 License";"Cite data as:Rassweiler, A., Novak, M., Okamoto, D., Byrnes, J., Krumhansl, K. (2016). Global Kelp Timeseries from NCEAS/KEEN Working Group. Florida State University, Oregon State University, Simon Fraser University, University of Massachusetts Boston. Data accessed at http://catalogue-temperatereefbase.imas.utas.edu.au:/geonetwork/srv/en/metadata.show?uuid=ecbe5cc3-3fbf-4569-b5e8-07c2201fcb9c on [access date].

If you have kelp timeseries greater than 3 years in length, please consider contributing to the data set. Contact Jarrett Byrnes for details. IMAS and University of Massachusetts NCEAS-KEEN-TS (Available: Ocean Biogeographic Information System. Intergovernmental Oceanographic Commission of UNESCO. www.iobis.org. Accessed: 2026-04-21 14:09:44.583438";324;"324";"324"
"236";-2.139048;49.15637;"Laminaria ochroleuca";NA;NA;NA;"This work is licensed under a  Creative Commons Attribution (CC-BY) 4.0 License";"SeaSearch (2021): Marine Recorder Snapshot extract of surveys entered by SeaSearch. v2.1. Marine Biological Association. Dataset/Samplingevent. https://doi.org/10.17031/yq0gbg DASSH NA (Available: Ocean Biogeographic Information System. Intergovernmental Oceanographic Commission of UNESCO. www.iobis.org. Accessed: 2026-04-21 14:09:47.592558";324;"324";"324"
"237";-3.923750095;43.49555097;"Laminaria ochroleuca";"1998";"10";"13";"This work is licensed under a  Creative Commons Attribution Non Commercial (CC-BY-NC) 4.0 License";"Juanes, A. J; Environmental Hydraulics Institute (IHCantabria), University of Cantabria, Spain (2019): Biomass of characteristic intertidal and subtidal taxa in the N of Spain from 1992 to 2003 IHCantabria Biomass of Characteristic Intertidal and Subtidal Taxa in the N of Spain from 1992 to 2003 (Available: Ocean Biogeographic Information System. Intergovernmental Oceanographic Commission of UNESCO. www.iobis.org. Accessed: 2026-04-21 14:09:49.014999";324;"324";"324"
"238";-6.257759;49.96977;"Laminaria ochroleuca";NA;NA;NA;"This work is licensed under a  Creative Commons Attribution (CC-BY) 4.0 License";"SeaSearch (2021): Marine Recorder Snapshot extract of surveys entered by SeaSearch. v2.1. Marine Biological Association. Dataset/Samplingevent. https://doi.org/10.17031/yq0gbg DASSH NA (Available: Ocean Biogeographic Information System. Intergovernmental Oceanographic Commission of UNESCO. www.iobis.org. Accessed: 2026-04-21 14:09:47.592558";324;"324";"324"
"239";-4.056917;47.793583;"Laminaria ochroleuca";NA;NA;NA;"This work is licensed under a  Creative Commons Attribution Non Commercial (CC-BY-NC) 4.0 License";"Cite data as:Rassweiler, A., Novak, M., Okamoto, D., Byrnes, J., Krumhansl, K. (2016). Global Kelp Timeseries from NCEAS/KEEN Working Group. Florida State University, Oregon State University, Simon Fraser University, University of Massachusetts Boston. Data accessed at http://catalogue-temperatereefbase.imas.utas.edu.au:/geonetwork/srv/en/metadata.show?uuid=ecbe5cc3-3fbf-4569-b5e8-07c2201fcb9c on [access date].

If you have kelp timeseries greater than 3 years in length, please consider contributing to the data set. Contact Jarrett Byrnes for details. IMAS and University of Massachusetts NCEAS-KEEN-TS (Available: Ocean Biogeographic Information System. Intergovernmental Oceanographic Commission of UNESCO. www.iobis.org. Accessed: 2026-04-21 14:09:44.583438";324;"324";"324"
"240";-3.05655;48.83898;"Laminaria ochroleuca";"2010";"4";"25";"Unrestricted";"Agence pour la recherche et la Valorisation Marines (ARVAM); Cellule De Suivi Du Littoral Normand (CSLN); Creocean;  Groupe d'Etude des Milieux Estuariens et Littoraux; Groupe d'étude des milieux estuariens et littoraux Normandie (GEMEL Normandie); Hemisphere Sub; Impact Mer; Institut Français de Recherche pour l'Exploitation de la Mer (IFREMER); MAREX Expertise &amp; Conseil en Environnement Marin (MAREX); National Natural History Museum Paris; CRESCO - Station de biologie marine de Dinard; National Natural History Museum Paris; Station de Biologie Marine de Concarneau; Pierre &amp; Marie Curie University; Roscoff biology station (RBS); TBM Environnement; The National Center for Scientific Research; Laboratoire d'Ecogéochimie des Environnements Benthiques UMR 8222 (LECOB); The National Center for Scientific Research; Laboratoire d’Océanologie et de Géosciences - UMR 8187 LOG (LOG); Université Bordeaux 1; Environnements et Paléoenvironnements Océaniques (EPOC); Université de Bretagne Occidentale; Institut Universitaire Européen de la Mer (IUEM); Université de Bretagne Occidentale; Laboratoire d'écophysiologie et de biotechnologie des halophytes et algues Marines (IUEM-LEBHAM); Université de Bretagne Occidentale; Laboratory of Sciences of the Marine Environment CNRS-UMR6539 (LEMAR); Université de la Réunion; Laboratoire d'Ecologie Marine (ECOMAR); Université de Liège; Station de Recherche Sous-marines et Océanographiques (STARESO); Université de Nantes; Laboratoire de Biologie Marine (Bio-littoral); Université des Sciences et Technologies de Lille; Station Marine de Wimereux (INSU/CNRS); (2019): REBENT - Réseau Benthique. 486 NA (Available: Ocean Biogeographic Information System. Intergovernmental Oceanographic Commission of UNESCO. www.iobis.org. Accessed: 2026-04-21 14:09:51.251532";324;"324";"324"
"241";-6.39574;49.8753;"Laminaria ochroleuca";NA;NA;NA;"This work is licensed under a  Creative Commons Attribution (CC-BY) 4.0 License";"Joint Nature Conservation Committee (JNCC) (2021): Marine Recorder Snapshot extract of surveys entered by JNCC. v2.1. Marine Biological Association. Dataset/Samplingevent. https://doi.org/10.17031/mehqrq DASSH NA (Available: Ocean Biogeographic Information System. Intergovernmental Oceanographic Commission of UNESCO. www.iobis.org. Accessed: 2026-04-21 14:09:46.775415";324;"324";"324"
"242";-5.065004;50.06566;"Laminaria ochroleuca";NA;NA;NA;"This work is licensed under a  Creative Commons Attribution (CC-BY) 4.0 License";"SeaSearch (2021): Marine Recorder Snapshot extract of surveys entered by SeaSearch. v2.1. Marine Biological Association. Dataset/Samplingevent. https://doi.org/10.17031/yq0gbg DASSH NA (Available: Ocean Biogeographic Information System. Intergovernmental Oceanographic Commission of UNESCO. www.iobis.org. Accessed: 2026-04-21 14:09:47.592558";324;"324";"324"
"243";-2.417728;49.47001;"Laminaria ochroleuca";NA;NA;NA;"This work is licensed under a  Creative Commons Attribution (CC-BY) 4.0 License";"SeaSearch (2021): Marine Recorder Snapshot extract of surveys entered by SeaSearch. v2.1. Marine Biological Association. Dataset/Samplingevent. https://doi.org/10.17031/yq0gbg DASSH NA (Available: Ocean Biogeographic Information System. Intergovernmental Oceanographic Commission of UNESCO. www.iobis.org. Accessed: 2026-04-21 14:09:47.592558";324;"324";"324"
"244";-6.311668;49.98183;"Laminaria ochroleuca";NA;NA;NA;"This work is licensed under a  Creative Commons Attribution (CC-BY) 4.0 License";"SeaSearch (2021): Marine Recorder Snapshot extract of surveys entered by SeaSearch. v2.1. Marine Biological Association. Dataset/Samplingevent. https://doi.org/10.17031/yq0gbg DASSH NA (Available: Ocean Biogeographic Information System. Intergovernmental Oceanographic Commission of UNESCO. www.iobis.org. Accessed: 2026-04-21 14:09:47.592558";324;"324";"324"
"245";-2.358579;49.40129;"Laminaria ochroleuca";NA;NA;NA;"This work is licensed under a  Creative Commons Attribution (CC-BY) 4.0 License";"SeaSearch (2021): Marine Recorder Snapshot extract of surveys entered by SeaSearch. v2.1. Marine Biological Association. Dataset/Samplingevent. https://doi.org/10.17031/yq0gbg DASSH NA (Available: Ocean Biogeographic Information System. Intergovernmental Oceanographic Commission of UNESCO. www.iobis.org. Accessed: 2026-04-21 14:09:47.592558";324;"324";"324"
"246";-6.280336;49.91267;"Laminaria ochroleuca";NA;NA;NA;"This work is licensed under a  Creative Commons Attribution (CC-BY) 4.0 License";"SeaSearch (2021): Marine Recorder Snapshot extract of surveys entered by SeaSearch. v2.1. Marine Biological Association. Dataset/Samplingevent. https://doi.org/10.17031/yq0gbg DASSH NA (Available: Ocean Biogeographic Information System. Intergovernmental Oceanographic Commission of UNESCO. www.iobis.org. Accessed: 2026-04-21 14:09:47.592558";324;"324";"324"
"247";-2.021381;48.96471;"Laminaria ochroleuca";NA;NA;NA;"This work is licensed under a  Creative Commons Attribution (CC-BY) 4.0 License";"SeaSearch (2021): Marine Recorder Snapshot extract of surveys entered by SeaSearch. v2.1. Marine Biological Association. Dataset/Samplingevent. https://doi.org/10.17031/yq0gbg DASSH NA (Available: Ocean Biogeographic Information System. Intergovernmental Oceanographic Commission of UNESCO. www.iobis.org. Accessed: 2026-04-21 14:09:47.592558";324;"324";"324"
"248";-2.575834;49.41734;"Laminaria ochroleuca";NA;NA;NA;"This work is licensed under a  Creative Commons Attribution (CC-BY) 4.0 License";"SeaSearch (2021): Marine Recorder Snapshot extract of surveys entered by SeaSearch. v2.1. Marine Biological Association. Dataset/Samplingevent. https://doi.org/10.17031/yq0gbg DASSH NA (Available: Ocean Biogeographic Information System. Intergovernmental Oceanographic Commission of UNESCO. www.iobis.org. Accessed: 2026-04-21 14:09:47.592558";324;"324";"324"
"249";-6.253331;49.96816;"Laminaria ochroleuca";NA;NA;NA;"This work is licensed under a  Creative Commons Attribution (CC-BY) 4.0 License";"SeaSearch (2021): Marine Recorder Snapshot extract of surveys entered by SeaSearch. v2.1. Marine Biological Association. Dataset/Samplingevent. https://doi.org/10.17031/yq0gbg DASSH NA (Available: Ocean Biogeographic Information System. Intergovernmental Oceanographic Commission of UNESCO. www.iobis.org. Accessed: 2026-04-21 14:09:47.592558";324;"324";"324"
"250";-6.36896;49.88711;"Laminaria ochroleuca";NA;NA;NA;"This work is licensed under a  Creative Commons Attribution (CC-BY) 4.0 License";"Joint Nature Conservation Committee (JNCC) (2021): Marine Recorder Snapshot extract of surveys entered by JNCC. v2.1. Marine Biological Association. Dataset/Samplingevent. https://doi.org/10.17031/mehqrq DASSH NA (Available: Ocean Biogeographic Information System. Intergovernmental Oceanographic Commission of UNESCO. www.iobis.org. Accessed: 2026-04-21 14:09:46.775415";324;"324";"324"
"251";-6.35983;49.88316;"Laminaria ochroleuca";NA;NA;NA;"This work is licensed under a  Creative Commons Attribution (CC-BY) 4.0 License";"SeaSearch (2021): Marine Recorder Snapshot extract of surveys entered by SeaSearch. v2.1. Marine Biological Association. Dataset/Samplingevent. https://doi.org/10.17031/yq0gbg DASSH NA (Available: Ocean Biogeographic Information System. Intergovernmental Oceanographic Commission of UNESCO. www.iobis.org. Accessed: 2026-04-21 14:09:47.592558";324;"324";"324"
"252";-6.329489;49.91289;"Laminaria ochroleuca";NA;NA;NA;"This work is licensed under a  Creative Commons Attribution (CC-BY) 4.0 License";"Joint Nature Conservation Committee (JNCC) (2021): Marine Recorder Snapshot extract of surveys entered by JNCC. v2.1. Marine Biological Association. Dataset/Samplingevent. https://doi.org/10.17031/mehqrq DASSH NA (Available: Ocean Biogeographic Information System. Intergovernmental Oceanographic Commission of UNESCO. www.iobis.org. Accessed: 2026-04-21 14:09:46.775415";324;"324";"324"
"253";-3.0565641;48.8389778;"Laminaria ochroleuca";"2006";"5";"6";"This work is licensed under a  Creative Commons Attribution (CC-BY) 4.0 License";"Institut Français de Recherche pour l’Exploitation de la MER (2022). Macrophytes occurrence data within French Mediterranen Lagoon since 2006 NA QUADRIGE - Coastal monitoring database and products, 1974 onwards. (6064) (Available: Ocean Biogeographic Information System. Intergovernmental Oceanographic Commission of UNESCO. www.iobis.org. Accessed: 2026-04-21 14:09:43.138385";324;"324";"324"
"254";-2.395244;49.4255;"Laminaria ochroleuca";NA;NA;NA;"This work is licensed under a  Creative Commons Attribution (CC-BY) 4.0 License";"SeaSearch (2021): Marine Recorder Snapshot extract of surveys entered by SeaSearch. v2.1. Marine Biological Association. Dataset/Samplingevent. https://doi.org/10.17031/yq0gbg DASSH NA (Available: Ocean Biogeographic Information System. Intergovernmental Oceanographic Commission of UNESCO. www.iobis.org. Accessed: 2026-04-21 14:09:47.592558";324;"324";"324"
"255";-3.757098;50.21614;"Laminaria ochroleuca";NA;NA;NA;"This work is licensed under a  Creative Commons Attribution (CC-BY) 4.0 License";"Natural England (NE) (2021): Marine Recorder Snapshot extract of surveys entered by Natural England. v2.1. Marine Biological Association. Dataset/Samplingevent. https://doi.org/10.17031/thn0xd DASSH NA (Available: Ocean Biogeographic Information System. Intergovernmental Oceanographic Commission of UNESCO. www.iobis.org. Accessed: 2026-04-21 14:09:46.985744";324;"324";"324"
"256";-3.5134461;48.8887711;"Laminaria ochroleuca";"2006";"7";"2";"This work is licensed under a  Creative Commons Attribution (CC-BY) 4.0 License";"Institut Français de Recherche pour l’Exploitation de la MER (2022). Macrophytes occurrence data within French Mediterranen Lagoon since 2006 NA QUADRIGE - Coastal monitoring database and products, 1974 onwards. (6064) (Available: Ocean Biogeographic Information System. Intergovernmental Oceanographic Commission of UNESCO. www.iobis.org. Accessed: 2026-04-21 14:09:43.138385";324;"324";"324"
"257";-4.1125774;50.30524;"Laminaria ochroleuca";NA;NA;NA;"This work is licensed under a  Creative Commons Attribution Non Commercial (CC-BY-NC) 4.0 License";"Lear D (2024): 2009 The Marine Biological Association of the UK (MBA) Wembury Bioblitz Survey. v3.1. Marine Biological Association. Dataset/Samplingevent. https://doi.org/10.17031/ppacwa NA NA (Available: Ocean Biogeographic Information System. Intergovernmental Oceanographic Commission of UNESCO. www.iobis.org. Accessed: 2026-04-21 14:09:57.17237";324;"324";"324"
"258";-28;39.1;"Laminaria ochroleuca";"2017";"6";"17";"To the extent possible under law, the publisher has waived all rights to these data and has dedicated them to the  Public Domain (CC0 1.0)";"Tempera, F, E. Atchoi, A.L. Sinde-Mano and D. Milla-Figueras; IMAR - Institute of Marine Research; 2020; Kelp occurrences in the Azores (NE Atlantic) https://dx.doi.org/10.14284/423 NA Kelp occurrences in the Azores (northeast Atlantic) (Available: Ocean Biogeographic Information System. Intergovernmental Oceanographic Commission of UNESCO. www.iobis.org. Accessed: 2026-04-21 14:09:49.537795";324;"324";"324"
"259";-4.80771;48.49023;"Laminaria ochroleuca";"2017";"7";"4";"Unrestricted";"Agence pour la recherche et la Valorisation Marines (ARVAM); Cellule De Suivi Du Littoral Normand (CSLN); Creocean;  Groupe d'Etude des Milieux Estuariens et Littoraux; Groupe d'étude des milieux estuariens et littoraux Normandie (GEMEL Normandie); Hemisphere Sub; Impact Mer; Institut Français de Recherche pour l'Exploitation de la Mer (IFREMER); MAREX Expertise &amp; Conseil en Environnement Marin (MAREX); National Natural History Museum Paris; CRESCO - Station de biologie marine de Dinard; National Natural History Museum Paris; Station de Biologie Marine de Concarneau; Pierre &amp; Marie Curie University; Roscoff biology station (RBS); TBM Environnement; The National Center for Scientific Research; Laboratoire d'Ecogéochimie des Environnements Benthiques UMR 8222 (LECOB); The National Center for Scientific Research; Laboratoire d’Océanologie et de Géosciences - UMR 8187 LOG (LOG); Université Bordeaux 1; Environnements et Paléoenvironnements Océaniques (EPOC); Université de Bretagne Occidentale; Institut Universitaire Européen de la Mer (IUEM); Université de Bretagne Occidentale; Laboratoire d'écophysiologie et de biotechnologie des halophytes et algues Marines (IUEM-LEBHAM); Université de Bretagne Occidentale; Laboratory of Sciences of the Marine Environment CNRS-UMR6539 (LEMAR); Université de la Réunion; Laboratoire d'Ecologie Marine (ECOMAR); Université de Liège; Station de Recherche Sous-marines et Océanographiques (STARESO); Université de Nantes; Laboratoire de Biologie Marine (Bio-littoral); Université des Sciences et Technologies de Lille; Station Marine de Wimereux (INSU/CNRS); (2019): REBENT - Réseau Benthique. 486 NA (Available: Ocean Biogeographic Information System. Intergovernmental Oceanographic Commission of UNESCO. www.iobis.org. Accessed: 2026-04-21 14:09:51.251532";324;"324";"324"
"260";-4.585767;48.638567;"Laminaria ochroleuca";NA;NA;NA;"This work is licensed under a  Creative Commons Attribution Non Commercial (CC-BY-NC) 4.0 License";"Cite data as:Rassweiler, A., Novak, M., Okamoto, D., Byrnes, J., Krumhansl, K. (2016). Global Kelp Timeseries from NCEAS/KEEN Working Group. Florida State University, Oregon State University, Simon Fraser University, University of Massachusetts Boston. Data accessed at http://catalogue-temperatereefbase.imas.utas.edu.au:/geonetwork/srv/en/metadata.show?uuid=ecbe5cc3-3fbf-4569-b5e8-07c2201fcb9c on [access date].

If you have kelp timeseries greater than 3 years in length, please consider contributing to the data set. Contact Jarrett Byrnes for details. IMAS and University of Massachusetts NCEAS-KEEN-TS (Available: Ocean Biogeographic Information System. Intergovernmental Oceanographic Commission of UNESCO. www.iobis.org. Accessed: 2026-04-21 14:09:44.583438";324;"324";"324"
"261";-8.7787;42.2284;"Laminaria ochroleuca";NA;NA;NA;"This work is licensed under a  Creative Commons Attribution (CC-BY) 4.0 License";"Obst, M.; Exter, K. M., Pavloudi, C.; Pagnier, J.; Genin, A.; Balazy, P.; Canio, I., Chatzigeorgiou, G., Chatzinikolaou, E.; Chełchowski, M.; Chrismas, N.; Comtet, T., Dailianis, T., Daraghmeh, N.; Deneudt, K.; Deia de Cerio, O.; Digenis, M.; Gerovasileiou, V.; González, J.; Kauppi, L.; Kristoffersen, J. B.; Kukliński, P.; Lasota, R., Liraz, L.; Małachowicz, M.; Mavric, B.; Mortelmans, J.; Paredes, E.; Poćwierz-Kotus, A.; Reiss, H., Santi, I., Sarafidou, G.; Skouradakis, G.; Solbakken, J.; Staehr, P.; Thyrring, J.; Troncosco, J.; Vernadou, E.; Viard, F.; Zafeiropoulos, H.; Zbawicka, M.; (2020): ARMS-MBON data on long-term monitoring of hard-bottom communities: COI results from 2018-2020.&nbsp; ARMS-MBON NA (Available: Ocean Biogeographic Information System. Intergovernmental Oceanographic Commission of UNESCO. www.iobis.org. Accessed: 2026-04-21 14:09:57.441401";324;"324";"324"
"262";-4.128271;50.33726;"Laminaria ochroleuca";NA;NA;NA;"This work is licensed under a  Creative Commons Attribution (CC-BY) 4.0 License";"SeaSearch (2021): Marine Recorder Snapshot extract of surveys entered by SeaSearch. v2.1. Marine Biological Association. Dataset/Samplingevent. https://doi.org/10.17031/yq0gbg DASSH NA (Available: Ocean Biogeographic Information System. Intergovernmental Oceanographic Commission of UNESCO. www.iobis.org. Accessed: 2026-04-21 14:09:47.592558";324;"324";"324"
"263";-27.4;38.8;"Laminaria ochroleuca";"2005";"6";"8";"To the extent possible under law, the publisher has waived all rights to these data and has dedicated them to the  Public Domain (CC0 1.0)";"Tempera, F, E. Atchoi, A.L. Sinde-Mano and D. Milla-Figueras; IMAR - Institute of Marine Research; 2020; Kelp occurrences in the Azores (NE Atlantic) https://dx.doi.org/10.14284/423 NA Kelp occurrences in the Azores (northeast Atlantic) (Available: Ocean Biogeographic Information System. Intergovernmental Oceanographic Commission of UNESCO. www.iobis.org. Accessed: 2026-04-21 14:09:49.537795";324;"324";"324"
"264";-4.185269;50.32431;"Laminaria ochroleuca";NA;NA;NA;"This work is licensed under a  Creative Commons Attribution (CC-BY) 4.0 License";"SeaSearch (2021): Marine Recorder Snapshot extract of surveys entered by SeaSearch. v2.1. Marine Biological Association. Dataset/Samplingevent. https://doi.org/10.17031/yq0gbg DASSH NA (Available: Ocean Biogeographic Information System. Intergovernmental Oceanographic Commission of UNESCO. www.iobis.org. Accessed: 2026-04-21 14:09:47.592558";324;"324";"324"
"265";-3.05655;48.83898;"Laminaria ochroleuca";"2007";"5";"12";"This work is licensed under a  Creative Commons Attribution Non Commercial (CC-BY-NC) 4.0 License";"REBENT network (2019). Intertidal and Subtidal Macroalgae taxa data  in ODV format from French REBENT Network. SEANOE. Https://doi.org/10.17882/60891 NA Intertidal and Subtidal Macroalgae taxa data in ODV format from French REBENT Network (Available: Ocean Biogeographic Information System. Intergovernmental Oceanographic Commission of UNESCO. www.iobis.org. Accessed: 2026-04-21 14:09:43.367691";324;"324";"324"
"266";-1.9501;49.02017;"Laminaria ochroleuca";NA;NA;NA;"This work is licensed under a  Creative Commons Attribution (CC-BY) 4.0 License";"SeaSearch (2021): Marine Recorder Snapshot extract of surveys entered by SeaSearch. v2.1. Marine Biological Association. Dataset/Samplingevent. https://doi.org/10.17031/yq0gbg DASSH NA (Available: Ocean Biogeographic Information System. Intergovernmental Oceanographic Commission of UNESCO. www.iobis.org. Accessed: 2026-04-21 14:09:47.592558";324;"324";"324"
"267";-4.128467;50.33755;"Laminaria ochroleuca";NA;NA;NA;"This work is licensed under a  Creative Commons Attribution (CC-BY) 4.0 License";"SeaSearch (2021): Marine Recorder Snapshot extract of surveys entered by SeaSearch. v2.1. Marine Biological Association. Dataset/Samplingevent. https://doi.org/10.17031/yq0gbg DASSH NA (Available: Ocean Biogeographic Information System. Intergovernmental Oceanographic Commission of UNESCO. www.iobis.org. Accessed: 2026-04-21 14:09:47.592558";324;"324";"324"
"268";-6.35316;49.8875;"Laminaria ochroleuca";NA;NA;NA;"This work is licensed under a  Creative Commons Attribution (CC-BY) 4.0 License";"SeaSearch (2021): Marine Recorder Snapshot extract of surveys entered by SeaSearch. v2.1. Marine Biological Association. Dataset/Samplingevent. https://doi.org/10.17031/yq0gbg DASSH NA (Available: Ocean Biogeographic Information System. Intergovernmental Oceanographic Commission of UNESCO. www.iobis.org. Accessed: 2026-04-21 14:09:47.592558";324;"324";"324"
"269";-6.261488;49.93467;"Laminaria ochroleuca";NA;NA;NA;"This work is licensed under a  Creative Commons Attribution (CC-BY) 4.0 License";"SeaSearch (2021): Marine Recorder Snapshot extract of surveys entered by SeaSearch. v2.1. Marine Biological Association. Dataset/Samplingevent. https://doi.org/10.17031/yq0gbg DASSH NA (Available: Ocean Biogeographic Information System. Intergovernmental Oceanographic Commission of UNESCO. www.iobis.org. Accessed: 2026-04-21 14:09:47.592558";324;"324";"324"
"270";-5.270694;49.99711;"Laminaria ochroleuca";NA;NA;NA;"This work is licensed under a  Creative Commons Attribution (CC-BY) 4.0 License";"Joint Nature Conservation Committee (JNCC) (2021): Marine Recorder Snapshot extract of surveys entered by JNCC. v2.1. Marine Biological Association. Dataset/Samplingevent. https://doi.org/10.17031/mehqrq DASSH NA (Available: Ocean Biogeographic Information System. Intergovernmental Oceanographic Commission of UNESCO. www.iobis.org. Accessed: 2026-04-21 14:09:46.775415";324;"324";"324"
"271";-6.361733;49.94587;"Laminaria ochroleuca";NA;NA;NA;"This work is licensed under a  Creative Commons Attribution (CC-BY) 4.0 License";"Joint Nature Conservation Committee (JNCC) (2021): Marine Recorder Snapshot extract of surveys entered by JNCC. v2.1. Marine Biological Association. Dataset/Samplingevent. https://doi.org/10.17031/mehqrq DASSH NA (Available: Ocean Biogeographic Information System. Intergovernmental Oceanographic Commission of UNESCO. www.iobis.org. Accessed: 2026-04-21 14:09:46.775415";324;"324";"324"
"272";-6.279154;49.93141;"Laminaria ochroleuca";NA;NA;NA;"This work is licensed under a  Creative Commons Attribution (CC-BY) 4.0 License";"Joint Nature Conservation Committee (JNCC) (2021): Marine Recorder Snapshot extract of surveys entered by JNCC. v2.1. Marine Biological Association. Dataset/Samplingevent. https://doi.org/10.17031/mehqrq DASSH NA (Available: Ocean Biogeographic Information System. Intergovernmental Oceanographic Commission of UNESCO. www.iobis.org. Accessed: 2026-04-21 14:09:46.775415";324;"324";"324"
"273";-2.541119;49.41875;"Laminaria ochroleuca";NA;NA;NA;"This work is licensed under a  Creative Commons Attribution (CC-BY) 4.0 License";"SeaSearch (2021): Marine Recorder Snapshot extract of surveys entered by SeaSearch. v2.1. Marine Biological Association. Dataset/Samplingevent. https://doi.org/10.17031/yq0gbg DASSH NA (Available: Ocean Biogeographic Information System. Intergovernmental Oceanographic Commission of UNESCO. www.iobis.org. Accessed: 2026-04-21 14:09:47.592558";324;"324";"324"
"274";-3.05655;48.83898;"Laminaria ochroleuca";"2007";"5";"12";"Unrestricted";"Agence pour la recherche et la Valorisation Marines (ARVAM); Cellule De Suivi Du Littoral Normand (CSLN); Creocean;  Groupe d'Etude des Milieux Estuariens et Littoraux; Groupe d'étude des milieux estuariens et littoraux Normandie (GEMEL Normandie); Hemisphere Sub; Impact Mer; Institut Français de Recherche pour l'Exploitation de la Mer (IFREMER); MAREX Expertise &amp; Conseil en Environnement Marin (MAREX); National Natural History Museum Paris; CRESCO - Station de biologie marine de Dinard; National Natural History Museum Paris; Station de Biologie Marine de Concarneau; Pierre &amp; Marie Curie University; Roscoff biology station (RBS); TBM Environnement; The National Center for Scientific Research; Laboratoire d'Ecogéochimie des Environnements Benthiques UMR 8222 (LECOB); The National Center for Scientific Research; Laboratoire d’Océanologie et de Géosciences - UMR 8187 LOG (LOG); Université Bordeaux 1; Environnements et Paléoenvironnements Océaniques (EPOC); Université de Bretagne Occidentale; Institut Universitaire Européen de la Mer (IUEM); Université de Bretagne Occidentale; Laboratoire d'écophysiologie et de biotechnologie des halophytes et algues Marines (IUEM-LEBHAM); Université de Bretagne Occidentale; Laboratory of Sciences of the Marine Environment CNRS-UMR6539 (LEMAR); Université de la Réunion; Laboratoire d'Ecologie Marine (ECOMAR); Université de Liège; Station de Recherche Sous-marines et Océanographiques (STARESO); Université de Nantes; Laboratoire de Biologie Marine (Bio-littoral); Université des Sciences et Technologies de Lille; Station Marine de Wimereux (INSU/CNRS); (2019): REBENT - Réseau Benthique. 486 NA (Available: Ocean Biogeographic Information System. Intergovernmental Oceanographic Commission of UNESCO. www.iobis.org. Accessed: 2026-04-21 14:09:51.251532";324;"324";"324"
"275";-5.08986;50.02815;"Laminaria ochroleuca";NA;NA;NA;"This work is licensed under a  Creative Commons Attribution (CC-BY) 4.0 License";"Joint Nature Conservation Committee (JNCC) (2021): Marine Recorder Snapshot extract of surveys entered by JNCC. v2.1. Marine Biological Association. Dataset/Samplingevent. https://doi.org/10.17031/mehqrq DASSH NA (Available: Ocean Biogeographic Information System. Intergovernmental Oceanographic Commission of UNESCO. www.iobis.org. Accessed: 2026-04-21 14:09:46.775415";324;"324";"324"
"276";-5.6089;36.0025;"Laminaria ochroleuca";"2005";"5";"27";"This work is licensed under a  Creative Commons Attribution (CC-BY) 4.0 License";"Herbario Universidad de Málaga (MGC). Herbarium collections online databases. https://doi.org/10.15468/q8hzlc MGC MGC-Algae (Available: Ocean Biogeographic Information System. Intergovernmental Oceanographic Commission of UNESCO. www.iobis.org. Accessed: 2026-04-21 14:09:49.3278";324;"324";"324"
"277";-6.297581;49.97707;"Laminaria ochroleuca";NA;NA;NA;"This work is licensed under a  Creative Commons Attribution (CC-BY) 4.0 License";"Joint Nature Conservation Committee (JNCC) (2021): Marine Recorder Snapshot extract of surveys entered by JNCC. v2.1. Marine Biological Association. Dataset/Samplingevent. https://doi.org/10.17031/mehqrq DASSH NA (Available: Ocean Biogeographic Information System. Intergovernmental Oceanographic Commission of UNESCO. www.iobis.org. Accessed: 2026-04-21 14:09:46.775415";324;"324";"324"
"278";-6.275776;49.92946;"Laminaria ochroleuca";NA;NA;NA;"This work is licensed under a  Creative Commons Attribution (CC-BY) 4.0 License";"Joint Nature Conservation Committee (JNCC) (2021): Marine Recorder Snapshot extract of surveys entered by JNCC. v2.1. Marine Biological Association. Dataset/Samplingevent. https://doi.org/10.17031/mehqrq DASSH NA (Available: Ocean Biogeographic Information System. Intergovernmental Oceanographic Commission of UNESCO. www.iobis.org. Accessed: 2026-04-21 14:09:46.775415";324;"324";"324"
"279";-6.331495;49.8885;"Laminaria ochroleuca";NA;NA;NA;"This work is licensed under a  Creative Commons Attribution (CC-BY) 4.0 License";"SeaSearch (2021): Marine Recorder Snapshot extract of surveys entered by SeaSearch. v2.1. Marine Biological Association. Dataset/Samplingevent. https://doi.org/10.17031/yq0gbg DASSH NA (Available: Ocean Biogeographic Information System. Intergovernmental Oceanographic Commission of UNESCO. www.iobis.org. Accessed: 2026-04-21 14:09:47.592558";324;"324";"324"
"280";-4.60385;48.61549;"Laminaria ochroleuca";"2007";"6";"11";"Unrestricted";"Agence pour la recherche et la Valorisation Marines (ARVAM); Cellule De Suivi Du Littoral Normand (CSLN); Creocean;  Groupe d'Etude des Milieux Estuariens et Littoraux; Groupe d'étude des milieux estuariens et littoraux Normandie (GEMEL Normandie); Hemisphere Sub; Impact Mer; Institut Français de Recherche pour l'Exploitation de la Mer (IFREMER); MAREX Expertise &amp; Conseil en Environnement Marin (MAREX); National Natural History Museum Paris; CRESCO - Station de biologie marine de Dinard; National Natural History Museum Paris; Station de Biologie Marine de Concarneau; Pierre &amp; Marie Curie University; Roscoff biology station (RBS); TBM Environnement; The National Center for Scientific Research; Laboratoire d'Ecogéochimie des Environnements Benthiques UMR 8222 (LECOB); The National Center for Scientific Research; Laboratoire d’Océanologie et de Géosciences - UMR 8187 LOG (LOG); Université Bordeaux 1; Environnements et Paléoenvironnements Océaniques (EPOC); Université de Bretagne Occidentale; Institut Universitaire Européen de la Mer (IUEM); Université de Bretagne Occidentale; Laboratoire d'écophysiologie et de biotechnologie des halophytes et algues Marines (IUEM-LEBHAM); Université de Bretagne Occidentale; Laboratory of Sciences of the Marine Environment CNRS-UMR6539 (LEMAR); Université de la Réunion; Laboratoire d'Ecologie Marine (ECOMAR); Université de Liège; Station de Recherche Sous-marines et Océanographiques (STARESO); Université de Nantes; Laboratoire de Biologie Marine (Bio-littoral); Université des Sciences et Technologies de Lille; Station Marine de Wimereux (INSU/CNRS); (2019): REBENT - Réseau Benthique. 486 NA (Available: Ocean Biogeographic Information System. Intergovernmental Oceanographic Commission of UNESCO. www.iobis.org. Accessed: 2026-04-21 14:09:51.251532";324;"324";"324"
"281";-2.369995;49.40003;"Laminaria ochroleuca";NA;NA;NA;"This work is licensed under a  Creative Commons Attribution (CC-BY) 4.0 License";"SeaSearch (2021): Marine Recorder Snapshot extract of surveys entered by SeaSearch. v2.1. Marine Biological Association. Dataset/Samplingevent. https://doi.org/10.17031/yq0gbg DASSH NA (Available: Ocean Biogeographic Information System. Intergovernmental Oceanographic Commission of UNESCO. www.iobis.org. Accessed: 2026-04-21 14:09:47.592558";324;"324";"324"
"282";-3.6466;48.871267;"Laminaria ochroleuca";NA;NA;NA;"This work is licensed under a  Creative Commons Attribution Non Commercial (CC-BY-NC) 4.0 License";"Cite data as:Rassweiler, A., Novak, M., Okamoto, D., Byrnes, J., Krumhansl, K. (2016). Global Kelp Timeseries from NCEAS/KEEN Working Group. Florida State University, Oregon State University, Simon Fraser University, University of Massachusetts Boston. Data accessed at http://catalogue-temperatereefbase.imas.utas.edu.au:/geonetwork/srv/en/metadata.show?uuid=ecbe5cc3-3fbf-4569-b5e8-07c2201fcb9c on [access date].

If you have kelp timeseries greater than 3 years in length, please consider contributing to the data set. Contact Jarrett Byrnes for details. IMAS and University of Massachusetts NCEAS-KEEN-TS (Available: Ocean Biogeographic Information System. Intergovernmental Oceanographic Commission of UNESCO. www.iobis.org. Accessed: 2026-04-21 14:09:44.583438";324;"324";"324"
"283";-6.28249;49.94856;"Laminaria ochroleuca";NA;NA;NA;"This work is licensed under a  Creative Commons Attribution (CC-BY) 4.0 License";"Natural England (NE) (2021): Marine Recorder Snapshot extract of surveys entered by Natural England. v2.1. Marine Biological Association. Dataset/Samplingevent. https://doi.org/10.17031/thn0xd DASSH NA (Available: Ocean Biogeographic Information System. Intergovernmental Oceanographic Commission of UNESCO. www.iobis.org. Accessed: 2026-04-21 14:09:46.985744";324;"324";"324"
"284";-4.128454;50.33758;"Laminaria ochroleuca";NA;NA;NA;"This work is licensed under a  Creative Commons Attribution (CC-BY) 4.0 License";"SeaSearch (2021): Marine Recorder Snapshot extract of surveys entered by SeaSearch. v2.1. Marine Biological Association. Dataset/Samplingevent. https://doi.org/10.17031/yq0gbg DASSH NA (Available: Ocean Biogeographic Information System. Intergovernmental Oceanographic Commission of UNESCO. www.iobis.org. Accessed: 2026-04-21 14:09:47.592558";324;"324";"324"
"285";-2.368671;49.39983;"Laminaria ochroleuca";NA;NA;NA;"This work is licensed under a  Creative Commons Attribution (CC-BY) 4.0 License";"SeaSearch (2021): Marine Recorder Snapshot extract of surveys entered by SeaSearch. v2.1. Marine Biological Association. Dataset/Samplingevent. https://doi.org/10.17031/yq0gbg DASSH NA (Available: Ocean Biogeographic Information System. Intergovernmental Oceanographic Commission of UNESCO. www.iobis.org. Accessed: 2026-04-21 14:09:47.592558";324;"324";"324"
"286";-6.274807;49.92482;"Laminaria ochroleuca";NA;NA;NA;"This work is licensed under a  Creative Commons Attribution (CC-BY) 4.0 License";"Joint Nature Conservation Committee (JNCC) (2021): Marine Recorder Snapshot extract of surveys entered by JNCC. v2.1. Marine Biological Association. Dataset/Samplingevent. https://doi.org/10.17031/mehqrq DASSH NA (Available: Ocean Biogeographic Information System. Intergovernmental Oceanographic Commission of UNESCO. www.iobis.org. Accessed: 2026-04-21 14:09:46.775415";324;"324";"324"
"287";-4.8077025;48.4902306;"Laminaria ochroleuca";"2020";"7";"12";"This work is licensed under a  Creative Commons Attribution (CC-BY) 4.0 License";"Institut Français de Recherche pour l’Exploitation de la MER (2022). Macrophytes occurrence data within French Mediterranen Lagoon since 2006 NA QUADRIGE - Coastal monitoring database and products, 1974 onwards. (6064) (Available: Ocean Biogeographic Information System. Intergovernmental Oceanographic Commission of UNESCO. www.iobis.org. Accessed: 2026-04-21 14:09:43.138385";324;"324";"324"
"288";-6.375731;49.90035;"Laminaria ochroleuca";NA;NA;NA;"This work is licensed under a  Creative Commons Attribution (CC-BY) 4.0 License";"Joint Nature Conservation Committee (JNCC) (2021): Marine Recorder Snapshot extract of surveys entered by JNCC. v2.1. Marine Biological Association. Dataset/Samplingevent. https://doi.org/10.17031/mehqrq DASSH NA (Available: Ocean Biogeographic Information System. Intergovernmental Oceanographic Commission of UNESCO. www.iobis.org. Accessed: 2026-04-21 14:09:46.775415";324;"324";"324"
"289";-6.260293;49.97007;"Laminaria ochroleuca";NA;NA;NA;"This work is licensed under a  Creative Commons Attribution (CC-BY) 4.0 License";"SeaSearch (2021): Marine Recorder Snapshot extract of surveys entered by SeaSearch. v2.1. Marine Biological Association. Dataset/Samplingevent. https://doi.org/10.17031/yq0gbg DASSH NA (Available: Ocean Biogeographic Information System. Intergovernmental Oceanographic Commission of UNESCO. www.iobis.org. Accessed: 2026-04-21 14:09:47.592558";324;"324";"324"
"290";-3.982238;50.22432;"Laminaria ochroleuca";NA;NA;NA;"This work is licensed under a  Creative Commons Attribution (CC-BY) 4.0 License";"SeaSearch (2021): Marine Recorder Snapshot extract of surveys entered by SeaSearch. v2.1. Marine Biological Association. Dataset/Samplingevent. https://doi.org/10.17031/yq0gbg DASSH NA (Available: Ocean Biogeographic Information System. Intergovernmental Oceanographic Commission of UNESCO. www.iobis.org. Accessed: 2026-04-21 14:09:47.592558";324;"324";"324"
"291";-6.279002;49.91303;"Laminaria ochroleuca";NA;NA;NA;"This work is licensed under a  Creative Commons Attribution (CC-BY) 4.0 License";"SeaSearch (2021): Marine Recorder Snapshot extract of surveys entered by SeaSearch. v2.1. Marine Biological Association. Dataset/Samplingevent. https://doi.org/10.17031/yq0gbg DASSH NA (Available: Ocean Biogeographic Information System. Intergovernmental Oceanographic Commission of UNESCO. www.iobis.org. Accessed: 2026-04-21 14:09:47.592558";324;"324";"324"
"292";-4.6038623;48.6154861;"Laminaria ochroleuca";"2006";"4";"8";"This work is licensed under a  Creative Commons Attribution (CC-BY) 4.0 License";"Institut Français de Recherche pour l’Exploitation de la MER (2022). Macrophytes occurrence data within French Mediterranen Lagoon since 2006 NA QUADRIGE - Coastal monitoring database and products, 1974 onwards. (6064) (Available: Ocean Biogeographic Information System. Intergovernmental Oceanographic Commission of UNESCO. www.iobis.org. Accessed: 2026-04-21 14:09:43.138385";324;"324";"324"
"293";-3.056567;48.838983;"Laminaria ochroleuca";NA;NA;NA;"This work is licensed under a  Creative Commons Attribution Non Commercial (CC-BY-NC) 4.0 License";"Cite data as:Rassweiler, A., Novak, M., Okamoto, D., Byrnes, J., Krumhansl, K. (2016). Global Kelp Timeseries from NCEAS/KEEN Working Group. Florida State University, Oregon State University, Simon Fraser University, University of Massachusetts Boston. Data accessed at http://catalogue-temperatereefbase.imas.utas.edu.au:/geonetwork/srv/en/metadata.show?uuid=ecbe5cc3-3fbf-4569-b5e8-07c2201fcb9c on [access date].

If you have kelp timeseries greater than 3 years in length, please consider contributing to the data set. Contact Jarrett Byrnes for details. IMAS and University of Massachusetts NCEAS-KEEN-TS (Available: Ocean Biogeographic Information System. Intergovernmental Oceanographic Commission of UNESCO. www.iobis.org. Accessed: 2026-04-21 14:09:44.583438";324;"324";"324"
"294";-9.77198;31.51451;"Laminaria ochroleuca";NA;NA;NA;"This work is licensed under a  Creative Commons Attribution (CC-BY 4.0) License";"Sinde Mano A L, Monteiro C, Pádua Lima F, Pereira J, Nieto Vilela R A, Seabra R (2024). Biodiversity data from rocky intertidal zones, surveyed from Scotland to Morocco in 2022 and 2023. Version 1.2. CIBIO (Research Center in Biodiversity and Genetic Resources) Portugal. Samplingevent dataset. http://ipt.gbif.pt/ipt/resource?r=intertidal_biodiversity_northatlantic22&amp;v=1.2 CIBIO NA (Available: Ocean Biogeographic Information System. Intergovernmental Oceanographic Commission of UNESCO. www.iobis.org. Accessed: 2026-04-21 14:09:51.687796";324;"324";"324"
"295";-2.369173;49.40067;"Laminaria ochroleuca";NA;NA;NA;"This work is licensed under a  Creative Commons Attribution (CC-BY) 4.0 License";"SeaSearch (2021): Marine Recorder Snapshot extract of surveys entered by SeaSearch. v2.1. Marine Biological Association. Dataset/Samplingevent. https://doi.org/10.17031/yq0gbg DASSH NA (Available: Ocean Biogeographic Information System. Intergovernmental Oceanographic Commission of UNESCO. www.iobis.org. Accessed: 2026-04-21 14:09:47.592558";324;"324";"324"
"296";-6.367086;49.88178;"Laminaria ochroleuca";NA;NA;NA;"This work is licensed under a  Creative Commons Attribution (CC-BY) 4.0 License";"Joint Nature Conservation Committee (JNCC) (2021): Marine Recorder Snapshot extract of surveys entered by JNCC. v2.1. Marine Biological Association. Dataset/Samplingevent. https://doi.org/10.17031/mehqrq DASSH NA (Available: Ocean Biogeographic Information System. Intergovernmental Oceanographic Commission of UNESCO. www.iobis.org. Accessed: 2026-04-21 14:09:46.775415";324;"324";"324"
"297";-4.8077025;48.4902306;"Laminaria ochroleuca";"2017";"7";"4";"This work is licensed under a  Creative Commons Attribution (CC-BY) 4.0 License";"Institut Français de Recherche pour l’Exploitation de la MER (2022). Macrophytes occurrence data within French Mediterranen Lagoon since 2006 NA QUADRIGE - Coastal monitoring database and products, 1974 onwards. (6064) (Available: Ocean Biogeographic Information System. Intergovernmental Oceanographic Commission of UNESCO. www.iobis.org. Accessed: 2026-04-21 14:09:43.138385";324;"324";"324"
"298";-8.7105;41.1973;"Laminaria ochroleuca";"2006";"3";"1";"This work is licensed under a  Creative Commons Attribution (CC-BY) 4.0 License";"Arenas Parra, F.; Sousa Pinto, I.; Interdisciplinary Centre for Marine and Environmental Research (Porto) (CIIMAR) - University of Porto, Portugal; (2012). Monitoring Porto 2006-2008. https://dx.doi.org/10.14284/65 CIIMAR Monitoring Porto 2006-2008 (Available: Ocean Biogeographic Information System. Intergovernmental Oceanographic Commission of UNESCO. www.iobis.org. Accessed: 2026-04-21 14:09:51.025371";324;"324";"324"
"299";-6.291796;49.90427;"Laminaria ochroleuca";NA;NA;NA;"This work is licensed under a  Creative Commons Attribution (CC-BY) 4.0 License";"SeaSearch (2021): Marine Recorder Snapshot extract of surveys entered by SeaSearch. v2.1. Marine Biological Association. Dataset/Samplingevent. https://doi.org/10.17031/yq0gbg DASSH NA (Available: Ocean Biogeographic Information System. Intergovernmental Oceanographic Commission of UNESCO. www.iobis.org. Accessed: 2026-04-21 14:09:47.592558";324;"324";"324"
"300";-6.264504;49.96988;"Laminaria ochroleuca";NA;NA;NA;"This work is licensed under a  Creative Commons Attribution (CC-BY) 4.0 License";"SeaSearch (2021): Marine Recorder Snapshot extract of surveys entered by SeaSearch. v2.1. Marine Biological Association. Dataset/Samplingevent. https://doi.org/10.17031/yq0gbg DASSH NA (Available: Ocean Biogeographic Information System. Intergovernmental Oceanographic Commission of UNESCO. www.iobis.org. Accessed: 2026-04-21 14:09:47.592558";324;"324";"324"
"301";-1.9374;49.2723007;"Laminaria ochroleuca";"2018";"6";"8";"This work is licensed under a  Creative Commons Attribution (CC-BY) 4.0 License";"Institut Français de Recherche pour l’Exploitation de la MER (2022). Macrophytes occurrence data within French Mediterranen Lagoon since 2006 NA QUADRIGE - Coastal monitoring database and products, 1974 onwards. (6064) (Available: Ocean Biogeographic Information System. Intergovernmental Oceanographic Commission of UNESCO. www.iobis.org. Accessed: 2026-04-21 14:09:43.138385";324;"324";"324"
"302";-6.280799;49.9138;"Laminaria ochroleuca";NA;NA;NA;"This work is licensed under a  Creative Commons Attribution (CC-BY) 4.0 License";"Joint Nature Conservation Committee (JNCC) (2021): Marine Recorder Snapshot extract of surveys entered by JNCC. v2.1. Marine Biological Association. Dataset/Samplingevent. https://doi.org/10.17031/mehqrq DASSH NA (Available: Ocean Biogeographic Information System. Intergovernmental Oceanographic Commission of UNESCO. www.iobis.org. Accessed: 2026-04-21 14:09:46.775415";324;"324";"324"
"303";-6.346913;49.88974;"Laminaria ochroleuca";NA;NA;NA;"This work is licensed under a  Creative Commons Attribution (CC-BY) 4.0 License";"Joint Nature Conservation Committee (JNCC) (2021): Marine Recorder Snapshot extract of surveys entered by JNCC. v2.1. Marine Biological Association. Dataset/Samplingevent. https://doi.org/10.17031/mehqrq DASSH NA (Available: Ocean Biogeographic Information System. Intergovernmental Oceanographic Commission of UNESCO. www.iobis.org. Accessed: 2026-04-21 14:09:46.775415";324;"324";"324"
"304";-6.298891;49.97612;"Laminaria ochroleuca";NA;NA;NA;"This work is licensed under a  Creative Commons Attribution (CC-BY) 4.0 License";"Joint Nature Conservation Committee (JNCC) (2021): Marine Recorder Snapshot extract of surveys entered by JNCC. v2.1. Marine Biological Association. Dataset/Samplingevent. https://doi.org/10.17031/mehqrq DASSH NA (Available: Ocean Biogeographic Information System. Intergovernmental Oceanographic Commission of UNESCO. www.iobis.org. Accessed: 2026-04-21 14:09:46.775415";324;"324";"324"
"305";-6.299212;49.9797;"Laminaria ochroleuca";NA;NA;NA;"This work is licensed under a  Creative Commons Attribution (CC-BY) 4.0 License";"Joint Nature Conservation Committee (JNCC) (2021): Marine Recorder Snapshot extract of surveys entered by JNCC. v2.1. Marine Biological Association. Dataset/Samplingevent. https://doi.org/10.17031/mehqrq DASSH NA (Available: Ocean Biogeographic Information System. Intergovernmental Oceanographic Commission of UNESCO. www.iobis.org. Accessed: 2026-04-21 14:09:46.775415";324;"324";"324"
"306";-6.251501;49.9365;"Laminaria ochroleuca";NA;NA;NA;"This work is licensed under a  Creative Commons Attribution (CC-BY) 4.0 License";"SeaSearch (2021): Marine Recorder Snapshot extract of surveys entered by SeaSearch. v2.1. Marine Biological Association. Dataset/Samplingevent. https://doi.org/10.17031/yq0gbg DASSH NA (Available: Ocean Biogeographic Information System. Intergovernmental Oceanographic Commission of UNESCO. www.iobis.org. Accessed: 2026-04-21 14:09:47.592558";324;"324";"324"
"307";-6.254712;49.97022;"Laminaria ochroleuca";NA;NA;NA;"This work is licensed under a  Creative Commons Attribution (CC-BY) 4.0 License";"SeaSearch (2021): Marine Recorder Snapshot extract of surveys entered by SeaSearch. v2.1. Marine Biological Association. Dataset/Samplingevent. https://doi.org/10.17031/yq0gbg DASSH NA (Available: Ocean Biogeographic Information System. Intergovernmental Oceanographic Commission of UNESCO. www.iobis.org. Accessed: 2026-04-21 14:09:47.592558";324;"324";"324"
"308";-6.260503;49.93567;"Laminaria ochroleuca";NA;NA;NA;"This work is licensed under a  Creative Commons Attribution (CC-BY) 4.0 License";"SeaSearch (2021): Marine Recorder Snapshot extract of surveys entered by SeaSearch. v2.1. Marine Biological Association. Dataset/Samplingevent. https://doi.org/10.17031/yq0gbg DASSH NA (Available: Ocean Biogeographic Information System. Intergovernmental Oceanographic Commission of UNESCO. www.iobis.org. Accessed: 2026-04-21 14:09:47.592558";324;"324";"324"
"309";-5.066005;50.06667;"Laminaria ochroleuca";NA;NA;NA;"This work is licensed under a  Creative Commons Attribution (CC-BY) 4.0 License";"SeaSearch (2021): Marine Recorder Snapshot extract of surveys entered by SeaSearch. v2.1. Marine Biological Association. Dataset/Samplingevent. https://doi.org/10.17031/yq0gbg DASSH NA (Available: Ocean Biogeographic Information System. Intergovernmental Oceanographic Commission of UNESCO. www.iobis.org. Accessed: 2026-04-21 14:09:47.592558";324;"324";"324"
"310";-6.366914;49.89529;"Laminaria ochroleuca";NA;NA;NA;"This work is licensed under a  Creative Commons Attribution (CC-BY) 4.0 License";"Joint Nature Conservation Committee (JNCC) (2021): Marine Recorder Snapshot extract of surveys entered by JNCC. v2.1. Marine Biological Association. Dataset/Samplingevent. https://doi.org/10.17031/mehqrq DASSH NA (Available: Ocean Biogeographic Information System. Intergovernmental Oceanographic Commission of UNESCO. www.iobis.org. Accessed: 2026-04-21 14:09:46.775415";324;"324";"324"
"311";-2.325135;49.42523;"Laminaria ochroleuca";NA;NA;NA;"This work is licensed under a  Creative Commons Attribution (CC-BY) 4.0 License";"SeaSearch (2021): Marine Recorder Snapshot extract of surveys entered by SeaSearch. v2.1. Marine Biological Association. Dataset/Samplingevent. https://doi.org/10.17031/yq0gbg DASSH NA (Available: Ocean Biogeographic Information System. Intergovernmental Oceanographic Commission of UNESCO. www.iobis.org. Accessed: 2026-04-21 14:09:47.592558";324;"324";"324"
"312";-5.14172;48.44537;"Laminaria ochroleuca";"2017";"7";"3";"Unrestricted";"Agence pour la recherche et la Valorisation Marines (ARVAM); Cellule De Suivi Du Littoral Normand (CSLN); Creocean;  Groupe d'Etude des Milieux Estuariens et Littoraux; Groupe d'étude des milieux estuariens et littoraux Normandie (GEMEL Normandie); Hemisphere Sub; Impact Mer; Institut Français de Recherche pour l'Exploitation de la Mer (IFREMER); MAREX Expertise &amp; Conseil en Environnement Marin (MAREX); National Natural History Museum Paris; CRESCO - Station de biologie marine de Dinard; National Natural History Museum Paris; Station de Biologie Marine de Concarneau; Pierre &amp; Marie Curie University; Roscoff biology station (RBS); TBM Environnement; The National Center for Scientific Research; Laboratoire d'Ecogéochimie des Environnements Benthiques UMR 8222 (LECOB); The National Center for Scientific Research; Laboratoire d’Océanologie et de Géosciences - UMR 8187 LOG (LOG); Université Bordeaux 1; Environnements et Paléoenvironnements Océaniques (EPOC); Université de Bretagne Occidentale; Institut Universitaire Européen de la Mer (IUEM); Université de Bretagne Occidentale; Laboratoire d'écophysiologie et de biotechnologie des halophytes et algues Marines (IUEM-LEBHAM); Université de Bretagne Occidentale; Laboratory of Sciences of the Marine Environment CNRS-UMR6539 (LEMAR); Université de la Réunion; Laboratoire d'Ecologie Marine (ECOMAR); Université de Liège; Station de Recherche Sous-marines et Océanographiques (STARESO); Université de Nantes; Laboratoire de Biologie Marine (Bio-littoral); Université des Sciences et Technologies de Lille; Station Marine de Wimereux (INSU/CNRS); (2019): REBENT - Réseau Benthique. 486 NA (Available: Ocean Biogeographic Information System. Intergovernmental Oceanographic Commission of UNESCO. www.iobis.org. Accessed: 2026-04-21 14:09:51.251532";324;"324";"324"
"313";-6.255006;49.96833;"Laminaria ochroleuca";NA;NA;NA;"This work is licensed under a  Creative Commons Attribution (CC-BY) 4.0 License";"SeaSearch (2021): Marine Recorder Snapshot extract of surveys entered by SeaSearch. v2.1. Marine Biological Association. Dataset/Samplingevent. https://doi.org/10.17031/yq0gbg DASSH NA (Available: Ocean Biogeographic Information System. Intergovernmental Oceanographic Commission of UNESCO. www.iobis.org. Accessed: 2026-04-21 14:09:47.592558";324;"324";"324"
"314";-6.275802;49.97254;"Laminaria ochroleuca";NA;NA;NA;"This work is licensed under a  Creative Commons Attribution (CC-BY) 4.0 License";"SeaSearch (2021): Marine Recorder Snapshot extract of surveys entered by SeaSearch. v2.1. Marine Biological Association. Dataset/Samplingevent. https://doi.org/10.17031/yq0gbg DASSH NA (Available: Ocean Biogeographic Information System. Intergovernmental Oceanographic Commission of UNESCO. www.iobis.org. Accessed: 2026-04-21 14:09:47.592558";324;"324";"324"
"315";-4.142477;50.33035;"Laminaria ochroleuca";NA;NA;NA;"This work is licensed under a  Creative Commons Attribution (CC-BY) 4.0 License";"SeaSearch (2021): Marine Recorder Snapshot extract of surveys entered by SeaSearch. v2.1. Marine Biological Association. Dataset/Samplingevent. https://doi.org/10.17031/yq0gbg DASSH NA (Available: Ocean Biogeographic Information System. Intergovernmental Oceanographic Commission of UNESCO. www.iobis.org. Accessed: 2026-04-21 14:09:47.592558";324;"324";"324"
"316";-2.352915;49.41667;"Laminaria ochroleuca";NA;NA;NA;"This work is licensed under a  Creative Commons Attribution (CC-BY) 4.0 License";"SeaSearch (2021): Marine Recorder Snapshot extract of surveys entered by SeaSearch. v2.1. Marine Biological Association. Dataset/Samplingevent. https://doi.org/10.17031/yq0gbg DASSH NA (Available: Ocean Biogeographic Information System. Intergovernmental Oceanographic Commission of UNESCO. www.iobis.org. Accessed: 2026-04-21 14:09:47.592558";324;"324";"324"
"317";-6.317252;49.89928;"Laminaria ochroleuca";NA;NA;NA;"This work is licensed under a  Creative Commons Attribution (CC-BY) 4.0 License";"Joint Nature Conservation Committee (JNCC) (2021): Marine Recorder Snapshot extract of surveys entered by JNCC. v2.1. Marine Biological Association. Dataset/Samplingevent. https://doi.org/10.17031/mehqrq DASSH NA (Available: Ocean Biogeographic Information System. Intergovernmental Oceanographic Commission of UNESCO. www.iobis.org. Accessed: 2026-04-21 14:09:46.775415";324;"324";"324"
"318";-5.052365;50.04597;"Laminaria ochroleuca";NA;NA;NA;"This work is licensed under a  Creative Commons Attribution (CC-BY) 4.0 License";"SeaSearch (2021): Marine Recorder Snapshot extract of surveys entered by SeaSearch. v2.1. Marine Biological Association. Dataset/Samplingevent. https://doi.org/10.17031/yq0gbg DASSH NA (Available: Ocean Biogeographic Information System. Intergovernmental Oceanographic Commission of UNESCO. www.iobis.org. Accessed: 2026-04-21 14:09:47.592558";324;"324";"324"
"319";-3.05655;48.83898;"Laminaria ochroleuca";"2006";"5";"6";"This work is licensed under a  Creative Commons Attribution Non Commercial (CC-BY-NC) 4.0 License";"REBENT network (2019). Intertidal and Subtidal Macroalgae taxa data  in ODV format from French REBENT Network. SEANOE. Https://doi.org/10.17882/60891 NA Intertidal and Subtidal Macroalgae taxa data in ODV format from French REBENT Network (Available: Ocean Biogeographic Information System. Intergovernmental Oceanographic Commission of UNESCO. www.iobis.org. Accessed: 2026-04-21 14:09:43.367691";324;"324";"324"
"320";-2.283284;49.73852;"Laminaria ochroleuca";NA;NA;NA;"This work is licensed under a  Creative Commons Attribution (CC-BY) 4.0 License";"SeaSearch (2021): Marine Recorder Snapshot extract of surveys entered by SeaSearch. v2.1. Marine Biological Association. Dataset/Samplingevent. https://doi.org/10.17031/yq0gbg DASSH NA (Available: Ocean Biogeographic Information System. Intergovernmental Oceanographic Commission of UNESCO. www.iobis.org. Accessed: 2026-04-21 14:09:47.592558";324;"324";"324"
"321";-4.185697;50.32295;"Laminaria ochroleuca";NA;NA;NA;"This work is licensed under a  Creative Commons Attribution (CC-BY) 4.0 License";"SeaSearch (2021): Marine Recorder Snapshot extract of surveys entered by SeaSearch. v2.1. Marine Biological Association. Dataset/Samplingevent. https://doi.org/10.17031/yq0gbg DASSH NA (Available: Ocean Biogeographic Information System. Intergovernmental Oceanographic Commission of UNESCO. www.iobis.org. Accessed: 2026-04-21 14:09:47.592558";324;"324";"324"
"322";-2.288163;49.72116;"Laminaria ochroleuca";NA;NA;NA;"This work is licensed under a  Creative Commons Attribution (CC-BY) 4.0 License";"SeaSearch (2021): Marine Recorder Snapshot extract of surveys entered by SeaSearch. v2.1. Marine Biological Association. Dataset/Samplingevent. https://doi.org/10.17031/yq0gbg DASSH NA (Available: Ocean Biogeographic Information System. Intergovernmental Oceanographic Commission of UNESCO. www.iobis.org. Accessed: 2026-04-21 14:09:47.592558";324;"324";"324"
"323";-6.284369;49.915921;"Laminaria ochroleuca";"1968";"1";"1";"This work is licensed under a  Creative Commons Attribution Non Commercial (CC-BY-NC) 4.0 License";"Marine Biological Association of the UK (MBA); (2016): DASSH: The UK Archive for Marine Species and Habitats Data Marine Biological Association of the UK (MBA) The Marine Biological Association of the United Kingdom (Available: Ocean Biogeographic Information System. Intergovernmental Oceanographic Commission of UNESCO. www.iobis.org. Accessed: 2026-04-21 14:09:47.909888";324;"324";"324"
"324";-6.27367;49.97633;"Laminaria ochroleuca";NA;NA;NA;"This work is licensed under a  Creative Commons Attribution (CC-BY) 4.0 License";"SeaSearch (2021): Marine Recorder Snapshot extract of surveys entered by SeaSearch. v2.1. Marine Biological Association. Dataset/Samplingevent. https://doi.org/10.17031/yq0gbg DASSH NA (Available: Ocean Biogeographic Information System. Intergovernmental Oceanographic Commission of UNESCO. www.iobis.org. Accessed: 2026-04-21 14:09:47.592558";324;"324";"324"
"325";-4.60385;48.61549;"Laminaria ochroleuca";"2010";"4";"21";"This work is licensed under a  Creative Commons Attribution Non Commercial (CC-BY-NC) 4.0 License";"REBENT network (2019). Intertidal and Subtidal Macroalgae taxa data  in ODV format from French REBENT Network. SEANOE. Https://doi.org/10.17882/60891 NA Intertidal and Subtidal Macroalgae taxa data in ODV format from French REBENT Network (Available: Ocean Biogeographic Information System. Intergovernmental Oceanographic Commission of UNESCO. www.iobis.org. Accessed: 2026-04-21 14:09:43.367691";324;"324";"324"
"326";-6.273838;49.92316;"Laminaria ochroleuca";NA;NA;NA;"This work is licensed under a  Creative Commons Attribution (CC-BY) 4.0 License";"SeaSearch (2021): Marine Recorder Snapshot extract of surveys entered by SeaSearch. v2.1. Marine Biological Association. Dataset/Samplingevent. https://doi.org/10.17031/yq0gbg DASSH NA (Available: Ocean Biogeographic Information System. Intergovernmental Oceanographic Commission of UNESCO. www.iobis.org. Accessed: 2026-04-21 14:09:47.592558";324;"324";"324"
"327";-6.349528;49.88784;"Laminaria ochroleuca";NA;NA;NA;"This work is licensed under a  Creative Commons Attribution (CC-BY) 4.0 License";"Joint Nature Conservation Committee (JNCC) (2021): Marine Recorder Snapshot extract of surveys entered by JNCC. v2.1. Marine Biological Association. Dataset/Samplingevent. https://doi.org/10.17031/mehqrq DASSH NA (Available: Ocean Biogeographic Information System. Intergovernmental Oceanographic Commission of UNESCO. www.iobis.org. Accessed: 2026-04-21 14:09:46.775415";324;"324";"324"
"328";-6.334005;49.88667;"Laminaria ochroleuca";NA;NA;NA;"This work is licensed under a  Creative Commons Attribution (CC-BY) 4.0 License";"SeaSearch (2021): Marine Recorder Snapshot extract of surveys entered by SeaSearch. v2.1. Marine Biological Association. Dataset/Samplingevent. https://doi.org/10.17031/yq0gbg DASSH NA (Available: Ocean Biogeographic Information System. Intergovernmental Oceanographic Commission of UNESCO. www.iobis.org. Accessed: 2026-04-21 14:09:47.592558";324;"324";"324"
"329";-2.358984;49.40207;"Laminaria ochroleuca";NA;NA;NA;"This work is licensed under a  Creative Commons Attribution (CC-BY) 4.0 License";"SeaSearch (2021): Marine Recorder Snapshot extract of surveys entered by SeaSearch. v2.1. Marine Biological Association. Dataset/Samplingevent. https://doi.org/10.17031/yq0gbg DASSH NA (Available: Ocean Biogeographic Information System. Intergovernmental Oceanographic Commission of UNESCO. www.iobis.org. Accessed: 2026-04-21 14:09:47.592558";324;"324";"324"
"330";-5.04346;48.47204;"Laminaria ochroleuca";"2009";"9";"21";"This work is licensed under a  Creative Commons Attribution Non Commercial (CC-BY-NC) 4.0 License";"REBENT network (2019). Intertidal and Subtidal Macroalgae taxa data  in ODV format from French REBENT Network. SEANOE. Https://doi.org/10.17882/60891 NA Intertidal and Subtidal Macroalgae taxa data in ODV format from French REBENT Network (Available: Ocean Biogeographic Information System. Intergovernmental Oceanographic Commission of UNESCO. www.iobis.org. Accessed: 2026-04-21 14:09:43.367691";324;"324";"324"
"331";-6.358722;49.92799;"Laminaria ochroleuca";NA;NA;NA;"This work is licensed under a  Creative Commons Attribution (CC-BY) 4.0 License";"Joint Nature Conservation Committee (JNCC) (2021): Marine Recorder Snapshot extract of surveys entered by JNCC. v2.1. Marine Biological Association. Dataset/Samplingevent. https://doi.org/10.17031/mehqrq DASSH NA (Available: Ocean Biogeographic Information System. Intergovernmental Oceanographic Commission of UNESCO. www.iobis.org. Accessed: 2026-04-21 14:09:46.775415";324;"324";"324"
"332";-6.353338;49.88283;"Laminaria ochroleuca";NA;NA;NA;"This work is licensed under a  Creative Commons Attribution (CC-BY) 4.0 License";"SeaSearch (2021): Marine Recorder Snapshot extract of surveys entered by SeaSearch. v2.1. Marine Biological Association. Dataset/Samplingevent. https://doi.org/10.17031/yq0gbg DASSH NA (Available: Ocean Biogeographic Information System. Intergovernmental Oceanographic Commission of UNESCO. www.iobis.org. Accessed: 2026-04-21 14:09:47.592558";324;"324";"324"
"333";-6.261662;49.93333;"Laminaria ochroleuca";NA;NA;NA;"This work is licensed under a  Creative Commons Attribution (CC-BY) 4.0 License";"SeaSearch (2021): Marine Recorder Snapshot extract of surveys entered by SeaSearch. v2.1. Marine Biological Association. Dataset/Samplingevent. https://doi.org/10.17031/yq0gbg DASSH NA (Available: Ocean Biogeographic Information System. Intergovernmental Oceanographic Commission of UNESCO. www.iobis.org. Accessed: 2026-04-21 14:09:47.592558";324;"324";"324"
"334";-6.385005;49.86333;"Laminaria ochroleuca";NA;NA;NA;"This work is licensed under a  Creative Commons Attribution (CC-BY) 4.0 License";"SeaSearch (2021): Marine Recorder Snapshot extract of surveys entered by SeaSearch. v2.1. Marine Biological Association. Dataset/Samplingevent. https://doi.org/10.17031/yq0gbg DASSH NA (Available: Ocean Biogeographic Information System. Intergovernmental Oceanographic Commission of UNESCO. www.iobis.org. Accessed: 2026-04-21 14:09:47.592558";324;"324";"324"
"335";-6.321625;49.98067;"Laminaria ochroleuca";NA;NA;NA;"This work is licensed under a  Creative Commons Attribution (CC-BY) 4.0 License";"Joint Nature Conservation Committee (JNCC) (2021): Marine Recorder Snapshot extract of surveys entered by JNCC. v2.1. Marine Biological Association. Dataset/Samplingevent. https://doi.org/10.17031/mehqrq DASSH NA (Available: Ocean Biogeographic Information System. Intergovernmental Oceanographic Commission of UNESCO. www.iobis.org. Accessed: 2026-04-21 14:09:46.775415";324;"324";"324"
"336";-6.329099;49.91164;"Laminaria ochroleuca";NA;NA;NA;"This work is licensed under a  Creative Commons Attribution (CC-BY) 4.0 License";"Joint Nature Conservation Committee (JNCC) (2021): Marine Recorder Snapshot extract of surveys entered by JNCC. v2.1. Marine Biological Association. Dataset/Samplingevent. https://doi.org/10.17031/mehqrq DASSH NA (Available: Ocean Biogeographic Information System. Intergovernmental Oceanographic Commission of UNESCO. www.iobis.org. Accessed: 2026-04-21 14:09:46.775415";324;"324";"324"
"337";-2.546972;49.42183;"Laminaria ochroleuca";NA;NA;NA;"This work is licensed under a  Creative Commons Attribution (CC-BY) 4.0 License";"SeaSearch (2021): Marine Recorder Snapshot extract of surveys entered by SeaSearch. v2.1. Marine Biological Association. Dataset/Samplingevent. https://doi.org/10.17031/yq0gbg DASSH NA (Available: Ocean Biogeographic Information System. Intergovernmental Oceanographic Commission of UNESCO. www.iobis.org. Accessed: 2026-04-21 14:09:47.592558";324;"324";"324"
"338";-2.358744;49.40132;"Laminaria ochroleuca";NA;NA;NA;"This work is licensed under a  Creative Commons Attribution (CC-BY) 4.0 License";"SeaSearch (2021): Marine Recorder Snapshot extract of surveys entered by SeaSearch. v2.1. Marine Biological Association. Dataset/Samplingevent. https://doi.org/10.17031/yq0gbg DASSH NA (Available: Ocean Biogeographic Information System. Intergovernmental Oceanographic Commission of UNESCO. www.iobis.org. Accessed: 2026-04-21 14:09:47.592558";324;"324";"324"
"339";-1.939367;49.27923;"Laminaria ochroleuca";NA;NA;NA;"This work is licensed under a  Creative Commons Attribution (CC-BY) 4.0 License";"SeaSearch (2021): Marine Recorder Snapshot extract of surveys entered by SeaSearch. v2.1. Marine Biological Association. Dataset/Samplingevent. https://doi.org/10.17031/yq0gbg DASSH NA (Available: Ocean Biogeographic Information System. Intergovernmental Oceanographic Commission of UNESCO. www.iobis.org. Accessed: 2026-04-21 14:09:47.592558";324;"324";"324"
"340";-5.017267;50.13982;"Laminaria ochroleuca";NA;NA;NA;"This work is licensed under a  Creative Commons Attribution (CC-BY) 4.0 License";"Joint Nature Conservation Committee (JNCC) (2021): Marine Recorder Snapshot extract of surveys entered by JNCC. v2.1. Marine Biological Association. Dataset/Samplingevent. https://doi.org/10.17031/mehqrq DASSH NA (Available: Ocean Biogeographic Information System. Intergovernmental Oceanographic Commission of UNESCO. www.iobis.org. Accessed: 2026-04-21 14:09:46.775415";324;"324";"324"
"341";-6.312327;49.98;"Laminaria ochroleuca";NA;NA;NA;"This work is licensed under a  Creative Commons Attribution (CC-BY) 4.0 License";"SeaSearch (2021): Marine Recorder Snapshot extract of surveys entered by SeaSearch. v2.1. Marine Biological Association. Dataset/Samplingevent. https://doi.org/10.17031/yq0gbg DASSH NA (Available: Ocean Biogeographic Information System. Intergovernmental Oceanographic Commission of UNESCO. www.iobis.org. Accessed: 2026-04-21 14:09:47.592558";324;"324";"324"
"342";-2.49335;47.18483;"Laminaria ochroleuca";"2010";"7";"8";"Unrestricted";"Agence pour la recherche et la Valorisation Marines (ARVAM); Cellule De Suivi Du Littoral Normand (CSLN); Creocean;  Groupe d'Etude des Milieux Estuariens et Littoraux; Groupe d'étude des milieux estuariens et littoraux Normandie (GEMEL Normandie); Hemisphere Sub; Impact Mer; Institut Français de Recherche pour l'Exploitation de la Mer (IFREMER); MAREX Expertise &amp; Conseil en Environnement Marin (MAREX); National Natural History Museum Paris; CRESCO - Station de biologie marine de Dinard; National Natural History Museum Paris; Station de Biologie Marine de Concarneau; Pierre &amp; Marie Curie University; Roscoff biology station (RBS); TBM Environnement; The National Center for Scientific Research; Laboratoire d'Ecogéochimie des Environnements Benthiques UMR 8222 (LECOB); The National Center for Scientific Research; Laboratoire d’Océanologie et de Géosciences - UMR 8187 LOG (LOG); Université Bordeaux 1; Environnements et Paléoenvironnements Océaniques (EPOC); Université de Bretagne Occidentale; Institut Universitaire Européen de la Mer (IUEM); Université de Bretagne Occidentale; Laboratoire d'écophysiologie et de biotechnologie des halophytes et algues Marines (IUEM-LEBHAM); Université de Bretagne Occidentale; Laboratory of Sciences of the Marine Environment CNRS-UMR6539 (LEMAR); Université de la Réunion; Laboratoire d'Ecologie Marine (ECOMAR); Université de Liège; Station de Recherche Sous-marines et Océanographiques (STARESO); Université de Nantes; Laboratoire de Biologie Marine (Bio-littoral); Université des Sciences et Technologies de Lille; Station Marine de Wimereux (INSU/CNRS); (2019): REBENT - Réseau Benthique. 486 NA (Available: Ocean Biogeographic Information System. Intergovernmental Oceanographic Commission of UNESCO. www.iobis.org. Accessed: 2026-04-21 14:09:51.251532";324;"324";"324"
"343";-6.259;49.96933;"Laminaria ochroleuca";NA;NA;NA;"This work is licensed under a  Creative Commons Attribution (CC-BY) 4.0 License";"SeaSearch (2021): Marine Recorder Snapshot extract of surveys entered by SeaSearch. v2.1. Marine Biological Association. Dataset/Samplingevent. https://doi.org/10.17031/yq0gbg DASSH NA (Available: Ocean Biogeographic Information System. Intergovernmental Oceanographic Commission of UNESCO. www.iobis.org. Accessed: 2026-04-21 14:09:47.592558";324;"324";"324"
"344";-3.774894;50.22842;"Laminaria ochroleuca";NA;NA;NA;"This work is licensed under a  Creative Commons Attribution (CC-BY) 4.0 License";"Joint Nature Conservation Committee (JNCC) (2021): Marine Recorder Snapshot extract of surveys entered by JNCC. v2.1. Marine Biological Association. Dataset/Samplingevent. https://doi.org/10.17031/mehqrq DASSH NA (Available: Ocean Biogeographic Information System. Intergovernmental Oceanographic Commission of UNESCO. www.iobis.org. Accessed: 2026-04-21 14:09:46.775415";324;"324";"324"
"345";-4.764547;50.24597;"Laminaria ochroleuca";NA;NA;NA;"This work is licensed under a  Creative Commons Attribution (CC-BY) 4.0 License";"Wildlife Trusts (2021): Marine Recorder Snapshot extract of surveys entered by Wildlife Trusts. v2.1. Marine Biological Association. Dataset/Samplingevent. https://doi.org/10.17031/zwrsjz DASSH NA (Available: Ocean Biogeographic Information System. Intergovernmental Oceanographic Commission of UNESCO. www.iobis.org. Accessed: 2026-04-21 14:09:54.034339";324;"324";"324"
"346";-4.901636;50.19852;"Laminaria ochroleuca";NA;NA;NA;"This work is licensed under a  Creative Commons Attribution (CC-BY) 4.0 License";"SeaSearch (2021): Marine Recorder Snapshot extract of surveys entered by SeaSearch. v2.1. Marine Biological Association. Dataset/Samplingevent. https://doi.org/10.17031/yq0gbg DASSH NA (Available: Ocean Biogeographic Information System. Intergovernmental Oceanographic Commission of UNESCO. www.iobis.org. Accessed: 2026-04-21 14:09:47.592558";324;"324";"324"
"347";-3.51346;48.88877;"Laminaria ochroleuca";"2006";"7";"2";"This work is licensed under a  Creative Commons Attribution Non Commercial (CC-BY-NC) 4.0 License";"REBENT network (2019). Intertidal and Subtidal Macroalgae taxa data  in ODV format from French REBENT Network. SEANOE. Https://doi.org/10.17882/60891 NA Intertidal and Subtidal Macroalgae taxa data in ODV format from French REBENT Network (Available: Ocean Biogeographic Information System. Intergovernmental Oceanographic Commission of UNESCO. www.iobis.org. Accessed: 2026-04-21 14:09:43.367691";324;"324";"324"
"348";-3.98005;50.22397;"Laminaria ochroleuca";NA;NA;NA;"This work is licensed under a  Creative Commons Attribution (CC-BY) 4.0 License";"SeaSearch (2021): Marine Recorder Snapshot extract of surveys entered by SeaSearch. v2.1. Marine Biological Association. Dataset/Samplingevent. https://doi.org/10.17031/yq0gbg DASSH NA (Available: Ocean Biogeographic Information System. Intergovernmental Oceanographic Commission of UNESCO. www.iobis.org. Accessed: 2026-04-21 14:09:47.592558";324;"324";"324"
"349";-5.071036;50.08331;"Laminaria ochroleuca";NA;NA;NA;"This work is licensed under a  Creative Commons Attribution (CC-BY) 4.0 License";"Natural England (NE) (2021): Marine Recorder Snapshot extract of surveys entered by Natural England. v2.1. Marine Biological Association. Dataset/Samplingevent. https://doi.org/10.17031/thn0xd DASSH NA (Available: Ocean Biogeographic Information System. Intergovernmental Oceanographic Commission of UNESCO. www.iobis.org. Accessed: 2026-04-21 14:09:46.985744";324;"324";"324"
"350";-8.85222222222222;41.6969444444444;"Laminaria ochroleuca";"2002";"11";"4";"This work is licensed under a  Creative Commons Attribution (CC-BY) 4.0 License";"Aráujo R., Bárbara I, Tibaldo M., Berecibar E., Díaz Tapia P., Pereira R., Santos R. &amp; Sousa-Pinto I. Checklist of benthic marine algae and cyanobacteria of northern Portugal. Centre of Marine and Environmental Research; Interdisciplinary Centre for Marine and Environmental Research (Porto) (Ciimar). CIIMAR Checklist Northern Portugal (Available: Ocean Biogeographic Information System. Intergovernmental Oceanographic Commission of UNESCO. www.iobis.org. Accessed: 2026-04-21 14:09:48.130906";324;"324";"324"
"351";-3.776326;50.228351;"Laminaria ochroleuca";"1951";"12";"31";"This work is licensed under a  Creative Commons Attribution Non Commercial (CC-BY-NC) 4.0 License";"Marine Biological Association of the UK (MBA); (2016): DASSH: The UK Archive for Marine Species and Habitats Data Marine Biological Association of the UK (MBA) The Marine Biological Association of the United Kingdom (Available: Ocean Biogeographic Information System. Intergovernmental Oceanographic Commission of UNESCO. www.iobis.org. Accessed: 2026-04-21 14:09:47.909888";324;"324";"324"
"352";-6.260557;49.94496;"Laminaria ochroleuca";NA;NA;NA;"This work is licensed under a  Creative Commons Attribution (CC-BY) 4.0 License";"Joint Nature Conservation Committee (JNCC) (2021): Marine Recorder Snapshot extract of surveys entered by JNCC. v2.1. Marine Biological Association. Dataset/Samplingevent. https://doi.org/10.17031/mehqrq DASSH NA (Available: Ocean Biogeographic Information System. Intergovernmental Oceanographic Commission of UNESCO. www.iobis.org. Accessed: 2026-04-21 14:09:46.775415";324;"324";"324"
"353";-6.271505;49.92767;"Laminaria ochroleuca";NA;NA;NA;"This work is licensed under a  Creative Commons Attribution (CC-BY) 4.0 License";"SeaSearch (2021): Marine Recorder Snapshot extract of surveys entered by SeaSearch. v2.1. Marine Biological Association. Dataset/Samplingevent. https://doi.org/10.17031/yq0gbg DASSH NA (Available: Ocean Biogeographic Information System. Intergovernmental Oceanographic Commission of UNESCO. www.iobis.org. Accessed: 2026-04-21 14:09:47.592558";324;"324";"324"
"354";-6.261303;49.96997;"Laminaria ochroleuca";NA;NA;NA;"This work is licensed under a  Creative Commons Attribution (CC-BY) 4.0 License";"SeaSearch (2021): Marine Recorder Snapshot extract of surveys entered by SeaSearch. v2.1. Marine Biological Association. Dataset/Samplingevent. https://doi.org/10.17031/yq0gbg DASSH NA (Available: Ocean Biogeographic Information System. Intergovernmental Oceanographic Commission of UNESCO. www.iobis.org. Accessed: 2026-04-21 14:09:47.592558";324;"324";"324"
"355";-4.11225;50.30683;"Laminaria ochroleuca";NA;NA;NA;"This work is licensed under a  Creative Commons Attribution (CC-BY) 4.0 License";"SeaSearch (2021): Marine Recorder Snapshot extract of surveys entered by SeaSearch. v2.1. Marine Biological Association. Dataset/Samplingevent. https://doi.org/10.17031/yq0gbg DASSH NA (Available: Ocean Biogeographic Information System. Intergovernmental Oceanographic Commission of UNESCO. www.iobis.org. Accessed: 2026-04-21 14:09:47.592558";324;"324";"324"
"356";-4.94433;50.14008;"Laminaria ochroleuca";NA;NA;NA;"This work is licensed under a  Creative Commons Attribution (CC-BY) 4.0 License";"SeaSearch (2021): Marine Recorder Snapshot extract of surveys entered by SeaSearch. v2.1. Marine Biological Association. Dataset/Samplingevent. https://doi.org/10.17031/yq0gbg DASSH NA (Available: Ocean Biogeographic Information System. Intergovernmental Oceanographic Commission of UNESCO. www.iobis.org. Accessed: 2026-04-21 14:09:47.592558";324;"324";"324"
"357";-6.31512;49.90803;"Laminaria ochroleuca";NA;NA;NA;"This work is licensed under a  Creative Commons Attribution (CC-BY) 4.0 License";"Joint Nature Conservation Committee (JNCC) (2021): Marine Recorder Snapshot extract of surveys entered by JNCC. v2.1. Marine Biological Association. Dataset/Samplingevent. https://doi.org/10.17031/mehqrq DASSH NA (Available: Ocean Biogeographic Information System. Intergovernmental Oceanographic Commission of UNESCO. www.iobis.org. Accessed: 2026-04-21 14:09:46.775415";324;"324";"324"
"358";-8.875937;41.839089;"Laminaria ochroleuca";NA;NA;NA;"This work is licensed under a  Creative Commons Attribution (CC-BY 4.0) License";"Sinde Mano A L, Monteiro C, Pádua Lima F, Pereira J, Nieto Vilela R A, Seabra R (2024). Biodiversity data from rocky intertidal zones, surveyed from Scotland to Morocco in 2022 and 2023. Version 1.2. CIBIO (Research Center in Biodiversity and Genetic Resources) Portugal. Samplingevent dataset. http://ipt.gbif.pt/ipt/resource?r=intertidal_biodiversity_northatlantic22&amp;v=1.2 CIBIO NA (Available: Ocean Biogeographic Information System. Intergovernmental Oceanographic Commission of UNESCO. www.iobis.org. Accessed: 2026-04-21 14:09:51.687796";324;"324";"324"
"359";-6.347978;49.8861;"Laminaria ochroleuca";NA;NA;NA;"This work is licensed under a  Creative Commons Attribution (CC-BY) 4.0 License";"Joint Nature Conservation Committee (JNCC) (2021): Marine Recorder Snapshot extract of surveys entered by JNCC. v2.1. Marine Biological Association. Dataset/Samplingevent. https://doi.org/10.17031/mehqrq DASSH NA (Available: Ocean Biogeographic Information System. Intergovernmental Oceanographic Commission of UNESCO. www.iobis.org. Accessed: 2026-04-21 14:09:46.775415";324;"324";"324"
"360";-4.560304;50.30167;"Laminaria ochroleuca";NA;NA;NA;"This work is licensed under a  Creative Commons Attribution (CC-BY) 4.0 License";"SeaSearch (2021): Marine Recorder Snapshot extract of surveys entered by SeaSearch. v2.1. Marine Biological Association. Dataset/Samplingevent. https://doi.org/10.17031/yq0gbg DASSH NA (Available: Ocean Biogeographic Information System. Intergovernmental Oceanographic Commission of UNESCO. www.iobis.org. Accessed: 2026-04-21 14:09:47.592558";324;"324";"324"
"361";-6.293567;49.90413;"Laminaria ochroleuca";NA;NA;NA;"This work is licensed under a  Creative Commons Attribution (CC-BY) 4.0 License";"SeaSearch (2021): Marine Recorder Snapshot extract of surveys entered by SeaSearch. v2.1. Marine Biological Association. Dataset/Samplingevent. https://doi.org/10.17031/yq0gbg DASSH NA (Available: Ocean Biogeographic Information System. Intergovernmental Oceanographic Commission of UNESCO. www.iobis.org. Accessed: 2026-04-21 14:09:47.592558";324;"324";"324"
"362";-6.375828;49.9062;"Laminaria ochroleuca";NA;NA;NA;"This work is licensed under a  Creative Commons Attribution (CC-BY) 4.0 License";"SeaSearch (2021): Marine Recorder Snapshot extract of surveys entered by SeaSearch. v2.1. Marine Biological Association. Dataset/Samplingevent. https://doi.org/10.17031/yq0gbg DASSH NA (Available: Ocean Biogeographic Information System. Intergovernmental Oceanographic Commission of UNESCO. www.iobis.org. Accessed: 2026-04-21 14:09:47.592558";324;"324";"324"
"363";-5.043469;48.4720421;"Laminaria ochroleuca";"2009";"4";"15";"This work is licensed under a  Creative Commons Attribution (CC-BY) 4.0 License";"Institut Français de Recherche pour l’Exploitation de la MER (2022). Macrophytes occurrence data within French Mediterranen Lagoon since 2006 NA QUADRIGE - Coastal monitoring database and products, 1974 onwards. (6064) (Available: Ocean Biogeographic Information System. Intergovernmental Oceanographic Commission of UNESCO. www.iobis.org. Accessed: 2026-04-21 14:09:43.138385";324;"324";"324"
"364";-6.363335;49.88667;"Laminaria ochroleuca";NA;NA;NA;"This work is licensed under a  Creative Commons Attribution (CC-BY) 4.0 License";"SeaSearch (2021): Marine Recorder Snapshot extract of surveys entered by SeaSearch. v2.1. Marine Biological Association. Dataset/Samplingevent. https://doi.org/10.17031/yq0gbg DASSH NA (Available: Ocean Biogeographic Information System. Intergovernmental Oceanographic Commission of UNESCO. www.iobis.org. Accessed: 2026-04-21 14:09:47.592558";324;"324";"324"
"365";-2.521297;49.47433;"Laminaria ochroleuca";NA;NA;NA;"This work is licensed under a  Creative Commons Attribution (CC-BY) 4.0 License";"SeaSearch (2021): Marine Recorder Snapshot extract of surveys entered by SeaSearch. v2.1. Marine Biological Association. Dataset/Samplingevent. https://doi.org/10.17031/yq0gbg DASSH NA (Available: Ocean Biogeographic Information System. Intergovernmental Oceanographic Commission of UNESCO. www.iobis.org. Accessed: 2026-04-21 14:09:47.592558";324;"324";"324"
"366";-6.272164;49.97667;"Laminaria ochroleuca";NA;NA;NA;"This work is licensed under a  Creative Commons Attribution (CC-BY) 4.0 License";"SeaSearch (2021): Marine Recorder Snapshot extract of surveys entered by SeaSearch. v2.1. Marine Biological Association. Dataset/Samplingevent. https://doi.org/10.17031/yq0gbg DASSH NA (Available: Ocean Biogeographic Information System. Intergovernmental Oceanographic Commission of UNESCO. www.iobis.org. Accessed: 2026-04-21 14:09:47.592558";324;"324";"324"
"367";-3.05655;48.83898;"Laminaria ochroleuca";"2006";"5";"7";"This work is licensed under a  Creative Commons Attribution Non Commercial (CC-BY-NC) 4.0 License";"REBENT network (2019). Intertidal and Subtidal Macroalgae taxa data  in ODV format from French REBENT Network. SEANOE. Https://doi.org/10.17882/60891 NA Intertidal and Subtidal Macroalgae taxa data in ODV format from French REBENT Network (Available: Ocean Biogeographic Information System. Intergovernmental Oceanographic Commission of UNESCO. www.iobis.org. Accessed: 2026-04-21 14:09:43.367691";324;"324";"324"
"368";-6.365914;49.89561;"Laminaria ochroleuca";NA;NA;NA;"This work is licensed under a  Creative Commons Attribution (CC-BY) 4.0 License";"SeaSearch (2021): Marine Recorder Snapshot extract of surveys entered by SeaSearch. v2.1. Marine Biological Association. Dataset/Samplingevent. https://doi.org/10.17031/yq0gbg DASSH NA (Available: Ocean Biogeographic Information System. Intergovernmental Oceanographic Commission of UNESCO. www.iobis.org. Accessed: 2026-04-21 14:09:47.592558";324;"324";"324"
"369";-6.273617;49.94286;"Laminaria ochroleuca";NA;NA;NA;"This work is licensed under a  Creative Commons Attribution (CC-BY) 4.0 License";"Joint Nature Conservation Committee (JNCC) (2021): Marine Recorder Snapshot extract of surveys entered by JNCC. v2.1. Marine Biological Association. Dataset/Samplingevent. https://doi.org/10.17031/mehqrq DASSH NA (Available: Ocean Biogeographic Information System. Intergovernmental Oceanographic Commission of UNESCO. www.iobis.org. Accessed: 2026-04-21 14:09:46.775415";324;"324";"324"
"370";-4.902699;50.1991;"Laminaria ochroleuca";NA;NA;NA;"This work is licensed under a  Creative Commons Attribution (CC-BY) 4.0 License";"SeaSearch (2021): Marine Recorder Snapshot extract of surveys entered by SeaSearch. v2.1. Marine Biological Association. Dataset/Samplingevent. https://doi.org/10.17031/yq0gbg DASSH NA (Available: Ocean Biogeographic Information System. Intergovernmental Oceanographic Commission of UNESCO. www.iobis.org. Accessed: 2026-04-21 14:09:47.592558";324;"324";"324"
"371";-6.346671;49.88705;"Laminaria ochroleuca";NA;NA;NA;"This work is licensed under a  Creative Commons Attribution (CC-BY) 4.0 License";"Joint Nature Conservation Committee (JNCC) (2021): Marine Recorder Snapshot extract of surveys entered by JNCC. v2.1. Marine Biological Association. Dataset/Samplingevent. https://doi.org/10.17031/mehqrq DASSH NA (Available: Ocean Biogeographic Information System. Intergovernmental Oceanographic Commission of UNESCO. www.iobis.org. Accessed: 2026-04-21 14:09:46.775415";324;"324";"324"
"372";-6.3489846;49.959853;"Laminaria ochroleuca";"1948";"1";"1";"This work is licensed under a  Creative Commons Attribution Non Commercial (CC-BY-NC) 4.0 License";"Marine Biological Association of the UK (MBA); (2016): DASSH: The UK Archive for Marine Species and Habitats Data Marine Biological Association of the UK (MBA) The Marine Biological Association of the United Kingdom (Available: Ocean Biogeographic Information System. Intergovernmental Oceanographic Commission of UNESCO. www.iobis.org. Accessed: 2026-04-21 14:09:47.909888";324;"324";"324"
"373";-6.323166;49.88617;"Laminaria ochroleuca";NA;NA;NA;"This work is licensed under a  Creative Commons Attribution (CC-BY) 4.0 License";"SeaSearch (2021): Marine Recorder Snapshot extract of surveys entered by SeaSearch. v2.1. Marine Biological Association. Dataset/Samplingevent. https://doi.org/10.17031/yq0gbg DASSH NA (Available: Ocean Biogeographic Information System. Intergovernmental Oceanographic Commission of UNESCO. www.iobis.org. Accessed: 2026-04-21 14:09:47.592558";324;"324";"324"
"374";-5.064929;50.06646;"Laminaria ochroleuca";NA;NA;NA;"This work is licensed under a  Creative Commons Attribution (CC-BY) 4.0 License";"SeaSearch (2021): Marine Recorder Snapshot extract of surveys entered by SeaSearch. v2.1. Marine Biological Association. Dataset/Samplingevent. https://doi.org/10.17031/yq0gbg DASSH NA (Available: Ocean Biogeographic Information System. Intergovernmental Oceanographic Commission of UNESCO. www.iobis.org. Accessed: 2026-04-21 14:09:47.592558";324;"324";"324"
"375";-5.015194;50.13981;"Laminaria ochroleuca";NA;NA;NA;"This work is licensed under a  Creative Commons Attribution (CC-BY) 4.0 License";"Natural England (NE) (2021): Marine Recorder Snapshot extract of surveys entered by Natural England. v2.1. Marine Biological Association. Dataset/Samplingevent. https://doi.org/10.17031/thn0xd DASSH NA (Available: Ocean Biogeographic Information System. Intergovernmental Oceanographic Commission of UNESCO. www.iobis.org. Accessed: 2026-04-21 14:09:46.985744";324;"324";"324"
"376";-6.329946;49.91332;"Laminaria ochroleuca";NA;NA;NA;"This work is licensed under a  Creative Commons Attribution (CC-BY) 4.0 License";"Joint Nature Conservation Committee (JNCC) (2021): Marine Recorder Snapshot extract of surveys entered by JNCC. v2.1. Marine Biological Association. Dataset/Samplingevent. https://doi.org/10.17031/mehqrq DASSH NA (Available: Ocean Biogeographic Information System. Intergovernmental Oceanographic Commission of UNESCO. www.iobis.org. Accessed: 2026-04-21 14:09:46.775415";324;"324";"324"
"377";-5.028887;50.13322;"Laminaria ochroleuca";NA;NA;NA;"This work is licensed under a  Creative Commons Attribution (CC-BY) 4.0 License";"SeaSearch (2021): Marine Recorder Snapshot extract of surveys entered by SeaSearch. v2.1. Marine Biological Association. Dataset/Samplingevent. https://doi.org/10.17031/yq0gbg DASSH NA (Available: Ocean Biogeographic Information System. Intergovernmental Oceanographic Commission of UNESCO. www.iobis.org. Accessed: 2026-04-21 14:09:47.592558";324;"324";"324"
"378";-5.043469;48.4720421;"Laminaria ochroleuca";"2012";"5";"17";"This work is licensed under a  Creative Commons Attribution (CC-BY) 4.0 License";"Institut Français de Recherche pour l’Exploitation de la MER (2022). Macrophytes occurrence data within French Mediterranen Lagoon since 2006 NA QUADRIGE - Coastal monitoring database and products, 1974 onwards. (6064) (Available: Ocean Biogeographic Information System. Intergovernmental Oceanographic Commission of UNESCO. www.iobis.org. Accessed: 2026-04-21 14:09:43.138385";324;"324";"324"
"379";-6.384868;49.9396;"Laminaria ochroleuca";NA;NA;NA;"This work is licensed under a  Creative Commons Attribution (CC-BY) 4.0 License";"Joint Nature Conservation Committee (JNCC) (2021): Marine Recorder Snapshot extract of surveys entered by JNCC. v2.1. Marine Biological Association. Dataset/Samplingevent. https://doi.org/10.17031/mehqrq DASSH NA (Available: Ocean Biogeographic Information System. Intergovernmental Oceanographic Commission of UNESCO. www.iobis.org. Accessed: 2026-04-21 14:09:46.775415";324;"324";"324"
"380";-4.8077;48.490233;"Laminaria ochroleuca";NA;NA;NA;"This work is licensed under a  Creative Commons Attribution Non Commercial (CC-BY-NC) 4.0 License";"Cite data as:Rassweiler, A., Novak, M., Okamoto, D., Byrnes, J., Krumhansl, K. (2016). Global Kelp Timeseries from NCEAS/KEEN Working Group. Florida State University, Oregon State University, Simon Fraser University, University of Massachusetts Boston. Data accessed at http://catalogue-temperatereefbase.imas.utas.edu.au:/geonetwork/srv/en/metadata.show?uuid=ecbe5cc3-3fbf-4569-b5e8-07c2201fcb9c on [access date].

If you have kelp timeseries greater than 3 years in length, please consider contributing to the data set. Contact Jarrett Byrnes for details. IMAS and University of Massachusetts NCEAS-KEEN-TS (Available: Ocean Biogeographic Information System. Intergovernmental Oceanographic Commission of UNESCO. www.iobis.org. Accessed: 2026-04-21 14:09:44.583438";324;"324";"324"
"381";-2.353377;49.41572;"Laminaria ochroleuca";NA;NA;NA;"This work is licensed under a  Creative Commons Attribution (CC-BY) 4.0 License";"SeaSearch (2021): Marine Recorder Snapshot extract of surveys entered by SeaSearch. v2.1. Marine Biological Association. Dataset/Samplingevent. https://doi.org/10.17031/yq0gbg DASSH NA (Available: Ocean Biogeographic Information System. Intergovernmental Oceanographic Commission of UNESCO. www.iobis.org. Accessed: 2026-04-21 14:09:47.592558";324;"324";"324"
"382";-3.0565641;48.8389778;"Laminaria ochroleuca";"2019";"5";"30";"This work is licensed under a  Creative Commons Attribution (CC-BY) 4.0 License";"Institut Français de Recherche pour l’Exploitation de la MER (2022). Macrophytes occurrence data within French Mediterranen Lagoon since 2006 NA QUADRIGE - Coastal monitoring database and products, 1974 onwards. (6064) (Available: Ocean Biogeographic Information System. Intergovernmental Oceanographic Commission of UNESCO. www.iobis.org. Accessed: 2026-04-21 14:09:43.138385";324;"324";"324"
"383";-6.347615;49.95895;"Laminaria ochroleuca";NA;NA;NA;"This work is licensed under a  Creative Commons Attribution (CC-BY) 4.0 License";"SeaSearch (2021): Marine Recorder Snapshot extract of surveys entered by SeaSearch. v2.1. Marine Biological Association. Dataset/Samplingevent. https://doi.org/10.17031/yq0gbg DASSH NA (Available: Ocean Biogeographic Information System. Intergovernmental Oceanographic Commission of UNESCO. www.iobis.org. Accessed: 2026-04-21 14:09:47.592558";324;"324";"324"
"384";-4.061897;50.29215;"Laminaria ochroleuca";NA;NA;NA;"This work is licensed under a  Creative Commons Attribution (CC-BY) 4.0 License";"SeaSearch (2021): Marine Recorder Snapshot extract of surveys entered by SeaSearch. v2.1. Marine Biological Association. Dataset/Samplingevent. https://doi.org/10.17031/yq0gbg DASSH NA (Available: Ocean Biogeographic Information System. Intergovernmental Oceanographic Commission of UNESCO. www.iobis.org. Accessed: 2026-04-21 14:09:47.592558";324;"324";"324"
"385";-6.306434;49.96684;"Laminaria ochroleuca";NA;NA;NA;"This work is licensed under a  Creative Commons Attribution (CC-BY) 4.0 License";"Joint Nature Conservation Committee (JNCC) (2021): Marine Recorder Snapshot extract of surveys entered by JNCC. v2.1. Marine Biological Association. Dataset/Samplingevent. https://doi.org/10.17031/mehqrq DASSH NA (Available: Ocean Biogeographic Information System. Intergovernmental Oceanographic Commission of UNESCO. www.iobis.org. Accessed: 2026-04-21 14:09:46.775415";324;"324";"324"
"386";-6.278993;49.9145;"Laminaria ochroleuca";NA;NA;NA;"This work is licensed under a  Creative Commons Attribution (CC-BY) 4.0 License";"SeaSearch (2021): Marine Recorder Snapshot extract of surveys entered by SeaSearch. v2.1. Marine Biological Association. Dataset/Samplingevent. https://doi.org/10.17031/yq0gbg DASSH NA (Available: Ocean Biogeographic Information System. Intergovernmental Oceanographic Commission of UNESCO. www.iobis.org. Accessed: 2026-04-21 14:09:47.592558";324;"324";"324"
"387";-6.307896;49.90515;"Laminaria ochroleuca";NA;NA;NA;"This work is licensed under a  Creative Commons Attribution (CC-BY) 4.0 License";"Joint Nature Conservation Committee (JNCC) (2021): Marine Recorder Snapshot extract of surveys entered by JNCC. v2.1. Marine Biological Association. Dataset/Samplingevent. https://doi.org/10.17031/mehqrq DASSH NA (Available: Ocean Biogeographic Information System. Intergovernmental Oceanographic Commission of UNESCO. www.iobis.org. Accessed: 2026-04-21 14:09:46.775415";324;"324";"324"
"388";-6.287839;49.98283;"Laminaria ochroleuca";NA;NA;NA;"This work is licensed under a  Creative Commons Attribution (CC-BY) 4.0 License";"SeaSearch (2021): Marine Recorder Snapshot extract of surveys entered by SeaSearch. v2.1. Marine Biological Association. Dataset/Samplingevent. https://doi.org/10.17031/yq0gbg DASSH NA (Available: Ocean Biogeographic Information System. Intergovernmental Oceanographic Commission of UNESCO. www.iobis.org. Accessed: 2026-04-21 14:09:47.592558";324;"324";"324"
"389";-2.98495;48.86638;"Laminaria ochroleuca";"2010";"4";"24";"Unrestricted";"Agence pour la recherche et la Valorisation Marines (ARVAM); Cellule De Suivi Du Littoral Normand (CSLN); Creocean;  Groupe d'Etude des Milieux Estuariens et Littoraux; Groupe d'étude des milieux estuariens et littoraux Normandie (GEMEL Normandie); Hemisphere Sub; Impact Mer; Institut Français de Recherche pour l'Exploitation de la Mer (IFREMER); MAREX Expertise &amp; Conseil en Environnement Marin (MAREX); National Natural History Museum Paris; CRESCO - Station de biologie marine de Dinard; National Natural History Museum Paris; Station de Biologie Marine de Concarneau; Pierre &amp; Marie Curie University; Roscoff biology station (RBS); TBM Environnement; The National Center for Scientific Research; Laboratoire d'Ecogéochimie des Environnements Benthiques UMR 8222 (LECOB); The National Center for Scientific Research; Laboratoire d’Océanologie et de Géosciences - UMR 8187 LOG (LOG); Université Bordeaux 1; Environnements et Paléoenvironnements Océaniques (EPOC); Université de Bretagne Occidentale; Institut Universitaire Européen de la Mer (IUEM); Université de Bretagne Occidentale; Laboratoire d'écophysiologie et de biotechnologie des halophytes et algues Marines (IUEM-LEBHAM); Université de Bretagne Occidentale; Laboratory of Sciences of the Marine Environment CNRS-UMR6539 (LEMAR); Université de la Réunion; Laboratoire d'Ecologie Marine (ECOMAR); Université de Liège; Station de Recherche Sous-marines et Océanographiques (STARESO); Université de Nantes; Laboratoire de Biologie Marine (Bio-littoral); Université des Sciences et Technologies de Lille; Station Marine de Wimereux (INSU/CNRS); (2019): REBENT - Réseau Benthique. 486 NA (Available: Ocean Biogeographic Information System. Intergovernmental Oceanographic Commission of UNESCO. www.iobis.org. Accessed: 2026-04-21 14:09:51.251532";324;"324";"324"
"390";-8.899847;42.235177;"Laminaria ochroleuca";NA;NA;NA;"This work is licensed under a  Creative Commons Attribution Non Commercial (CC-BY-NC) 4.0 License";"Ramos, E., Puente, A., Juanes, J.A. (Environmental Hydraulics Institute, IHCantabria), Spain (2019): Cover of intertidal macroalgae along the N and NW coast of the Iberian Peninsula. IHCantabria NA (Available: Ocean Biogeographic Information System. Intergovernmental Oceanographic Commission of UNESCO. www.iobis.org. Accessed: 2026-04-21 14:09:56.953232";324;"324";"324"
"391";-6.334179;49.88752;"Laminaria ochroleuca";NA;NA;NA;"This work is licensed under a  Creative Commons Attribution (CC-BY) 4.0 License";"Joint Nature Conservation Committee (JNCC) (2021): Marine Recorder Snapshot extract of surveys entered by JNCC. v2.1. Marine Biological Association. Dataset/Samplingevent. https://doi.org/10.17031/mehqrq DASSH NA (Available: Ocean Biogeographic Information System. Intergovernmental Oceanographic Commission of UNESCO. www.iobis.org. Accessed: 2026-04-21 14:09:46.775415";324;"324";"324"
"392";-3.0565641;48.8389778;"Laminaria ochroleuca";"2006";"5";"7";"This work is licensed under a  Creative Commons Attribution (CC-BY) 4.0 License";"Institut Français de Recherche pour l’Exploitation de la MER (2022). Macrophytes occurrence data within French Mediterranen Lagoon since 2006 NA QUADRIGE - Coastal monitoring database and products, 1974 onwards. (6064) (Available: Ocean Biogeographic Information System. Intergovernmental Oceanographic Commission of UNESCO. www.iobis.org. Accessed: 2026-04-21 14:09:43.138385";324;"324";"324"
"393";-4.6038623;48.6154861;"Laminaria ochroleuca";"2018";"4";"23";"This work is licensed under a  Creative Commons Attribution (CC-BY) 4.0 License";"Institut Français de Recherche pour l’Exploitation de la MER (2022). Macrophytes occurrence data within French Mediterranen Lagoon since 2006 NA QUADRIGE - Coastal monitoring database and products, 1974 onwards. (6064) (Available: Ocean Biogeographic Information System. Intergovernmental Oceanographic Commission of UNESCO. www.iobis.org. Accessed: 2026-04-21 14:09:43.138385";324;"324";"324"
"394";-6.28898;49.936447;"Laminaria ochroleuca";"1948";"1";"1";"This work is licensed under a  Creative Commons Attribution Non Commercial (CC-BY-NC) 4.0 License";"Marine Biological Association of the UK (MBA); (2016): DASSH: The UK Archive for Marine Species and Habitats Data Marine Biological Association of the UK (MBA) The Marine Biological Association of the United Kingdom (Available: Ocean Biogeographic Information System. Intergovernmental Oceanographic Commission of UNESCO. www.iobis.org. Accessed: 2026-04-21 14:09:47.909888";324;"324";"324"
"395";-5.05241;50.044;"Laminaria ochroleuca";"2007";"04";"08";"This work is licensed under a  Creative Commons Attribution Non Commercial (CC-BY-NC) 4.0 License";"Marine Biological Association MRMLN0040000007E (Available: Ocean Biogeographic Information System. Intergovernmental Oceanographic Commission of UNESCO. www.iobis.org. Accessed: 2026-04-21 14:09:58.072924";324;"324";"324"
"396";-2.549634;49.42318;"Laminaria ochroleuca";NA;NA;NA;"This work is licensed under a  Creative Commons Attribution (CC-BY) 4.0 License";"SeaSearch (2021): Marine Recorder Snapshot extract of surveys entered by SeaSearch. v2.1. Marine Biological Association. Dataset/Samplingevent. https://doi.org/10.17031/yq0gbg DASSH NA (Available: Ocean Biogeographic Information System. Intergovernmental Oceanographic Commission of UNESCO. www.iobis.org. Accessed: 2026-04-21 14:09:47.592558";324;"324";"324"
"397";-5.0409273;50.050151;"Laminaria ochroleuca";"1948";"1";"1";"This work is licensed under a  Creative Commons Attribution Non Commercial (CC-BY-NC) 4.0 License";"Marine Biological Association of the UK (MBA); (2016): DASSH: The UK Archive for Marine Species and Habitats Data Marine Biological Association of the UK (MBA) The Marine Biological Association of the United Kingdom (Available: Ocean Biogeographic Information System. Intergovernmental Oceanographic Commission of UNESCO. www.iobis.org. Accessed: 2026-04-21 14:09:47.909888";324;"324";"324"
"398";-5.074294;50.094;"Laminaria ochroleuca";NA;NA;NA;"This work is licensed under a  Creative Commons Attribution (CC-BY) 4.0 License";"Natural England (NE) (2021): Marine Recorder Snapshot extract of surveys entered by Natural England. v2.1. Marine Biological Association. Dataset/Samplingevent. https://doi.org/10.17031/thn0xd DASSH NA (Available: Ocean Biogeographic Information System. Intergovernmental Oceanographic Commission of UNESCO. www.iobis.org. Accessed: 2026-04-21 14:09:46.985744";324;"324";"324"
"399";-5.064998;50.066;"Laminaria ochroleuca";NA;NA;NA;"This work is licensed under a  Creative Commons Attribution (CC-BY) 4.0 License";"SeaSearch (2021): Marine Recorder Snapshot extract of surveys entered by SeaSearch. v2.1. Marine Biological Association. Dataset/Samplingevent. https://doi.org/10.17031/yq0gbg DASSH NA (Available: Ocean Biogeographic Information System. Intergovernmental Oceanographic Commission of UNESCO. www.iobis.org. Accessed: 2026-04-21 14:09:47.592558";324;"324";"324"
"400";-5.064265;50.06482;"Laminaria ochroleuca";NA;NA;NA;"This work is licensed under a  Creative Commons Attribution (CC-BY) 4.0 License";"Joint Nature Conservation Committee (JNCC) (2021): Marine Recorder Snapshot extract of surveys entered by JNCC. v2.1. Marine Biological Association. Dataset/Samplingevent. https://doi.org/10.17031/mehqrq DASSH NA (Available: Ocean Biogeographic Information System. Intergovernmental Oceanographic Commission of UNESCO. www.iobis.org. Accessed: 2026-04-21 14:09:46.775415";324;"324";"324"
"401";-6.261163;49.93383;"Laminaria ochroleuca";NA;NA;NA;"This work is licensed under a  Creative Commons Attribution (CC-BY) 4.0 License";"SeaSearch (2021): Marine Recorder Snapshot extract of surveys entered by SeaSearch. v2.1. Marine Biological Association. Dataset/Samplingevent. https://doi.org/10.17031/yq0gbg DASSH NA (Available: Ocean Biogeographic Information System. Intergovernmental Oceanographic Commission of UNESCO. www.iobis.org. Accessed: 2026-04-21 14:09:47.592558";324;"324";"324"
"402";-5.063495;50.0558;"Laminaria ochroleuca";NA;NA;NA;"This work is licensed under a  Creative Commons Attribution (CC-BY) 4.0 License";"SeaSearch (2021): Marine Recorder Snapshot extract of surveys entered by SeaSearch. v2.1. Marine Biological Association. Dataset/Samplingevent. https://doi.org/10.17031/yq0gbg DASSH NA (Available: Ocean Biogeographic Information System. Intergovernmental Oceanographic Commission of UNESCO. www.iobis.org. Accessed: 2026-04-21 14:09:47.592558";324;"324";"324"
"403";-6.302174;49.903;"Laminaria ochroleuca";NA;NA;NA;"This work is licensed under a  Creative Commons Attribution (CC-BY) 4.0 License";"SeaSearch (2021): Marine Recorder Snapshot extract of surveys entered by SeaSearch. v2.1. Marine Biological Association. Dataset/Samplingevent. https://doi.org/10.17031/yq0gbg DASSH NA (Available: Ocean Biogeographic Information System. Intergovernmental Oceanographic Commission of UNESCO. www.iobis.org. Accessed: 2026-04-21 14:09:47.592558";324;"324";"324"
"404";-6.300636;49.910819;"Laminaria ochroleuca";"1968";"1";"1";"This work is licensed under a  Creative Commons Attribution Non Commercial (CC-BY-NC) 4.0 License";"Marine Biological Association of the UK (MBA); (2016): DASSH: The UK Archive for Marine Species and Habitats Data Marine Biological Association of the UK (MBA) The Marine Biological Association of the United Kingdom (Available: Ocean Biogeographic Information System. Intergovernmental Oceanographic Commission of UNESCO. www.iobis.org. Accessed: 2026-04-21 14:09:47.909888";324;"324";"324"
"405";-5.407743;50.24126;"Laminaria ochroleuca";NA;NA;NA;"This work is licensed under a  Creative Commons Attribution (CC-BY) 4.0 License";"Wildlife Trusts (2021): Marine Recorder Snapshot extract of surveys entered by Wildlife Trusts. v2.1. Marine Biological Association. Dataset/Samplingevent. https://doi.org/10.17031/zwrsjz DASSH NA (Available: Ocean Biogeographic Information System. Intergovernmental Oceanographic Commission of UNESCO. www.iobis.org. Accessed: 2026-04-21 14:09:54.034339";324;"324";"324"
"406";-6.306594;49.96863;"Laminaria ochroleuca";NA;NA;NA;"This work is licensed under a  Creative Commons Attribution (CC-BY) 4.0 License";"SeaSearch (2021): Marine Recorder Snapshot extract of surveys entered by SeaSearch. v2.1. Marine Biological Association. Dataset/Samplingevent. https://doi.org/10.17031/yq0gbg DASSH NA (Available: Ocean Biogeographic Information System. Intergovernmental Oceanographic Commission of UNESCO. www.iobis.org. Accessed: 2026-04-21 14:09:47.592558";324;"324";"324"
"407";-6.322831;49.89067;"Laminaria ochroleuca";NA;NA;NA;"This work is licensed under a  Creative Commons Attribution (CC-BY) 4.0 License";"SeaSearch (2021): Marine Recorder Snapshot extract of surveys entered by SeaSearch. v2.1. Marine Biological Association. Dataset/Samplingevent. https://doi.org/10.17031/yq0gbg DASSH NA (Available: Ocean Biogeographic Information System. Intergovernmental Oceanographic Commission of UNESCO. www.iobis.org. Accessed: 2026-04-21 14:09:47.592558";324;"324";"324"
"408";-4.6038623;48.6154861;"Laminaria ochroleuca";"2007";"6";"11";"This work is licensed under a  Creative Commons Attribution (CC-BY) 4.0 License";"Institut Français de Recherche pour l’Exploitation de la MER (2022). Macrophytes occurrence data within French Mediterranen Lagoon since 2006 NA QUADRIGE - Coastal monitoring database and products, 1974 onwards. (6064) (Available: Ocean Biogeographic Information System. Intergovernmental Oceanographic Commission of UNESCO. www.iobis.org. Accessed: 2026-04-21 14:09:43.138385";324;"324";"324"
"409";-3.773426;50.22664;"Laminaria ochroleuca";NA;NA;NA;"This work is licensed under a  Creative Commons Attribution (CC-BY) 4.0 License";"Joint Nature Conservation Committee (JNCC) (2021): Marine Recorder Snapshot extract of surveys entered by JNCC. v2.1. Marine Biological Association. Dataset/Samplingevent. https://doi.org/10.17031/mehqrq DASSH NA (Available: Ocean Biogeographic Information System. Intergovernmental Oceanographic Commission of UNESCO. www.iobis.org. Accessed: 2026-04-21 14:09:46.775415";324;"324";"324"
"410";-6.301747;49.90337;"Laminaria ochroleuca";NA;NA;NA;"This work is licensed under a  Creative Commons Attribution (CC-BY) 4.0 License";"SeaSearch (2021): Marine Recorder Snapshot extract of surveys entered by SeaSearch. v2.1. Marine Biological Association. Dataset/Samplingevent. https://doi.org/10.17031/yq0gbg DASSH NA (Available: Ocean Biogeographic Information System. Intergovernmental Oceanographic Commission of UNESCO. www.iobis.org. Accessed: 2026-04-21 14:09:47.592558";324;"324";"324"
"411";-2.483994;49.44084;"Laminaria ochroleuca";NA;NA;NA;"This work is licensed under a  Creative Commons Attribution (CC-BY) 4.0 License";"SeaSearch (2021): Marine Recorder Snapshot extract of surveys entered by SeaSearch. v2.1. Marine Biological Association. Dataset/Samplingevent. https://doi.org/10.17031/yq0gbg DASSH NA (Available: Ocean Biogeographic Information System. Intergovernmental Oceanographic Commission of UNESCO. www.iobis.org. Accessed: 2026-04-21 14:09:47.592558";324;"324";"324"
"412";-6.323143;49.88622;"Laminaria ochroleuca";NA;NA;NA;"This work is licensed under a  Creative Commons Attribution (CC-BY) 4.0 License";"SeaSearch (2021): Marine Recorder Snapshot extract of surveys entered by SeaSearch. v2.1. Marine Biological Association. Dataset/Samplingevent. https://doi.org/10.17031/yq0gbg DASSH NA (Available: Ocean Biogeographic Information System. Intergovernmental Oceanographic Commission of UNESCO. www.iobis.org. Accessed: 2026-04-21 14:09:47.592558";324;"324";"324"
"413";-8.71638888888889;41.205;"Laminaria ochroleuca";"2004";"8";"3";"This work is licensed under a  Creative Commons Attribution (CC-BY) 4.0 License";"Aráujo R., Bárbara I, Tibaldo M., Berecibar E., Díaz Tapia P., Pereira R., Santos R. &amp; Sousa-Pinto I. Checklist of benthic marine algae and cyanobacteria of northern Portugal. Centre of Marine and Environmental Research; Interdisciplinary Centre for Marine and Environmental Research (Porto) (Ciimar). CIIMAR Checklist Northern Portugal (Available: Ocean Biogeographic Information System. Intergovernmental Oceanographic Commission of UNESCO. www.iobis.org. Accessed: 2026-04-21 14:09:48.130906";324;"324";"324"
"414";-6.384993;49.935;"Laminaria ochroleuca";NA;NA;NA;"This work is licensed under a  Creative Commons Attribution (CC-BY) 4.0 License";"SeaSearch (2021): Marine Recorder Snapshot extract of surveys entered by SeaSearch. v2.1. Marine Biological Association. Dataset/Samplingevent. https://doi.org/10.17031/yq0gbg DASSH NA (Available: Ocean Biogeographic Information System. Intergovernmental Oceanographic Commission of UNESCO. www.iobis.org. Accessed: 2026-04-21 14:09:47.592558";324;"324";"324"
"415";-6.285063;49.98383;"Laminaria ochroleuca";NA;NA;NA;"This work is licensed under a  Creative Commons Attribution (CC-BY) 4.0 License";"SeaSearch (2021): Marine Recorder Snapshot extract of surveys entered by SeaSearch. v2.1. Marine Biological Association. Dataset/Samplingevent. https://doi.org/10.17031/yq0gbg DASSH NA (Available: Ocean Biogeographic Information System. Intergovernmental Oceanographic Commission of UNESCO. www.iobis.org. Accessed: 2026-04-21 14:09:47.592558";324;"324";"324"
"416";-4.152819;50.33221;"Laminaria ochroleuca";NA;NA;NA;"This work is licensed under a  Creative Commons Attribution (CC-BY) 4.0 License";"Joint Nature Conservation Committee (JNCC) (2021): Marine Recorder Snapshot extract of surveys entered by JNCC. v2.1. Marine Biological Association. Dataset/Samplingevent. https://doi.org/10.17031/mehqrq DASSH NA (Available: Ocean Biogeographic Information System. Intergovernmental Oceanographic Commission of UNESCO. www.iobis.org. Accessed: 2026-04-21 14:09:46.775415";324;"324";"324"
"417";-1.731034726156;45.958523973682;"Laminaria ochroleuca";"1954";NA;NA;"For more information on the restrictions, use contact information.";"Guiry, M.D. &amp; Guiry, G.M. 2012. AlgaeBase. World-wide electronic publication, National University of Ireland, Galway. http://www.algaebase.org; searched on dd Month yyyy. NUI Algaebase (Available: Ocean Biogeographic Information System. Intergovernmental Oceanographic Commission of UNESCO. www.iobis.org. Accessed: 2026-04-21 14:09:49.859977";324;"324";"324"
"418";-6.356779;49.90647;"Laminaria ochroleuca";NA;NA;NA;"This work is licensed under a  Creative Commons Attribution (CC-BY) 4.0 License";"Joint Nature Conservation Committee (JNCC) (2021): Marine Recorder Snapshot extract of surveys entered by JNCC. v2.1. Marine Biological Association. Dataset/Samplingevent. https://doi.org/10.17031/mehqrq DASSH NA (Available: Ocean Biogeographic Information System. Intergovernmental Oceanographic Commission of UNESCO. www.iobis.org. Accessed: 2026-04-21 14:09:46.775415";324;"324";"324"
"419";-6.279263;49.91314;"Laminaria ochroleuca";NA;NA;NA;"This work is licensed under a  Creative Commons Attribution (CC-BY) 4.0 License";"SeaSearch (2021): Marine Recorder Snapshot extract of surveys entered by SeaSearch. v2.1. Marine Biological Association. Dataset/Samplingevent. https://doi.org/10.17031/yq0gbg DASSH NA (Available: Ocean Biogeographic Information System. Intergovernmental Oceanographic Commission of UNESCO. www.iobis.org. Accessed: 2026-04-21 14:09:47.592558";324;"324";"324"
"420";-6.387825;49.8648;"Laminaria ochroleuca";NA;NA;NA;"This work is licensed under a  Creative Commons Attribution (CC-BY) 4.0 License";"Joint Nature Conservation Committee (JNCC) (2021): Marine Recorder Snapshot extract of surveys entered by JNCC. v2.1. Marine Biological Association. Dataset/Samplingevent. https://doi.org/10.17031/mehqrq DASSH NA (Available: Ocean Biogeographic Information System. Intergovernmental Oceanographic Commission of UNESCO. www.iobis.org. Accessed: 2026-04-21 14:09:46.775415";324;"324";"324"
"421";-2.556337;49.42083;"Laminaria ochroleuca";NA;NA;NA;"This work is licensed under a  Creative Commons Attribution (CC-BY) 4.0 License";"SeaSearch (2021): Marine Recorder Snapshot extract of surveys entered by SeaSearch. v2.1. Marine Biological Association. Dataset/Samplingevent. https://doi.org/10.17031/yq0gbg DASSH NA (Available: Ocean Biogeographic Information System. Intergovernmental Oceanographic Commission of UNESCO. www.iobis.org. Accessed: 2026-04-21 14:09:47.592558";324;"324";"324"
"422";-6.274591;49.92944;"Laminaria ochroleuca";NA;NA;NA;"This work is licensed under a  Creative Commons Attribution (CC-BY) 4.0 License";"SeaSearch (2021): Marine Recorder Snapshot extract of surveys entered by SeaSearch. v2.1. Marine Biological Association. Dataset/Samplingevent. https://doi.org/10.17031/yq0gbg DASSH NA (Available: Ocean Biogeographic Information System. Intergovernmental Oceanographic Commission of UNESCO. www.iobis.org. Accessed: 2026-04-21 14:09:47.592558";324;"324";"324"
"423";-4.908588;50.17317;"Laminaria ochroleuca";NA;NA;NA;"This work is licensed under a  Creative Commons Attribution (CC-BY) 4.0 License";"SeaSearch (2021): Marine Recorder Snapshot extract of surveys entered by SeaSearch. v2.1. Marine Biological Association. Dataset/Samplingevent. https://doi.org/10.17031/yq0gbg DASSH NA (Available: Ocean Biogeographic Information System. Intergovernmental Oceanographic Commission of UNESCO. www.iobis.org. Accessed: 2026-04-21 14:09:47.592558";324;"324";"324"
"424";-2.377834;49.41034;"Laminaria ochroleuca";NA;NA;NA;"This work is licensed under a  Creative Commons Attribution (CC-BY) 4.0 License";"SeaSearch (2021): Marine Recorder Snapshot extract of surveys entered by SeaSearch. v2.1. Marine Biological Association. Dataset/Samplingevent. https://doi.org/10.17031/yq0gbg DASSH NA (Available: Ocean Biogeographic Information System. Intergovernmental Oceanographic Commission of UNESCO. www.iobis.org. Accessed: 2026-04-21 14:09:47.592558";324;"324";"324"
"425";-6.263507;49.96934;"Laminaria ochroleuca";NA;NA;NA;"This work is licensed under a  Creative Commons Attribution (CC-BY) 4.0 License";"SeaSearch (2021): Marine Recorder Snapshot extract of surveys entered by SeaSearch. v2.1. Marine Biological Association. Dataset/Samplingevent. https://doi.org/10.17031/yq0gbg DASSH NA (Available: Ocean Biogeographic Information System. Intergovernmental Oceanographic Commission of UNESCO. www.iobis.org. Accessed: 2026-04-21 14:09:47.592558";324;"324";"324"
"426";-6.349366;49.88605;"Laminaria ochroleuca";NA;NA;NA;"This work is licensed under a  Creative Commons Attribution (CC-BY) 4.0 License";"Joint Nature Conservation Committee (JNCC) (2021): Marine Recorder Snapshot extract of surveys entered by JNCC. v2.1. Marine Biological Association. Dataset/Samplingevent. https://doi.org/10.17031/mehqrq DASSH NA (Available: Ocean Biogeographic Information System. Intergovernmental Oceanographic Commission of UNESCO. www.iobis.org. Accessed: 2026-04-21 14:09:46.775415";324;"324";"324"
"427";-8.82194444444444;41.6297222222222;"Laminaria ochroleuca";"2003";"5";"15";"This work is licensed under a  Creative Commons Attribution (CC-BY) 4.0 License";"Aráujo R., Bárbara I, Tibaldo M., Berecibar E., Díaz Tapia P., Pereira R., Santos R. &amp; Sousa-Pinto I. Checklist of benthic marine algae and cyanobacteria of northern Portugal. Centre of Marine and Environmental Research; Interdisciplinary Centre for Marine and Environmental Research (Porto) (Ciimar). CIIMAR Checklist Northern Portugal (Available: Ocean Biogeographic Information System. Intergovernmental Oceanographic Commission of UNESCO. www.iobis.org. Accessed: 2026-04-21 14:09:48.130906";324;"324";"324"
"428";-4.60385;48.61549;"Laminaria ochroleuca";"2015";"4";"5";"This work is licensed under a  Creative Commons Attribution Non Commercial (CC-BY-NC) 4.0 License";"REBENT network (2019). Intertidal and Subtidal Macroalgae taxa data  in ODV format from French REBENT Network. SEANOE. Https://doi.org/10.17882/60891 NA Intertidal and Subtidal Macroalgae taxa data in ODV format from French REBENT Network (Available: Ocean Biogeographic Information System. Intergovernmental Oceanographic Commission of UNESCO. www.iobis.org. Accessed: 2026-04-21 14:09:43.367691";324;"324";"324"
"429";-6.327366;49.90631;"Laminaria ochroleuca";NA;NA;NA;"This work is licensed under a  Creative Commons Attribution (CC-BY) 4.0 License";"Natural England (NE) (2021): Marine Recorder Snapshot extract of surveys entered by Natural England. v2.1. Marine Biological Association. Dataset/Samplingevent. https://doi.org/10.17031/thn0xd DASSH NA (Available: Ocean Biogeographic Information System. Intergovernmental Oceanographic Commission of UNESCO. www.iobis.org. Accessed: 2026-04-21 14:09:46.985744";324;"324";"324"
"430";-6.259499;49.93567;"Laminaria ochroleuca";NA;NA;NA;"This work is licensed under a  Creative Commons Attribution (CC-BY) 4.0 License";"SeaSearch (2021): Marine Recorder Snapshot extract of surveys entered by SeaSearch. v2.1. Marine Biological Association. Dataset/Samplingevent. https://doi.org/10.17031/yq0gbg DASSH NA (Available: Ocean Biogeographic Information System. Intergovernmental Oceanographic Commission of UNESCO. www.iobis.org. Accessed: 2026-04-21 14:09:47.592558";324;"324";"324"
"431";-6.336534;49.88242;"Laminaria ochroleuca";NA;NA;NA;"This work is licensed under a  Creative Commons Attribution (CC-BY) 4.0 License";"SeaSearch (2021): Marine Recorder Snapshot extract of surveys entered by SeaSearch. v2.1. Marine Biological Association. Dataset/Samplingevent. https://doi.org/10.17031/yq0gbg DASSH NA (Available: Ocean Biogeographic Information System. Intergovernmental Oceanographic Commission of UNESCO. www.iobis.org. Accessed: 2026-04-21 14:09:47.592558";324;"324";"324"
"432";-3.43;43.49;"Laminaria ochroleuca";"1964";"10";"19";"This work is licensed under a  Creative Commons Attribution Non Commercial (CC-BY-NC) 4.0 License";"Guardia, R. et al. (2007). Bases de dades de l'Herbari BCN http://www.ub.es/cedocbiv/bancdade.htm https://doi.org/10.15468/lgu4v6 BCN Phycophyta (Available: Ocean Biogeographic Information System. Intergovernmental Oceanographic Commission of UNESCO. www.iobis.org. Accessed: 2026-04-21 14:09:51.912151";324;"324";"324"
"433";-6.274834;49.92433;"Laminaria ochroleuca";NA;NA;NA;"This work is licensed under a  Creative Commons Attribution (CC-BY) 4.0 License";"SeaSearch (2021): Marine Recorder Snapshot extract of surveys entered by SeaSearch. v2.1. Marine Biological Association. Dataset/Samplingevent. https://doi.org/10.17031/yq0gbg DASSH NA (Available: Ocean Biogeographic Information System. Intergovernmental Oceanographic Commission of UNESCO. www.iobis.org. Accessed: 2026-04-21 14:09:47.592558";324;"324";"324"
"434";-5.051752;50.04392;"Laminaria ochroleuca";NA;NA;NA;"This work is licensed under a  Creative Commons Attribution (CC-BY) 4.0 License";"The archive for marine species and habitats data (DASSH) (2021): Marine Recorder Snapshot extract of surveys entered by The archive for marine species and habitats data (DASSH). v2.2. Marine Biological Association. Dataset/Samplingevent. https://doi.org/10.17031/myrqac DASSH NA (Available: Ocean Biogeographic Information System. Intergovernmental Oceanographic Commission of UNESCO. www.iobis.org. Accessed: 2026-04-21 14:09:57.750741";324;"324";"324"
"435";-4.012972;48.71907;"Laminaria ochroleuca Bachelot de la Pylaie, 1824";"2025";"3";"31";"http://creativecommons.org/licenses/by-nc/4.0/legalcode";". Accessed from R via rgbif (https://github.com/ropensci/rgbif) on 2026-04-21";324;"324";"324"
"436";-4.863115;48.039865;"Laminaria ochroleuca Bachelot de la Pylaie, 1824";"2025";"10";"21";"http://creativecommons.org/licenses/by-nc/4.0/legalcode";". Accessed from R via rgbif (https://github.com/ropensci/rgbif) on 2026-04-21";324;"324";"324"
"437";-4.85335;48.038924;"Laminaria ochroleuca Bachelot de la Pylaie, 1824";"2024";"10";"18";"http://creativecommons.org/licenses/by-nc/4.0/legalcode";". Accessed from R via rgbif (https://github.com/ropensci/rgbif) on 2026-04-21";324;"324";"324"
"438";-4.849667;48.036965;"Laminaria ochroleuca Bachelot de la Pylaie, 1824";"2024";"10";"20";"http://creativecommons.org/licenses/by-nc/4.0/legalcode";". Accessed from R via rgbif (https://github.com/ropensci/rgbif) on 2026-04-21";324;"324";"324"
"439";-4.847796;48.032209;"Laminaria ochroleuca Bachelot de la Pylaie, 1824";"2024";"10";"21";"http://creativecommons.org/licenses/by-nc/4.0/legalcode";". Accessed from R via rgbif (https://github.com/ropensci/rgbif) on 2026-04-21";324;"324";"324"
"440";-9.773153;31.514222;"Laminaria ochroleuca Bachelot de la Pylaie, 1824";"2023";"1";"24";"http://creativecommons.org/licenses/by-nc/4.0/legalcode";". Accessed from R via rgbif (https://github.com/ropensci/rgbif) on 2026-04-21";324;"324";"324"
"441";-7.65217;33.61123;"Laminaria ochroleuca Bachelot de la Pylaie, 1824";"2023";"1";"23";"http://creativecommons.org/licenses/by/4.0/legalcode";". Accessed from R via rgbif (https://github.com/ropensci/rgbif) on 2026-04-21";324;"324";"324"
"442";-9.77198;31.51451;"Laminaria ochroleuca Bachelot de la Pylaie, 1824";"2023";"1";"24";"http://creativecommons.org/licenses/by/4.0/legalcode";". Accessed from R via rgbif (https://github.com/ropensci/rgbif) on 2026-04-21";324;"324";"324"
"443";-4.60222;48.61444;"Laminaria ochroleuca Bachelot de la Pylaie, 1824";"2023";"5";"13";"http://creativecommons.org/licenses/by/4.0/legalcode";". Accessed from R via rgbif (https://github.com/ropensci/rgbif) on 2026-04-21";324;"324";"324"
"444";-2.53279;48.63853;"Laminaria ochroleuca Bachelot de la Pylaie, 1824";"2023";"7";"10";"http://creativecommons.org/licenses/by/4.0/legalcode";". Accessed from R via rgbif (https://github.com/ropensci/rgbif) on 2026-04-21";324;"324";"324"
"445";-2.91411;47.5687;"Laminaria ochroleuca Bachelot de la Pylaie, 1824";"2023";"8";"17";"http://creativecommons.org/licenses/by/4.0/legalcode";". Accessed from R via rgbif (https://github.com/ropensci/rgbif) on 2026-04-21";324;"324";"324"
"446";-3.50264;47.6381;"Laminaria ochroleuca Bachelot de la Pylaie, 1824";"2023";"10";"2";"http://creativecommons.org/licenses/by/4.0/legalcode";". Accessed from R via rgbif (https://github.com/ropensci/rgbif) on 2026-04-21";324;"324";"324"
"447";-2.16602;46.89871;"Laminaria ochroleuca Bachelot de la Pylaie, 1824";"2023";"11";"13";"http://creativecommons.org/licenses/by/4.0/legalcode";". Accessed from R via rgbif (https://github.com/ropensci/rgbif) on 2026-04-21";324;"324";"324"
"448";-2.16602;46.89871;"Laminaria ochroleuca Bachelot de la Pylaie, 1824";"2023";"11";"7";"http://creativecommons.org/licenses/by/4.0/legalcode";". Accessed from R via rgbif (https://github.com/ropensci/rgbif) on 2026-04-21";324;"324";"324"
"449";-4.69681;48.33678;"Laminaria ochroleuca Bachelot de la Pylaie, 1824";"2022";"3";"21";"http://creativecommons.org/licenses/by/4.0/legalcode";". Accessed from R via rgbif (https://github.com/ropensci/rgbif) on 2026-04-21";324;"324";"324"
"450";-8.303817;37.074458;"Laminaria ochroleuca Bachelot de la Pylaie, 1824";"2022";"3";"22";"http://creativecommons.org/licenses/by/4.0/legalcode";". Accessed from R via rgbif (https://github.com/ropensci/rgbif) on 2026-04-21";324;"324";"324"
"451";-8.875937;41.839089;"Laminaria ochroleuca Bachelot de la Pylaie, 1824";"2022";"3";"31";"http://creativecommons.org/licenses/by/4.0/legalcode";". Accessed from R via rgbif (https://github.com/ropensci/rgbif) on 2026-04-21";324;"324";"324"
"452";-8.905834;40.178473;"Laminaria ochroleuca Bachelot de la Pylaie, 1824";"2022";"4";"20";"http://creativecommons.org/licenses/by/4.0/legalcode";". Accessed from R via rgbif (https://github.com/ropensci/rgbif) on 2026-04-21";324;"324";"324"
"453";-2.95781;48.78078;"Laminaria ochroleuca Bachelot de la Pylaie, 1824";"2022";"5";"6";"http://creativecommons.org/licenses/by/4.0/legalcode";". Accessed from R via rgbif (https://github.com/ropensci/rgbif) on 2026-04-21";324;"324";"324"
"454";-6.404615;36.661621;"Laminaria ochroleuca Bachelot de la Pylaie, 1824";"2022";"6";"14";"http://creativecommons.org/licenses/by/4.0/legalcode";". Accessed from R via rgbif (https://github.com/ropensci/rgbif) on 2026-04-21";324;"324";"324"
"455";-4.108999;50.314965;"Laminaria ochroleuca Bachelot de la Pylaie, 1824";"2022";"7";"16";"http://creativecommons.org/licenses/by/4.0/legalcode";". Accessed from R via rgbif (https://github.com/ropensci/rgbif) on 2026-04-21";324;"324";"324"
"456";-1.062833;45.628156;"Laminaria ochroleuca Bachelot de la Pylaie, 1824";"2022";"7";"13";"http://creativecommons.org/licenses/by/4.0/legalcode";". Accessed from R via rgbif (https://github.com/ropensci/rgbif) on 2026-04-21";324;"324";"324"
"457";-4.71775;48.59288;"Laminaria ochroleuca Bachelot de la Pylaie, 1824";"2022";"8";"9";"http://creativecommons.org/licenses/by/4.0/legalcode";". Accessed from R via rgbif (https://github.com/ropensci/rgbif) on 2026-04-21";324;"324";"324"
"458";-4.77253;48.46861;"Laminaria ochroleuca Bachelot de la Pylaie, 1824";"2022";"8";"27";"http://creativecommons.org/licenses/by/4.0/legalcode";". Accessed from R via rgbif (https://github.com/ropensci/rgbif) on 2026-04-21";324;"324";"324"
"459";-2.39262;47.0486;"Laminaria ochroleuca Bachelot de la Pylaie, 1824";"2022";"8";"23";"http://creativecommons.org/licenses/by/4.0/legalcode";". Accessed from R via rgbif (https://github.com/ropensci/rgbif) on 2026-04-21";324;"324";"324"
"460";-3.05366;48.83699;"Laminaria ochroleuca Bachelot de la Pylaie, 1824";"2022";"8";"9";"http://creativecommons.org/licenses/by/4.0/legalcode";". Accessed from R via rgbif (https://github.com/ropensci/rgbif) on 2026-04-21";324;"324";"324"
"461";-4.854159;48.03899;"Laminaria ochroleuca Bachelot de la Pylaie, 1824";"2022";"10";"24";"http://creativecommons.org/licenses/by-nc/4.0/legalcode";". Accessed from R via rgbif (https://github.com/ropensci/rgbif) on 2026-04-21";324;"324";"324"
"462";-4.854506;48.038562;"Laminaria ochroleuca Bachelot de la Pylaie, 1824";"2022";"10";"23";"http://creativecommons.org/licenses/by-nc/4.0/legalcode";". Accessed from R via rgbif (https://github.com/ropensci/rgbif) on 2026-04-21";324;"324";"324"
"463";-4.854335;48.039109;"Laminaria ochroleuca Bachelot de la Pylaie, 1824";"2022";"10";"24";"http://creativecommons.org/licenses/by-nc/4.0/legalcode";". Accessed from R via rgbif (https://github.com/ropensci/rgbif) on 2026-04-21";324;"324";"324"
"464";-9.217113;38.408911;"Laminaria ochroleuca Bachelot de la Pylaie, 1824";"2022";"10";"15";"http://creativecommons.org/licenses/by-nc/4.0/legalcode";". Accessed from R via rgbif (https://github.com/ropensci/rgbif) on 2026-04-21";324;"324";"324"
"465";-8.735645;41.177819;"Laminaria ochroleuca Bachelot de la Pylaie, 1824";"2022";"10";"12";"http://creativecommons.org/licenses/by-nc/4.0/legalcode";". Accessed from R via rgbif (https://github.com/ropensci/rgbif) on 2026-04-21";324;"324";"324"
"466";-4.596869;48.607203;"Laminaria ochroleuca Bachelot de la Pylaie, 1824";"2022";"12";"1";"http://creativecommons.org/licenses/by-nc/4.0/legalcode";". Accessed from R via rgbif (https://github.com/ropensci/rgbif) on 2026-04-21";324;"324";"324"
"467";-8.82338;41.6429;"Laminaria ochroleuca Bachelot de la Pylaie, 1824";"2021";"1";"12";"http://creativecommons.org/licenses/by/4.0/legalcode";". Accessed from R via rgbif (https://github.com/ropensci/rgbif) on 2026-04-21";324;"324";"324"
"468";-8.77433;41.38542;"Laminaria ochroleuca Bachelot de la Pylaie, 1824";"2021";"1";"15";"http://creativecommons.org/licenses/by/4.0/legalcode";". Accessed from R via rgbif (https://github.com/ropensci/rgbif) on 2026-04-21";324;"324";"324"
"469";-8.87591;41.74292;"Laminaria ochroleuca Bachelot de la Pylaie, 1824";"2021";"1";"29";"http://creativecommons.org/licenses/by/4.0/legalcode";". Accessed from R via rgbif (https://github.com/ropensci/rgbif) on 2026-04-21";324;"324";"324"
"470";-8.76045;41.3622;"Laminaria ochroleuca Bachelot de la Pylaie, 1824";"2021";"1";"13";"http://creativecommons.org/licenses/by/4.0/legalcode";". Accessed from R via rgbif (https://github.com/ropensci/rgbif) on 2026-04-21";324;"324";"324"
"471";-9.37773;39.37344;"Laminaria ochroleuca Bachelot de la Pylaie, 1824";"2021";"3";"2";"http://creativecommons.org/licenses/by/4.0/legalcode";". Accessed from R via rgbif (https://github.com/ropensci/rgbif) on 2026-04-21";324;"324";"324"
"472";-8.7076;41.18622;"Laminaria ochroleuca Bachelot de la Pylaie, 1824";"2021";"3";"31";"http://creativecommons.org/licenses/by/4.0/legalcode";". Accessed from R via rgbif (https://github.com/ropensci/rgbif) on 2026-04-21";324;"324";"324"
"473";-8.90354;40.17751;"Laminaria ochroleuca Bachelot de la Pylaie, 1824";"2021";"3";"3";"http://creativecommons.org/licenses/by/4.0/legalcode";". Accessed from R via rgbif (https://github.com/ropensci/rgbif) on 2026-04-21";324;"324";"324"
"474";-8.7715;41.38149;"Laminaria ochroleuca Bachelot de la Pylaie, 1824";"2021";"3";"30";"http://creativecommons.org/licenses/by/4.0/legalcode";". Accessed from R via rgbif (https://github.com/ropensci/rgbif) on 2026-04-21";324;"324";"324"
"475";-8.76433;41.37615;"Laminaria ochroleuca Bachelot de la Pylaie, 1824";"2021";"3";"28";"http://creativecommons.org/licenses/by/4.0/legalcode";". Accessed from R via rgbif (https://github.com/ropensci/rgbif) on 2026-04-21";324;"324";"324"
"476";-8.86726;40.14684;"Laminaria ochroleuca Bachelot de la Pylaie, 1824";"2021";"3";"13";"http://creativecommons.org/licenses/by/4.0/legalcode";". Accessed from R via rgbif (https://github.com/ropensci/rgbif) on 2026-04-21";324;"324";"324"
"477";-8.70055;40.75763;"Laminaria ochroleuca Bachelot de la Pylaie, 1824";"2021";"3";"12";"http://creativecommons.org/licenses/by/4.0/legalcode";". Accessed from R via rgbif (https://github.com/ropensci/rgbif) on 2026-04-21";324;"324";"324"
"478";-8.75212;40.64102;"Laminaria ochroleuca Bachelot de la Pylaie, 1824";"2021";"3";"14";"http://creativecommons.org/licenses/by/4.0/legalcode";". Accessed from R via rgbif (https://github.com/ropensci/rgbif) on 2026-04-21";324;"324";"324"
"479";-9.204817;38.409833;"Laminaria ochroleuca Bachelot de la Pylaie, 1824";"2021";"4";"18";"http://creativecommons.org/licenses/by-nc/4.0/legalcode";". Accessed from R via rgbif (https://github.com/ropensci/rgbif) on 2026-04-21";324;"324";"324"
"480";-8.95537;39.91612;"Laminaria ochroleuca Bachelot de la Pylaie, 1824";"2021";"4";"12";"http://creativecommons.org/licenses/by/4.0/legalcode";". Accessed from R via rgbif (https://github.com/ropensci/rgbif) on 2026-04-21";324;"324";"324"
"481";-2.02806;48.62806;"Laminaria ochroleuca Bachelot de la Pylaie, 1824";"2021";"4";"11";"http://creativecommons.org/licenses/by/4.0/legalcode";". Accessed from R via rgbif (https://github.com/ropensci/rgbif) on 2026-04-21";324;"324";"324"
"482";-2.02725;48.6278;"Laminaria ochroleuca Bachelot de la Pylaie, 1824";"2021";"4";"11";"http://creativecommons.org/licenses/by/4.0/legalcode";". Accessed from R via rgbif (https://github.com/ropensci/rgbif) on 2026-04-21";324;"324";"324"
"483";-5.096416;50.42383;"Laminaria ochroleuca Bachelot de la Pylaie, 1824";"2021";"4";"9";"http://creativecommons.org/licenses/by/4.0/legalcode";". Accessed from R via rgbif (https://github.com/ropensci/rgbif) on 2026-04-21";324;"324";"324"
"484";-9.07681;42.74564;"Laminaria ochroleuca Bachelot de la Pylaie, 1824";"2021";"5";"25";"http://creativecommons.org/licenses/by/4.0/legalcode";". Accessed from R via rgbif (https://github.com/ropensci/rgbif) on 2026-04-21";324;"324";"324"
"485";-8.89945;42.11185;"Laminaria ochroleuca Bachelot de la Pylaie, 1824";"2021";"5";"27";"http://creativecommons.org/licenses/by/4.0/legalcode";". Accessed from R via rgbif (https://github.com/ropensci/rgbif) on 2026-04-21";324;"324";"324"
"486";-6.337233;49.88102;"Laminaria ochroleuca Bachelot de la Pylaie, 1824";"2021";"5";"28";"http://creativecommons.org/licenses/by/4.0/legalcode";". Accessed from R via rgbif (https://github.com/ropensci/rgbif) on 2026-04-21";324;"324";"324"
"487";-6.358912;49.89332;"Laminaria ochroleuca Bachelot de la Pylaie, 1824";"2021";"5";"29";"http://creativecommons.org/licenses/by/4.0/legalcode";". Accessed from R via rgbif (https://github.com/ropensci/rgbif) on 2026-04-21";324;"324";"324"
"488";-8.87598;41.84;"Laminaria ochroleuca Bachelot de la Pylaie, 1824";"2021";"6";"25";"http://creativecommons.org/licenses/by/4.0/legalcode";". Accessed from R via rgbif (https://github.com/ropensci/rgbif) on 2026-04-21";324;"324";"324"
"489";-8.87529;41.83908;"Laminaria ochroleuca Bachelot de la Pylaie, 1824";"2021";"6";"25";"http://creativecommons.org/licenses/by/4.0/legalcode";". Accessed from R via rgbif (https://github.com/ropensci/rgbif) on 2026-04-21";324;"324";"324"
"490";-8.98397;42.54606;"Laminaria ochroleuca Bachelot de la Pylaie, 1824";"2021";"6";"26";"http://creativecommons.org/licenses/by/4.0/legalcode";". Accessed from R via rgbif (https://github.com/ropensci/rgbif) on 2026-04-21";324;"324";"324"
"491";-2.50784;48.64703;"Laminaria ochroleuca Bachelot de la Pylaie, 1824";"2021";"6";"5";"http://creativecommons.org/licenses/by/4.0/legalcode";". Accessed from R via rgbif (https://github.com/ropensci/rgbif) on 2026-04-21";324;"324";"324"
"492";-4.603862;48.615486;"Laminaria ochroleuca Bachelot de la Pylaie, 1824";"2021";"6";"19";"http://creativecommons.org/licenses/by/4.0/legalcode";". Accessed from R via rgbif (https://github.com/ropensci/rgbif) on 2026-04-21";324;"324";"324"
"493";-5.074954;50.07245;"Laminaria ochroleuca Bachelot de la Pylaie, 1824";"2021";"6";"17";"http://creativecommons.org/licenses/by/4.0/legalcode";". Accessed from R via rgbif (https://github.com/ropensci/rgbif) on 2026-04-21";324;"324";"324"
"494";-5.080883;50.08337;"Laminaria ochroleuca Bachelot de la Pylaie, 1824";"2021";"6";"17";"http://creativecommons.org/licenses/by/4.0/legalcode";". Accessed from R via rgbif (https://github.com/ropensci/rgbif) on 2026-04-21";324;"324";"324"
"495";-5.047413;50.05556;"Laminaria ochroleuca Bachelot de la Pylaie, 1824";"2021";"6";"18";"http://creativecommons.org/licenses/by/4.0/legalcode";". Accessed from R via rgbif (https://github.com/ropensci/rgbif) on 2026-04-21";324;"324";"324"
"496";-5.071593;50.07248;"Laminaria ochroleuca Bachelot de la Pylaie, 1824";"2021";"6";"17";"http://creativecommons.org/licenses/by/4.0/legalcode";". Accessed from R via rgbif (https://github.com/ropensci/rgbif) on 2026-04-21";324;"324";"324"
"497";-5.080006;50.0843;"Laminaria ochroleuca Bachelot de la Pylaie, 1824";"2021";"6";"17";"http://creativecommons.org/licenses/by/4.0/legalcode";". Accessed from R via rgbif (https://github.com/ropensci/rgbif) on 2026-04-21";324;"324";"324"
"498";-5.080162;50.08489;"Laminaria ochroleuca Bachelot de la Pylaie, 1824";"2021";"6";"17";"http://creativecommons.org/licenses/by/4.0/legalcode";". Accessed from R via rgbif (https://github.com/ropensci/rgbif) on 2026-04-21";324;"324";"324"
"499";-4.124375;50.34519;"Laminaria ochroleuca Bachelot de la Pylaie, 1824";"2021";"7";"2";"http://creativecommons.org/licenses/by/4.0/legalcode";". Accessed from R via rgbif (https://github.com/ropensci/rgbif) on 2026-04-21";324;"324";"324"
"500";-2.30554;46.9921;"Laminaria ochroleuca Bachelot de la Pylaie, 1824";"2021";"8";"25";"http://creativecommons.org/licenses/by/4.0/legalcode";". Accessed from R via rgbif (https://github.com/ropensci/rgbif) on 2026-04-21";324;"324";"324"
"501";-1.958683;49.29196;"Laminaria ochroleuca Bachelot de la Pylaie, 1824";"2021";"8";"4";"http://creativecommons.org/licenses/by/4.0/legalcode";". Accessed from R via rgbif (https://github.com/ropensci/rgbif) on 2026-04-21";324;"324";"324"
"502";-2.018188;48.89362;"Laminaria ochroleuca Bachelot de la Pylaie, 1824";"2021";"8";"2";"http://creativecommons.org/licenses/by/4.0/legalcode";". Accessed from R via rgbif (https://github.com/ropensci/rgbif) on 2026-04-21";324;"324";"324"
"503";-2.01831;48.89322;"Laminaria ochroleuca Bachelot de la Pylaie, 1824";"2021";"9";"15";"http://creativecommons.org/licenses/by/4.0/legalcode";". Accessed from R via rgbif (https://github.com/ropensci/rgbif) on 2026-04-21";324;"324";"324"
"504";-5.017673;50.14573;"Laminaria ochroleuca Bachelot de la Pylaie, 1824";"2021";"9";"16";"http://creativecommons.org/licenses/by/4.0/legalcode";". Accessed from R via rgbif (https://github.com/ropensci/rgbif) on 2026-04-21";324;"324";"324"
"505";-5.018445;50.14753;"Laminaria ochroleuca Bachelot de la Pylaie, 1824";"2021";"9";"16";"http://creativecommons.org/licenses/by/4.0/legalcode";". Accessed from R via rgbif (https://github.com/ropensci/rgbif) on 2026-04-21";324;"324";"324"
"506";-8.823602;41.642489;"Laminaria ochroleuca Bachelot de la Pylaie, 1824";"2020";"6";"11";"http://creativecommons.org/licenses/by-nc/4.0/legalcode";". Accessed from R via rgbif (https://github.com/ropensci/rgbif) on 2026-04-21";324;"324";"324"
"507";-9.123447;38.431317;"Laminaria ochroleuca Bachelot de la Pylaie, 1824";"2020";"7";"2";"http://creativecommons.org/licenses/by-nc/4.0/legalcode";". Accessed from R via rgbif (https://github.com/ropensci/rgbif) on 2026-04-21";324;"324";"324"
"508";-4.807702;48.490231;"Laminaria ochroleuca Bachelot de la Pylaie, 1824";"2020";"7";"12";"http://creativecommons.org/licenses/by/4.0/legalcode";". Accessed from R via rgbif (https://github.com/ropensci/rgbif) on 2026-04-21";324;"324";"324"
"509";-5.06445;50.06513;"Laminaria ochroleuca Bachelot de la Pylaie, 1824";"2020";"7";"16";"http://creativecommons.org/licenses/by/4.0/legalcode";". Accessed from R via rgbif (https://github.com/ropensci/rgbif) on 2026-04-21";324;"324";"324"
"510";-2.133714;49.16971;"Laminaria ochroleuca Bachelot de la Pylaie, 1824";"2020";"8";"6";"http://creativecommons.org/licenses/by/4.0/legalcode";". Accessed from R via rgbif (https://github.com/ropensci/rgbif) on 2026-04-21";324;"324";"324"
"511";-1.911649;49.28256;"Laminaria ochroleuca Bachelot de la Pylaie, 1824";"2020";"8";"10";"http://creativecommons.org/licenses/by/4.0/legalcode";". Accessed from R via rgbif (https://github.com/ropensci/rgbif) on 2026-04-21";324;"324";"324"
"512";-3.8595;50.24575;"Laminaria ochroleuca Bachelot de la Pylaie, 1824";"2020";"8";"9";"http://creativecommons.org/licenses/by/4.0/legalcode";". Accessed from R via rgbif (https://github.com/ropensci/rgbif) on 2026-04-21";324;"324";"324"
"513";-9.205328;38.408669;"Laminaria ochroleuca Bachelot de la Pylaie, 1824";"2020";"9";"8";"http://creativecommons.org/licenses/by-nc/4.0/legalcode";". Accessed from R via rgbif (https://github.com/ropensci/rgbif) on 2026-04-21";324;"324";"324"
"514";-2.293468;49.23679;"Laminaria ochroleuca Bachelot de la Pylaie, 1824";"2020";"9";"9";"http://creativecommons.org/licenses/by/4.0/legalcode";". Accessed from R via rgbif (https://github.com/ropensci/rgbif) on 2026-04-21";324;"324";"324"
"515";-2.293468;49.23679;"Laminaria ochroleuca Bachelot de la Pylaie, 1824";"2020";"9";"10";"http://creativecommons.org/licenses/by/4.0/legalcode";". Accessed from R via rgbif (https://github.com/ropensci/rgbif) on 2026-04-21";324;"324";"324"
"516";-4.9006;50.19958;"Laminaria ochroleuca Bachelot de la Pylaie, 1824";"2020";"9";"27";"http://creativecommons.org/licenses/by/4.0/legalcode";". Accessed from R via rgbif (https://github.com/ropensci/rgbif) on 2026-04-21";324;"324";"324"
"517";-4.983606;50.14207;"Laminaria ochroleuca Bachelot de la Pylaie, 1824";"2020";"9";"27";"http://creativecommons.org/licenses/by/4.0/legalcode";". Accessed from R via rgbif (https://github.com/ropensci/rgbif) on 2026-04-21";324;"324";"324"
"518";-8.877663;41.744133;"Laminaria ochroleuca Bachelot de la Pylaie, 1824";"2020";"10";"20";"http://creativecommons.org/licenses/by-nc/4.0/legalcode";". Accessed from R via rgbif (https://github.com/ropensci/rgbif) on 2026-04-21";324;"324";"324"
"519";-8.72433;41.23528;"Laminaria ochroleuca Bachelot de la Pylaie, 1824";"2020";"10";"17";"http://creativecommons.org/licenses/by/4.0/legalcode";". Accessed from R via rgbif (https://github.com/ropensci/rgbif) on 2026-04-21";324;"324";"324"
"520";-8.87491;41.83815;"Laminaria ochroleuca Bachelot de la Pylaie, 1824";"2020";"10";"19";"http://creativecommons.org/licenses/by/4.0/legalcode";". Accessed from R via rgbif (https://github.com/ropensci/rgbif) on 2026-04-21";324;"324";"324"
"521";-8.71577;41.22115;"Laminaria ochroleuca Bachelot de la Pylaie, 1824";"2020";"10";"17";"http://creativecommons.org/licenses/by/4.0/legalcode";". Accessed from R via rgbif (https://github.com/ropensci/rgbif) on 2026-04-21";324;"324";"324"
"522";-8.70742;41.19231;"Laminaria ochroleuca Bachelot de la Pylaie, 1824";"2020";"10";"16";"http://creativecommons.org/licenses/by/4.0/legalcode";". Accessed from R via rgbif (https://github.com/ropensci/rgbif) on 2026-04-21";324;"324";"324"
"523";-8.71553;41.20458;"Laminaria ochroleuca Bachelot de la Pylaie, 1824";"2020";"10";"16";"http://creativecommons.org/licenses/by/4.0/legalcode";". Accessed from R via rgbif (https://github.com/ropensci/rgbif) on 2026-04-21";324;"324";"324"
"524";-8.85472;41.69983;"Laminaria ochroleuca Bachelot de la Pylaie, 1824";"2020";"11";"16";"http://creativecommons.org/licenses/by/4.0/legalcode";". Accessed from R via rgbif (https://github.com/ropensci/rgbif) on 2026-04-21";324;"324";"324"
"525";-8.72795;41.24163;"Laminaria ochroleuca Bachelot de la Pylaie, 1824";"2020";"11";"14";"http://creativecommons.org/licenses/by/4.0/legalcode";". Accessed from R via rgbif (https://github.com/ropensci/rgbif) on 2026-04-21";324;"324";"324"
"526";-8.72591;41.24931;"Laminaria ochroleuca Bachelot de la Pylaie, 1824";"2020";"11";"15";"http://creativecommons.org/licenses/by/4.0/legalcode";". Accessed from R via rgbif (https://github.com/ropensci/rgbif) on 2026-04-21";324;"324";"324"
"527";-8.85507;41.69959;"Laminaria ochroleuca Bachelot de la Pylaie, 1824";"2020";"11";"16";"http://creativecommons.org/licenses/by/4.0/legalcode";". Accessed from R via rgbif (https://github.com/ropensci/rgbif) on 2026-04-21";324;"324";"324"
"528";-1.80397;48.86395;"Laminaria ochroleuca Bachelot de la Pylaie, 1824";"2020";"11";"8";"http://creativecommons.org/licenses/by/4.0/legalcode";". Accessed from R via rgbif (https://github.com/ropensci/rgbif) on 2026-04-21";324;"324";"324"
"529";-8.80893;41.61095;"Laminaria ochroleuca Bachelot de la Pylaie, 1824";"2020";"12";"16";"http://creativecommons.org/licenses/by/4.0/legalcode";". Accessed from R via rgbif (https://github.com/ropensci/rgbif) on 2026-04-21";324;"324";"324"
"530";-3.056564;48.838978;"Laminaria ochroleuca Bachelot de la Pylaie, 1824";"2019";"5";"30";"http://creativecommons.org/licenses/by/4.0/legalcode";". Accessed from R via rgbif (https://github.com/ropensci/rgbif) on 2026-04-21";324;"324";"324"
"531";-2.520028;49.47366;"Laminaria ochroleuca Bachelot de la Pylaie, 1824";"2019";"5";"23";"http://creativecommons.org/licenses/by/4.0/legalcode";". Accessed from R via rgbif (https://github.com/ropensci/rgbif) on 2026-04-21";324;"324";"324"
"532";-4.559203;50.30109;"Laminaria ochroleuca Bachelot de la Pylaie, 1824";"2019";"5";"12";"http://creativecommons.org/licenses/by/4.0/legalcode";". Accessed from R via rgbif (https://github.com/ropensci/rgbif) on 2026-04-21";324;"324";"324"
"533";-4.133838;50.33772;"Laminaria ochroleuca Bachelot de la Pylaie, 1824";"2019";"5";"2";"http://creativecommons.org/licenses/by/4.0/legalcode";". Accessed from R via rgbif (https://github.com/ropensci/rgbif) on 2026-04-21";324;"324";"324"
"534";-4.717133;48.066078;"Laminaria ochroleuca Bachelot de la Pylaie, 1824";"2019";"6";"30";"http://creativecommons.org/licenses/by/4.0/legalcode";". Accessed from R via rgbif (https://github.com/ropensci/rgbif) on 2026-04-21";324;"324";"324"
"535";-2.416449;49.46934;"Laminaria ochroleuca Bachelot de la Pylaie, 1824";"2019";"6";"24";"http://creativecommons.org/licenses/by/4.0/legalcode";". Accessed from R via rgbif (https://github.com/ropensci/rgbif) on 2026-04-21";324;"324";"324"
"536";-2.545708;49.42115;"Laminaria ochroleuca Bachelot de la Pylaie, 1824";"2019";"6";"26";"http://creativecommons.org/licenses/by/4.0/legalcode";". Accessed from R via rgbif (https://github.com/ropensci/rgbif) on 2026-04-21";324;"324";"324"
"537";-2.482667;49.44007;"Laminaria ochroleuca Bachelot de la Pylaie, 1824";"2019";"6";"26";"http://creativecommons.org/licenses/by/4.0/legalcode";". Accessed from R via rgbif (https://github.com/ropensci/rgbif) on 2026-04-21";324;"324";"324"
"538";-2.415152;49.46937;"Laminaria ochroleuca Bachelot de la Pylaie, 1824";"2019";"6";"24";"http://creativecommons.org/licenses/by/4.0/legalcode";". Accessed from R via rgbif (https://github.com/ropensci/rgbif) on 2026-04-21";324;"324";"324"
"539";-2.281975;49.73786;"Laminaria ochroleuca Bachelot de la Pylaie, 1824";"2019";"6";"29";"http://creativecommons.org/licenses/by/4.0/legalcode";". Accessed from R via rgbif (https://github.com/ropensci/rgbif) on 2026-04-21";324;"324";"324"
"540";-2.524995;49.43789;"Laminaria ochroleuca Bachelot de la Pylaie, 1824";"2019";"6";"28";"http://creativecommons.org/licenses/by/4.0/legalcode";". Accessed from R via rgbif (https://github.com/ropensci/rgbif) on 2026-04-21";324;"324";"324"
"541";-2.548371;49.4225;"Laminaria ochroleuca Bachelot de la Pylaie, 1824";"2019";"6";"25";"http://creativecommons.org/licenses/by/4.0/legalcode";". Accessed from R via rgbif (https://github.com/ropensci/rgbif) on 2026-04-21";324;"324";"324"
"542";-5.063882;50.06587;"Laminaria ochroleuca Bachelot de la Pylaie, 1824";"2019";"9";"7";"http://creativecommons.org/licenses/by/4.0/legalcode";". Accessed from R via rgbif (https://github.com/ropensci/rgbif) on 2026-04-21";324;"324";"324"
"543";-5.063956;50.06506;"Laminaria ochroleuca Bachelot de la Pylaie, 1824";"2019";"9";"7";"http://creativecommons.org/licenses/by/4.0/legalcode";". Accessed from R via rgbif (https://github.com/ropensci/rgbif) on 2026-04-21";324;"324";"324"
"544";-4.25532;47.79173;"Laminaria ochroleuca Bachelot de la Pylaie, 1824";"2018";"2";"15";"http://creativecommons.org/licenses/by/4.0/legalcode";". Accessed from R via rgbif (https://github.com/ropensci/rgbif) on 2026-04-21";324;"324";"324"
"545";-2.058117;49.26697;"Laminaria ochroleuca Bachelot de la Pylaie, 1824";"2018";"4";"15";"http://creativecommons.org/licenses/by/4.0/legalcode";". Accessed from R via rgbif (https://github.com/ropensci/rgbif) on 2026-04-21";324;"324";"324"
"546";-4.603862;48.615486;"Laminaria ochroleuca Bachelot de la Pylaie, 1824";"2018";"4";"23";"http://creativecommons.org/licenses/by/4.0/legalcode";". Accessed from R via rgbif (https://github.com/ropensci/rgbif) on 2026-04-21";324;"324";"324"
"547";-4.127325;50.33697;"Laminaria ochroleuca Bachelot de la Pylaie, 1824";"2018";"5";"6";"http://creativecommons.org/licenses/by/4.0/legalcode";". Accessed from R via rgbif (https://github.com/ropensci/rgbif) on 2026-04-21";324;"324";"324"
"548";-4.127259;50.33676;"Laminaria ochroleuca Bachelot de la Pylaie, 1824";"2018";"5";"6";"http://creativecommons.org/licenses/by/4.0/legalcode";". Accessed from R via rgbif (https://github.com/ropensci/rgbif) on 2026-04-21";324;"324";"324"
"549";-2.539855;49.41807;"Laminaria ochroleuca Bachelot de la Pylaie, 1824";"2018";"6";"7";"http://creativecommons.org/licenses/by/4.0/legalcode";". Accessed from R via rgbif (https://github.com/ropensci/rgbif) on 2026-04-21";324;"324";"324"
"550";-2.555074;49.42015;"Laminaria ochroleuca Bachelot de la Pylaie, 1824";"2018";"6";"6";"http://creativecommons.org/licenses/by/4.0/legalcode";". Accessed from R via rgbif (https://github.com/ropensci/rgbif) on 2026-04-21";324;"324";"324"
"551";-2.574574;49.41666;"Laminaria ochroleuca Bachelot de la Pylaie, 1824";"2018";"6";"8";"http://creativecommons.org/licenses/by/4.0/legalcode";". Accessed from R via rgbif (https://github.com/ropensci/rgbif) on 2026-04-21";324;"324";"324"
"552";-2.540068;49.41732;"Laminaria ochroleuca Bachelot de la Pylaie, 1824";"2018";"6";"9";"http://creativecommons.org/licenses/by/4.0/legalcode";". Accessed from R via rgbif (https://github.com/ropensci/rgbif) on 2026-04-21";324;"324";"324"
"553";-6.350087;49.88055;"Laminaria ochroleuca Bachelot de la Pylaie, 1824";"2018";"6";"21";"http://creativecommons.org/licenses/by/4.0/legalcode";". Accessed from R via rgbif (https://github.com/ropensci/rgbif) on 2026-04-21";324;"324";"324"
"554";-31.15;39.5;"Laminaria ochroleuca Bachelot de la Pylaie, 1824";"2018";"6";"16";"http://creativecommons.org/publicdomain/zero/1.0/legalcode";". Accessed from R via rgbif (https://github.com/ropensci/rgbif) on 2026-04-21";324;"324";"324"
"555";-31.15;39.7;"Laminaria ochroleuca Bachelot de la Pylaie, 1824";"2018";"6";"11";"http://creativecommons.org/publicdomain/zero/1.0/legalcode";". Accessed from R via rgbif (https://github.com/ropensci/rgbif) on 2026-04-21";324;"324";"324"
"556";-31.15;39.75;"Laminaria ochroleuca Bachelot de la Pylaie, 1824";"2018";"6";"12";"http://creativecommons.org/publicdomain/zero/1.0/legalcode";". Accessed from R via rgbif (https://github.com/ropensci/rgbif) on 2026-04-21";324;"324";"324"
"557";-1.9374;49.272301;"Laminaria ochroleuca Bachelot de la Pylaie, 1824";"2018";"6";"8";"http://creativecommons.org/licenses/by/4.0/legalcode";". Accessed from R via rgbif (https://github.com/ropensci/rgbif) on 2026-04-21";324;"324";"324"
"558";-6.260408;49.9694;"Laminaria ochroleuca Bachelot de la Pylaie, 1824";"2018";"7";"30";"http://creativecommons.org/licenses/by/4.0/legalcode";". Accessed from R via rgbif (https://github.com/ropensci/rgbif) on 2026-04-21";324;"324";"324"
"559";-1.852;48.865002;"Laminaria ochroleuca Bachelot de la Pylaie, 1824";"2018";"7";"2";"http://creativecommons.org/licenses/by/4.0/legalcode";". Accessed from R via rgbif (https://github.com/ropensci/rgbif) on 2026-04-21";324;"324";"324"
"560";-2.181407;49.00503;"Laminaria ochroleuca Bachelot de la Pylaie, 1824";"2018";"8";"4";"http://creativecommons.org/licenses/by/4.0/legalcode";". Accessed from R via rgbif (https://github.com/ropensci/rgbif) on 2026-04-21";324;"324";"324"
"561";-4.901633;50.19852;"Laminaria ochroleuca Bachelot de la Pylaie, 1824";"2018";"8";"12";"http://creativecommons.org/licenses/by/4.0/legalcode";". Accessed from R via rgbif (https://github.com/ropensci/rgbif) on 2026-04-21";324;"324";"324"
"562";-4.907523;50.17258;"Laminaria ochroleuca Bachelot de la Pylaie, 1824";"2018";"8";"5";"http://creativecommons.org/licenses/by/4.0/legalcode";". Accessed from R via rgbif (https://github.com/ropensci/rgbif) on 2026-04-21";324;"324";"324"
"563";-6.252239;49.96806;"Laminaria ochroleuca Bachelot de la Pylaie, 1824";"2018";"8";"1";"http://creativecommons.org/licenses/by/4.0/legalcode";". Accessed from R via rgbif (https://github.com/ropensci/rgbif) on 2026-04-21";324;"324";"324"
"564";-25.1;37.05;"Laminaria ochroleuca Bachelot de la Pylaie, 1824";"2018";"8";"29";"http://creativecommons.org/publicdomain/zero/1.0/legalcode";". Accessed from R via rgbif (https://github.com/ropensci/rgbif) on 2026-04-21";324;"324";"324"
"565";-25.15;37.05;"Laminaria ochroleuca Bachelot de la Pylaie, 1824";"2018";"8";"31";"http://creativecommons.org/publicdomain/zero/1.0/legalcode";". Accessed from R via rgbif (https://github.com/ropensci/rgbif) on 2026-04-21";324;"324";"324"
"566";-25.15;37.05;"Laminaria ochroleuca Bachelot de la Pylaie, 1824";"2018";"8";"30";"http://creativecommons.org/publicdomain/zero/1.0/legalcode";". Accessed from R via rgbif (https://github.com/ropensci/rgbif) on 2026-04-21";324;"324";"324"
"567";-25.1;37.05;"Laminaria ochroleuca Bachelot de la Pylaie, 1824";"2018";"8";"30";"http://creativecommons.org/publicdomain/zero/1.0/legalcode";". Accessed from R via rgbif (https://github.com/ropensci/rgbif) on 2026-04-21";324;"324";"324"
"568";-3.64662;48.87138;"Laminaria ochroleuca Bachelot de la Pylaie, 1824";"2018";"8";"4";"http://creativecommons.org/licenses/by/4.0/legalcode";". Accessed from R via rgbif (https://github.com/ropensci/rgbif) on 2026-04-21";324;"324";"324"
"569";-5.09961;48.43789;"Laminaria ochroleuca Bachelot de la Pylaie, 1824";"2018";"8";"7";"http://creativecommons.org/licenses/by/4.0/legalcode";". Accessed from R via rgbif (https://github.com/ropensci/rgbif) on 2026-04-21";324;"324";"324"
"570";-4.60709;48.24245;"Laminaria ochroleuca Bachelot de la Pylaie, 1824";"2018";"8";"28";"http://creativecommons.org/licenses/by/4.0/legalcode";". Accessed from R via rgbif (https://github.com/ropensci/rgbif) on 2026-04-21";324;"324";"324"
"571";-4.62134;48.25188;"Laminaria ochroleuca Bachelot de la Pylaie, 1824";"2018";"8";"30";"http://creativecommons.org/licenses/by/4.0/legalcode";". Accessed from R via rgbif (https://github.com/ropensci/rgbif) on 2026-04-21";324;"324";"324"
"572";-5.675069;50.03309;"Laminaria ochroleuca Bachelot de la Pylaie, 1824";"2018";"9";"2";"http://creativecommons.org/licenses/by/4.0/legalcode";". Accessed from R via rgbif (https://github.com/ropensci/rgbif) on 2026-04-21";324;"324";"324"
"573";-25.1;37.05;"Laminaria ochroleuca Bachelot de la Pylaie, 1824";"2018";"9";"7";"http://creativecommons.org/publicdomain/zero/1.0/legalcode";". Accessed from R via rgbif (https://github.com/ropensci/rgbif) on 2026-04-21";324;"324";"324"
"574";-8.7787;42.2284;"Laminaria ochroleuca Bachelot de la Pylaie, 1824";"2018";NA;NA;"http://creativecommons.org/licenses/by/4.0/legalcode";". Accessed from R via rgbif (https://github.com/ropensci/rgbif) on 2026-04-21";324;"324";"324"
"575";-3.982053;48.728667;"Laminaria ochroleuca Bachelot de la Pylaie, 1824";"2017";"3";"29";"http://creativecommons.org/licenses/by-nc/4.0/legalcode";". Accessed from R via rgbif (https://github.com/ropensci/rgbif) on 2026-04-21";324;"324";"324"
"576";-5.064957;50.06607;"Laminaria ochroleuca Bachelot de la Pylaie, 1824";"2017";"4";"11";"http://creativecommons.org/licenses/by/4.0/legalcode";". Accessed from R via rgbif (https://github.com/ropensci/rgbif) on 2026-04-21";324;"324";"324"
"577";-4.127076;50.33706;"Laminaria ochroleuca Bachelot de la Pylaie, 1824";"2017";"4";"27";"http://creativecommons.org/licenses/by/4.0/legalcode";". Accessed from R via rgbif (https://github.com/ropensci/rgbif) on 2026-04-21";324;"324";"324"
"578";-3.056564;48.838978;"Laminaria ochroleuca Bachelot de la Pylaie, 1824";"2017";"4";"18";"http://creativecommons.org/licenses/by/4.0/legalcode";". Accessed from R via rgbif (https://github.com/ropensci/rgbif) on 2026-04-21";324;"324";"324"
"579";-4.80771;48.49023;"Laminaria ochroleuca Bachelot de la Pylaie, 1824";"2017";"4";"21";"http://creativecommons.org/licenses/by-nc/4.0/legalcode";". Accessed from R via rgbif (https://github.com/ropensci/rgbif) on 2026-04-21";324;"324";"324"
"580";-5.14172;48.44537;"Laminaria ochroleuca Bachelot de la Pylaie, 1824";"2017";"4";"21";"http://creativecommons.org/licenses/by-nc/4.0/legalcode";". Accessed from R via rgbif (https://github.com/ropensci/rgbif) on 2026-04-21";324;"324";"324"
"581";-3.05655;48.83898;"Laminaria ochroleuca Bachelot de la Pylaie, 1824";"2017";"4";"21";"http://creativecommons.org/licenses/by-nc/4.0/legalcode";". Accessed from R via rgbif (https://github.com/ropensci/rgbif) on 2026-04-21";324;"324";"324"
"582";-3.05655;48.83898;"Laminaria ochroleuca Bachelot de la Pylaie, 1824";"2017";"4";"18";"http://creativecommons.org/licenses/by/4.0/legalcode";". Accessed from R via rgbif (https://github.com/ropensci/rgbif) on 2026-04-21";324;"324";"324"
"583";-2.145749;49.14228;"Laminaria ochroleuca Bachelot de la Pylaie, 1824";"2017";"6";"13";"http://creativecommons.org/licenses/by/4.0/legalcode";". Accessed from R via rgbif (https://github.com/ropensci/rgbif) on 2026-04-21";324;"324";"324"
"584";-6.333088;49.88606;"Laminaria ochroleuca Bachelot de la Pylaie, 1824";"2017";"6";"18";"http://creativecommons.org/licenses/by/4.0/legalcode";". Accessed from R via rgbif (https://github.com/ropensci/rgbif) on 2026-04-21";324;"324";"324"
"585";-6.252412;49.93556;"Laminaria ochroleuca Bachelot de la Pylaie, 1824";"2017";"6";"19";"http://creativecommons.org/licenses/by/4.0/legalcode";". Accessed from R via rgbif (https://github.com/ropensci/rgbif) on 2026-04-21";324;"324";"324"
"586";-6.256834;49.96917;"Laminaria ochroleuca Bachelot de la Pylaie, 1824";"2017";"6";"22";"http://creativecommons.org/licenses/by/4.0/legalcode";". Accessed from R via rgbif (https://github.com/ropensci/rgbif) on 2026-04-21";324;"324";"324"
"587";-6.305658;49.96481;"Laminaria ochroleuca Bachelot de la Pylaie, 1824";"2017";"6";"23";"http://creativecommons.org/licenses/by/4.0/legalcode";". Accessed from R via rgbif (https://github.com/ropensci/rgbif) on 2026-04-21";324;"324";"324"
"588";-6.311407;49.9794;"Laminaria ochroleuca Bachelot de la Pylaie, 1824";"2017";"6";"21";"http://creativecommons.org/licenses/by/4.0/legalcode";". Accessed from R via rgbif (https://github.com/ropensci/rgbif) on 2026-04-21";324;"324";"324"
"589";-28;39.1;"Laminaria ochroleuca Bachelot de la Pylaie, 1824";"2017";"6";"22";"http://creativecommons.org/publicdomain/zero/1.0/legalcode";". Accessed from R via rgbif (https://github.com/ropensci/rgbif) on 2026-04-21";324;"324";"324"
"590";-28;39.1;"Laminaria ochroleuca Bachelot de la Pylaie, 1824";"2017";"6";"29";"http://creativecommons.org/publicdomain/zero/1.0/legalcode";". Accessed from R via rgbif (https://github.com/ropensci/rgbif) on 2026-04-21";324;"324";"324"
"591";-28;39.1;"Laminaria ochroleuca Bachelot de la Pylaie, 1824";"2017";"6";"23";"http://creativecommons.org/publicdomain/zero/1.0/legalcode";". Accessed from R via rgbif (https://github.com/ropensci/rgbif) on 2026-04-21";324;"324";"324"
"592";-28;39.1;"Laminaria ochroleuca Bachelot de la Pylaie, 1824";"2017";"6";"27";"http://creativecommons.org/publicdomain/zero/1.0/legalcode";". Accessed from R via rgbif (https://github.com/ropensci/rgbif) on 2026-04-21";324;"324";"324"
"593";-28;39.1;"Laminaria ochroleuca Bachelot de la Pylaie, 1824";"2017";"6";"28";"http://creativecommons.org/publicdomain/zero/1.0/legalcode";". Accessed from R via rgbif (https://github.com/ropensci/rgbif) on 2026-04-21";324;"324";"324"
"594";-28;39.1;"Laminaria ochroleuca Bachelot de la Pylaie, 1824";"2017";"6";"17";"http://creativecommons.org/publicdomain/zero/1.0/legalcode";". Accessed from R via rgbif (https://github.com/ropensci/rgbif) on 2026-04-21";324;"324";"324"
"595";-2.137764;49.15566;"Laminaria ochroleuca Bachelot de la Pylaie, 1824";"2017";"7";"3";"http://creativecommons.org/licenses/by/4.0/legalcode";". Accessed from R via rgbif (https://github.com/ropensci/rgbif) on 2026-04-21";324;"324";"324"
"596";-5.053807;50.05348;"Laminaria ochroleuca Bachelot de la Pylaie, 1824";"2017";"7";"8";"http://creativecommons.org/licenses/by/4.0/legalcode";". Accessed from R via rgbif (https://github.com/ropensci/rgbif) on 2026-04-21";324;"324";"324"
"597";-5.027836;50.13263;"Laminaria ochroleuca Bachelot de la Pylaie, 1824";"2017";"7";"5";"http://creativecommons.org/licenses/by/4.0/legalcode";". Accessed from R via rgbif (https://github.com/ropensci/rgbif) on 2026-04-21";324;"324";"324"
"598";-4.943269;50.13949;"Laminaria ochroleuca Bachelot de la Pylaie, 1824";"2017";"7";"7";"http://creativecommons.org/licenses/by/4.0/legalcode";". Accessed from R via rgbif (https://github.com/ropensci/rgbif) on 2026-04-21";324;"324";"324"
"599";-9.222758;38.419777;"Laminaria ochroleuca Bachelot de la Pylaie, 1824";"2017";"7";"19";"http://creativecommons.org/licenses/by-nc/4.0/legalcode";". Accessed from R via rgbif (https://github.com/ropensci/rgbif) on 2026-04-21";324;"324";"324"
"600";-9.222554;38.419696;"Laminaria ochroleuca Bachelot de la Pylaie, 1824";"2017";"7";"19";"http://creativecommons.org/licenses/by-nc/4.0/legalcode";". Accessed from R via rgbif (https://github.com/ropensci/rgbif) on 2026-04-21";324;"324";"324"
"601";-9.224705;38.417133;"Laminaria ochroleuca Bachelot de la Pylaie, 1824";"2017";"7";"19";"http://creativecommons.org/licenses/by-nc/4.0/legalcode";". Accessed from R via rgbif (https://github.com/ropensci/rgbif) on 2026-04-21";324;"324";"324"
"602";-9.223987;38.416896;"Laminaria ochroleuca Bachelot de la Pylaie, 1824";"2017";"7";"19";"http://creativecommons.org/licenses/by-nc/4.0/legalcode";". Accessed from R via rgbif (https://github.com/ropensci/rgbif) on 2026-04-21";324;"324";"324"
"603";-9.223332;38.41668;"Laminaria ochroleuca Bachelot de la Pylaie, 1824";"2017";"7";"19";"http://creativecommons.org/licenses/by-nc/4.0/legalcode";". Accessed from R via rgbif (https://github.com/ropensci/rgbif) on 2026-04-21";324;"324";"324"
"604";-9.223226;38.416645;"Laminaria ochroleuca Bachelot de la Pylaie, 1824";"2017";"7";"19";"http://creativecommons.org/licenses/by-nc/4.0/legalcode";". Accessed from R via rgbif (https://github.com/ropensci/rgbif) on 2026-04-21";324;"324";"324"
"605";-9.225468;38.415495;"Laminaria ochroleuca Bachelot de la Pylaie, 1824";"2017";"7";"19";"http://creativecommons.org/licenses/by-nc/4.0/legalcode";". Accessed from R via rgbif (https://github.com/ropensci/rgbif) on 2026-04-21";324;"324";"324"
"606";-9.225309;38.415423;"Laminaria ochroleuca Bachelot de la Pylaie, 1824";"2017";"7";"19";"http://creativecommons.org/licenses/by-nc/4.0/legalcode";". Accessed from R via rgbif (https://github.com/ropensci/rgbif) on 2026-04-21";324;"324";"324"
"607";-9.22519;38.415369;"Laminaria ochroleuca Bachelot de la Pylaie, 1824";"2017";"7";"18";"http://creativecommons.org/licenses/by-nc/4.0/legalcode";". Accessed from R via rgbif (https://github.com/ropensci/rgbif) on 2026-04-21";324;"324";"324"
"608";-9.22509;38.415325;"Laminaria ochroleuca Bachelot de la Pylaie, 1824";"2017";"7";"18";"http://creativecommons.org/licenses/by-nc/4.0/legalcode";". Accessed from R via rgbif (https://github.com/ropensci/rgbif) on 2026-04-21";324;"324";"324"
"609";-9.223313;38.418761;"Laminaria ochroleuca Bachelot de la Pylaie, 1824";"2017";"7";"19";"http://creativecommons.org/licenses/by-nc/4.0/legalcode";". Accessed from R via rgbif (https://github.com/ropensci/rgbif) on 2026-04-21";324;"324";"324"
"610";-9.225022;38.417238;"Laminaria ochroleuca Bachelot de la Pylaie, 1824";"2017";"7";"19";"http://creativecommons.org/licenses/by-nc/4.0/legalcode";". Accessed from R via rgbif (https://github.com/ropensci/rgbif) on 2026-04-21";324;"324";"324"
"611";-9.222247;38.419575;"Laminaria ochroleuca Bachelot de la Pylaie, 1824";"2017";"7";"19";"http://creativecommons.org/licenses/by-nc/4.0/legalcode";". Accessed from R via rgbif (https://github.com/ropensci/rgbif) on 2026-04-21";324;"324";"324"
"612";-9.224593;38.415101;"Laminaria ochroleuca Bachelot de la Pylaie, 1824";"2017";"7";"18";"http://creativecommons.org/licenses/by-nc/4.0/legalcode";". Accessed from R via rgbif (https://github.com/ropensci/rgbif) on 2026-04-21";324;"324";"324"
"613";-9.225011;38.415289;"Laminaria ochroleuca Bachelot de la Pylaie, 1824";"2017";"7";"18";"http://creativecommons.org/licenses/by-nc/4.0/legalcode";". Accessed from R via rgbif (https://github.com/ropensci/rgbif) on 2026-04-21";324;"324";"324"
"614";-9.224792;38.415191;"Laminaria ochroleuca Bachelot de la Pylaie, 1824";"2017";"7";"18";"http://creativecommons.org/licenses/by-nc/4.0/legalcode";". Accessed from R via rgbif (https://github.com/ropensci/rgbif) on 2026-04-21";324;"324";"324"
"615";-9.224703;38.41515;"Laminaria ochroleuca Bachelot de la Pylaie, 1824";"2017";"7";"18";"http://creativecommons.org/licenses/by-nc/4.0/legalcode";". Accessed from R via rgbif (https://github.com/ropensci/rgbif) on 2026-04-21";324;"324";"324"
"616";-4.807702;48.490231;"Laminaria ochroleuca Bachelot de la Pylaie, 1824";"2017";"7";"4";"http://creativecommons.org/licenses/by/4.0/legalcode";". Accessed from R via rgbif (https://github.com/ropensci/rgbif) on 2026-04-21";324;"324";"324"
"617";-5.141721;48.445366;"Laminaria ochroleuca Bachelot de la Pylaie, 1824";"2017";"7";"3";"http://creativecommons.org/licenses/by/4.0/legalcode";". Accessed from R via rgbif (https://github.com/ropensci/rgbif) on 2026-04-21";324;"324";"324"
"618";-4.80771;48.49023;"Laminaria ochroleuca Bachelot de la Pylaie, 1824";"2017";"7";"4";"http://creativecommons.org/licenses/by/4.0/legalcode";". Accessed from R via rgbif (https://github.com/ropensci/rgbif) on 2026-04-21";324;"324";"324"
"619";-5.14172;48.44537;"Laminaria ochroleuca Bachelot de la Pylaie, 1824";"2017";"7";"3";"http://creativecommons.org/licenses/by/4.0/legalcode";". Accessed from R via rgbif (https://github.com/ropensci/rgbif) on 2026-04-21";324;"324";"324"
"620";-1.948808;49.01945;"Laminaria ochroleuca Bachelot de la Pylaie, 1824";"2017";"8";"13";"http://creativecommons.org/licenses/by/4.0/legalcode";". Accessed from R via rgbif (https://github.com/ropensci/rgbif) on 2026-04-21";324;"324";"324"
"621";-4.900571;50.19794;"Laminaria ochroleuca Bachelot de la Pylaie, 1824";"2017";"8";"27";"http://creativecommons.org/licenses/by/4.0/legalcode";". Accessed from R via rgbif (https://github.com/ropensci/rgbif) on 2026-04-21";324;"324";"324"
"622";-4.40106;47.80644;"Laminaria ochroleuca Bachelot de la Pylaie, 1824";"2017";"8";"30";"http://creativecommons.org/licenses/by/4.0/legalcode";". Accessed from R via rgbif (https://github.com/ropensci/rgbif) on 2026-04-21";324;"324";"324"
"623";-4.141337;50.32977;"Laminaria ochroleuca Bachelot de la Pylaie, 1824";"2017";"11";"26";"http://creativecommons.org/licenses/by/4.0/legalcode";". Accessed from R via rgbif (https://github.com/ropensci/rgbif) on 2026-04-21";324;"324";"324"
"624";-4.763467;50.24538;"Laminaria ochroleuca Bachelot de la Pylaie, 1824";"2017";"11";"3";"http://creativecommons.org/licenses/by/4.0/legalcode";". Accessed from R via rgbif (https://github.com/ropensci/rgbif) on 2026-04-21";324;"324";"324"
"625";-9.22399;38.41689;"Laminaria ochroleuca Bachelot de la Pylaie, 1824";"2017";NA;NA;"http://creativecommons.org/licenses/by-nc/4.0/legalcode";". Accessed from R via rgbif (https://github.com/ropensci/rgbif) on 2026-04-21";324;"324";"324"
"626";-9.22471;38.41713;"Laminaria ochroleuca Bachelot de la Pylaie, 1824";"2017";NA;NA;"http://creativecommons.org/licenses/by-nc/4.0/legalcode";". Accessed from R via rgbif (https://github.com/ropensci/rgbif) on 2026-04-21";324;"324";"324"
"627";-9.22502;38.41724;"Laminaria ochroleuca Bachelot de la Pylaie, 1824";"2017";NA;NA;"http://creativecommons.org/licenses/by-nc/4.0/legalcode";". Accessed from R via rgbif (https://github.com/ropensci/rgbif) on 2026-04-21";324;"324";"324"
"628";-9.22332;38.41875;"Laminaria ochroleuca Bachelot de la Pylaie, 1824";"2017";NA;NA;"http://creativecommons.org/licenses/by-nc/4.0/legalcode";". Accessed from R via rgbif (https://github.com/ropensci/rgbif) on 2026-04-21";324;"324";"324"
"629";-9.22225;38.41957;"Laminaria ochroleuca Bachelot de la Pylaie, 1824";"2017";NA;NA;"http://creativecommons.org/licenses/by-nc/4.0/legalcode";". Accessed from R via rgbif (https://github.com/ropensci/rgbif) on 2026-04-21";324;"324";"324"
"630";-9.22256;38.41969;"Laminaria ochroleuca Bachelot de la Pylaie, 1824";"2017";NA;NA;"http://creativecommons.org/licenses/by-nc/4.0/legalcode";". Accessed from R via rgbif (https://github.com/ropensci/rgbif) on 2026-04-21";324;"324";"324"
"631";-9.22276;38.41977;"Laminaria ochroleuca Bachelot de la Pylaie, 1824";"2017";NA;NA;"http://creativecommons.org/licenses/by-nc/4.0/legalcode";". Accessed from R via rgbif (https://github.com/ropensci/rgbif) on 2026-04-21";324;"324";"324"
"632";-9.22459;38.41509;"Laminaria ochroleuca Bachelot de la Pylaie, 1824";"2017";NA;NA;"http://creativecommons.org/licenses/by-nc/4.0/legalcode";". Accessed from R via rgbif (https://github.com/ropensci/rgbif) on 2026-04-21";324;"324";"324"
"633";-9.22471;38.41515;"Laminaria ochroleuca Bachelot de la Pylaie, 1824";"2017";NA;NA;"http://creativecommons.org/licenses/by-nc/4.0/legalcode";". Accessed from R via rgbif (https://github.com/ropensci/rgbif) on 2026-04-21";324;"324";"324"
"634";-9.2248;38.41518;"Laminaria ochroleuca Bachelot de la Pylaie, 1824";"2017";NA;NA;"http://creativecommons.org/licenses/by-nc/4.0/legalcode";". Accessed from R via rgbif (https://github.com/ropensci/rgbif) on 2026-04-21";324;"324";"324"
"635";-9.22502;38.41528;"Laminaria ochroleuca Bachelot de la Pylaie, 1824";"2017";NA;NA;"http://creativecommons.org/licenses/by-nc/4.0/legalcode";". Accessed from R via rgbif (https://github.com/ropensci/rgbif) on 2026-04-21";324;"324";"324"
"636";-9.2251;38.41532;"Laminaria ochroleuca Bachelot de la Pylaie, 1824";"2017";NA;NA;"http://creativecommons.org/licenses/by-nc/4.0/legalcode";". Accessed from R via rgbif (https://github.com/ropensci/rgbif) on 2026-04-21";324;"324";"324"
"637";-9.22519;38.41536;"Laminaria ochroleuca Bachelot de la Pylaie, 1824";"2017";NA;NA;"http://creativecommons.org/licenses/by-nc/4.0/legalcode";". Accessed from R via rgbif (https://github.com/ropensci/rgbif) on 2026-04-21";324;"324";"324"
"638";-9.22532;38.41542;"Laminaria ochroleuca Bachelot de la Pylaie, 1824";"2017";NA;NA;"http://creativecommons.org/licenses/by-nc/4.0/legalcode";". Accessed from R via rgbif (https://github.com/ropensci/rgbif) on 2026-04-21";324;"324";"324"
"639";-9.22548;38.41549;"Laminaria ochroleuca Bachelot de la Pylaie, 1824";"2017";NA;NA;"http://creativecommons.org/licenses/by-nc/4.0/legalcode";". Accessed from R via rgbif (https://github.com/ropensci/rgbif) on 2026-04-21";324;"324";"324"
"640";-9.22323;38.41664;"Laminaria ochroleuca Bachelot de la Pylaie, 1824";"2017";NA;NA;"http://creativecommons.org/licenses/by-nc/4.0/legalcode";". Accessed from R via rgbif (https://github.com/ropensci/rgbif) on 2026-04-21";324;"324";"324"
"641";-9.22334;38.41667;"Laminaria ochroleuca Bachelot de la Pylaie, 1824";"2017";NA;NA;"http://creativecommons.org/licenses/by-nc/4.0/legalcode";". Accessed from R via rgbif (https://github.com/ropensci/rgbif) on 2026-04-21";324;"324";"324"
"642";-3.98035;50.22392;"Laminaria ochroleuca Bachelot de la Pylaie, 1824";"2016";"3";"13";"http://creativecommons.org/licenses/by/4.0/legalcode";". Accessed from R via rgbif (https://github.com/ropensci/rgbif) on 2026-04-21";324;"324";"324"
"643";-2.239725;49.73768;"Laminaria ochroleuca Bachelot de la Pylaie, 1824";"2016";"5";"16";"http://creativecommons.org/licenses/by/4.0/legalcode";". Accessed from R via rgbif (https://github.com/ropensci/rgbif) on 2026-04-21";324;"324";"324"
"644";-2.373921;49.72274;"Laminaria ochroleuca Bachelot de la Pylaie, 1824";"2016";"5";"15";"http://creativecommons.org/licenses/by/4.0/legalcode";". Accessed from R via rgbif (https://github.com/ropensci/rgbif) on 2026-04-21";324;"324";"324"
"645";-2.482723;49.44016;"Laminaria ochroleuca Bachelot de la Pylaie, 1824";"2016";"5";"19";"http://creativecommons.org/licenses/by/4.0/legalcode";". Accessed from R via rgbif (https://github.com/ropensci/rgbif) on 2026-04-21";324;"324";"324"
"646";-2.228103;49.68934;"Laminaria ochroleuca Bachelot de la Pylaie, 1824";"2016";"5";"15";"http://creativecommons.org/licenses/by/4.0/legalcode";". Accessed from R via rgbif (https://github.com/ropensci/rgbif) on 2026-04-21";324;"324";"324"
"647";-2.357055;49.40115;"Laminaria ochroleuca Bachelot de la Pylaie, 1824";"2016";"5";"19";"http://creativecommons.org/licenses/by/4.0/legalcode";". Accessed from R via rgbif (https://github.com/ropensci/rgbif) on 2026-04-21";324;"324";"324"
"648";-4.110898;50.30659;"Laminaria ochroleuca Bachelot de la Pylaie, 1824";"2016";"5";"8";"http://creativecommons.org/licenses/by/4.0/legalcode";". Accessed from R via rgbif (https://github.com/ropensci/rgbif) on 2026-04-21";324;"324";"324"
"649";-2.984963;48.866379;"Laminaria ochroleuca Bachelot de la Pylaie, 1824";"2016";"5";"29";"http://creativecommons.org/licenses/by/4.0/legalcode";". Accessed from R via rgbif (https://github.com/ropensci/rgbif) on 2026-04-21";324;"324";"324"
"650";-2.98495;48.86638;"Laminaria ochroleuca Bachelot de la Pylaie, 1824";"2016";"5";"29";"http://creativecommons.org/licenses/by/4.0/legalcode";". Accessed from R via rgbif (https://github.com/ropensci/rgbif) on 2026-04-21";324;"324";"324"
"651";-4.110943;50.3054;"Laminaria ochroleuca Bachelot de la Pylaie, 1824";"2016";"6";"5";"http://creativecommons.org/licenses/by/4.0/legalcode";". Accessed from R via rgbif (https://github.com/ropensci/rgbif) on 2026-04-21";324;"324";"324"
"652";-4.06064;50.29162;"Laminaria ochroleuca Bachelot de la Pylaie, 1824";"2016";"6";"5";"http://creativecommons.org/licenses/by/4.0/legalcode";". Accessed from R via rgbif (https://github.com/ropensci/rgbif) on 2026-04-21";324;"324";"324"
"653";-25.1;37.05;"Laminaria ochroleuca Bachelot de la Pylaie, 1824";"2016";"6";"11";"http://creativecommons.org/publicdomain/zero/1.0/legalcode";". Accessed from R via rgbif (https://github.com/ropensci/rgbif) on 2026-04-21";324;"324";"324"
"654";-31.15;39.75;"Laminaria ochroleuca Bachelot de la Pylaie, 1824";"2016";"8";"23";"http://creativecommons.org/publicdomain/zero/1.0/legalcode";". Accessed from R via rgbif (https://github.com/ropensci/rgbif) on 2026-04-21";324;"324";"324"
"655";-4.66262;48.06971;"Laminaria ochroleuca Bachelot de la Pylaie, 1824";"2016";"8";"5";"http://creativecommons.org/licenses/by/4.0/legalcode";". Accessed from R via rgbif (https://github.com/ropensci/rgbif) on 2026-04-21";324;"324";"324"
"656";-6.32315;49.886217;"Laminaria ochroleuca Bachelot de la Pylaie, 1824";"2016";"9";"13";"http://creativecommons.org/licenses/by-nc/4.0/legalcode";". Accessed from R via rgbif (https://github.com/ropensci/rgbif) on 2026-04-21";324;"324";"324"
"657";-6.322225;49.88561;"Laminaria ochroleuca Bachelot de la Pylaie, 1824";"2016";"9";"13";"http://creativecommons.org/licenses/by/4.0/legalcode";". Accessed from R via rgbif (https://github.com/ropensci/rgbif) on 2026-04-21";324;"324";"324"
"658";-6.353897;49.88683;"Laminaria ochroleuca Bachelot de la Pylaie, 1824";"2016";"9";"14";"http://creativecommons.org/licenses/by/4.0/legalcode";". Accessed from R via rgbif (https://github.com/ropensci/rgbif) on 2026-04-21";324;"324";"324"
"659";-6.251735;49.96851;"Laminaria ochroleuca Bachelot de la Pylaie, 1824";"2016";"9";"11";"http://creativecommons.org/licenses/by/4.0/legalcode";". Accessed from R via rgbif (https://github.com/ropensci/rgbif) on 2026-04-21";324;"324";"324"
"660";-6.335618;49.88181;"Laminaria ochroleuca Bachelot de la Pylaie, 1824";"2016";"9";"13";"http://creativecommons.org/licenses/by/4.0/legalcode";". Accessed from R via rgbif (https://github.com/ropensci/rgbif) on 2026-04-21";324;"324";"324"
"661";-6.274109;49.92251;"Laminaria ochroleuca Bachelot de la Pylaie, 1824";"2016";"9";"15";"http://creativecommons.org/licenses/by/4.0/legalcode";". Accessed from R via rgbif (https://github.com/ropensci/rgbif) on 2026-04-21";324;"324";"324"
"662";-6.278339;49.91253;"Laminaria ochroleuca Bachelot de la Pylaie, 1824";"2016";"9";"16";"http://creativecommons.org/licenses/by/4.0/legalcode";". Accessed from R via rgbif (https://github.com/ropensci/rgbif) on 2026-04-21";324;"324";"324"
"663";-6.263579;49.96928;"Laminaria ochroleuca Bachelot de la Pylaie, 1824";"2016";"9";"11";"http://creativecommons.org/licenses/by/4.0/legalcode";". Accessed from R via rgbif (https://github.com/ropensci/rgbif) on 2026-04-21";324;"324";"324"
"664";-6.290874;49.90366;"Laminaria ochroleuca Bachelot de la Pylaie, 1824";"2016";"9";"14";"http://creativecommons.org/licenses/by/4.0/legalcode";". Accessed from R via rgbif (https://github.com/ropensci/rgbif) on 2026-04-21";324;"324";"324"
"665";-6.300826;49.90276;"Laminaria ochroleuca Bachelot de la Pylaie, 1824";"2016";"9";"16";"http://creativecommons.org/licenses/by/4.0/legalcode";". Accessed from R via rgbif (https://github.com/ropensci/rgbif) on 2026-04-21";324;"324";"324"
"666";-6.32315;49.886217;"Laminaria ochroleuca Bachelot de la Pylaie, 1824";"2016";"9";"13";"http://creativecommons.org/licenses/by/4.0/legalcode";". Accessed from R via rgbif (https://github.com/ropensci/rgbif) on 2026-04-21";324;"324";"324"
"667";-1.913607;49.27951;"Laminaria ochroleuca Bachelot de la Pylaie, 1824";"2016";"10";"29";"http://creativecommons.org/licenses/by/4.0/legalcode";". Accessed from R via rgbif (https://github.com/ropensci/rgbif) on 2026-04-21";324;"324";"324"
"668";-9.217418;38.436478;"Laminaria ochroleuca Bachelot de la Pylaie, 1824";"2016";"10";"3";"http://creativecommons.org/licenses/by-nc/4.0/legalcode";". Accessed from R via rgbif (https://github.com/ropensci/rgbif) on 2026-04-21";324;"324";"324"
"669";-9.217602;38.436307;"Laminaria ochroleuca Bachelot de la Pylaie, 1824";"2016";"10";"3";"http://creativecommons.org/licenses/by-nc/4.0/legalcode";". Accessed from R via rgbif (https://github.com/ropensci/rgbif) on 2026-04-21";324;"324";"324"
"670";-9.217713;38.436204;"Laminaria ochroleuca Bachelot de la Pylaie, 1824";"2016";"10";"3";"http://creativecommons.org/licenses/by-nc/4.0/legalcode";". Accessed from R via rgbif (https://github.com/ropensci/rgbif) on 2026-04-21";324;"324";"324"
"671";-9.217856;38.436059;"Laminaria ochroleuca Bachelot de la Pylaie, 1824";"2016";"10";"3";"http://creativecommons.org/licenses/by-nc/4.0/legalcode";". Accessed from R via rgbif (https://github.com/ropensci/rgbif) on 2026-04-21";324;"324";"324"
"672";-9.217988;38.43586;"Laminaria ochroleuca Bachelot de la Pylaie, 1824";"2016";"10";"3";"http://creativecommons.org/licenses/by-nc/4.0/legalcode";". Accessed from R via rgbif (https://github.com/ropensci/rgbif) on 2026-04-21";324;"324";"324"
"673";-9.218029;38.435816;"Laminaria ochroleuca Bachelot de la Pylaie, 1824";"2016";"10";"3";"http://creativecommons.org/licenses/by-nc/4.0/legalcode";". Accessed from R via rgbif (https://github.com/ropensci/rgbif) on 2026-04-21";324;"324";"324"
"674";-9.218064;38.435774;"Laminaria ochroleuca Bachelot de la Pylaie, 1824";"2016";"10";"3";"http://creativecommons.org/licenses/by-nc/4.0/legalcode";". Accessed from R via rgbif (https://github.com/ropensci/rgbif) on 2026-04-21";324;"324";"324"
"675";-9.218146;38.435707;"Laminaria ochroleuca Bachelot de la Pylaie, 1824";"2016";"10";"3";"http://creativecommons.org/licenses/by-nc/4.0/legalcode";". Accessed from R via rgbif (https://github.com/ropensci/rgbif) on 2026-04-21";324;"324";"324"
"676";-9.218255;38.435584;"Laminaria ochroleuca Bachelot de la Pylaie, 1824";"2016";"10";"3";"http://creativecommons.org/licenses/by-nc/4.0/legalcode";". Accessed from R via rgbif (https://github.com/ropensci/rgbif) on 2026-04-21";324;"324";"324"
"677";-9.218337;38.43553;"Laminaria ochroleuca Bachelot de la Pylaie, 1824";"2016";"10";"3";"http://creativecommons.org/licenses/by-nc/4.0/legalcode";". Accessed from R via rgbif (https://github.com/ropensci/rgbif) on 2026-04-21";324;"324";"324"
"678";-9.216714;38.436707;"Laminaria ochroleuca Bachelot de la Pylaie, 1824";"2016";"10";"3";"http://creativecommons.org/licenses/by-nc/4.0/legalcode";". Accessed from R via rgbif (https://github.com/ropensci/rgbif) on 2026-04-21";324;"324";"324"
"679";-9.216735;38.436727;"Laminaria ochroleuca Bachelot de la Pylaie, 1824";"2016";"10";"3";"http://creativecommons.org/licenses/by-nc/4.0/legalcode";". Accessed from R via rgbif (https://github.com/ropensci/rgbif) on 2026-04-21";324;"324";"324"
"680";-9.216751;38.436749;"Laminaria ochroleuca Bachelot de la Pylaie, 1824";"2016";"10";"3";"http://creativecommons.org/licenses/by-nc/4.0/legalcode";". Accessed from R via rgbif (https://github.com/ropensci/rgbif) on 2026-04-21";324;"324";"324"
"681";-9.216864;38.436834;"Laminaria ochroleuca Bachelot de la Pylaie, 1824";"2016";"10";"3";"http://creativecommons.org/licenses/by-nc/4.0/legalcode";". Accessed from R via rgbif (https://github.com/ropensci/rgbif) on 2026-04-21";324;"324";"324"
"682";-9.216901;38.436842;"Laminaria ochroleuca Bachelot de la Pylaie, 1824";"2016";"10";"3";"http://creativecommons.org/licenses/by-nc/4.0/legalcode";". Accessed from R via rgbif (https://github.com/ropensci/rgbif) on 2026-04-21";324;"324";"324"
"683";-9.216975;38.436838;"Laminaria ochroleuca Bachelot de la Pylaie, 1824";"2016";"10";"3";"http://creativecommons.org/licenses/by-nc/4.0/legalcode";". Accessed from R via rgbif (https://github.com/ropensci/rgbif) on 2026-04-21";324;"324";"324"
"684";-9.217343;38.436596;"Laminaria ochroleuca Bachelot de la Pylaie, 1824";"2016";"10";"3";"http://creativecommons.org/licenses/by-nc/4.0/legalcode";". Accessed from R via rgbif (https://github.com/ropensci/rgbif) on 2026-04-21";324;"324";"324"
"685";-4.111107;50.30625;"Laminaria ochroleuca Bachelot de la Pylaie, 1824";"2015";"4";"26";"http://creativecommons.org/licenses/by/4.0/legalcode";". Accessed from R via rgbif (https://github.com/ropensci/rgbif) on 2026-04-21";324;"324";"324"
"686";-4.110697;50.30429;"Laminaria ochroleuca Bachelot de la Pylaie, 1824";"2015";"4";"10";"http://creativecommons.org/licenses/by/4.0/legalcode";". Accessed from R via rgbif (https://github.com/ropensci/rgbif) on 2026-04-21";324;"324";"324"
"687";-4.36313;47.8298;"Laminaria ochroleuca Bachelot de la Pylaie, 1824";"2015";"4";"23";"http://creativecommons.org/licenses/by/4.0/legalcode";". Accessed from R via rgbif (https://github.com/ropensci/rgbif) on 2026-04-21";324;"324";"324"
"688";-4.603862;48.615486;"Laminaria ochroleuca Bachelot de la Pylaie, 1824";"2015";"4";"12";"http://creativecommons.org/licenses/by/4.0/legalcode";". Accessed from R via rgbif (https://github.com/ropensci/rgbif) on 2026-04-21";324;"324";"324"
"689";-4.60385;48.61549;"Laminaria ochroleuca Bachelot de la Pylaie, 1824";"2015";"4";"5";"http://creativecommons.org/licenses/by-nc/4.0/legalcode";". Accessed from R via rgbif (https://github.com/ropensci/rgbif) on 2026-04-21";324;"324";"324"
"690";-1.85199;48.865;"Laminaria ochroleuca Bachelot de la Pylaie, 1824";"2015";"4";"5";"http://creativecommons.org/licenses/by-nc/4.0/legalcode";". Accessed from R via rgbif (https://github.com/ropensci/rgbif) on 2026-04-21";324;"324";"324"
"691";-1.93741;49.2723;"Laminaria ochroleuca Bachelot de la Pylaie, 1824";"2015";"4";"5";"http://creativecommons.org/licenses/by-nc/4.0/legalcode";". Accessed from R via rgbif (https://github.com/ropensci/rgbif) on 2026-04-21";324;"324";"324"
"692";-4.60385;48.61549;"Laminaria ochroleuca Bachelot de la Pylaie, 1824";"2015";"4";"12";"http://creativecommons.org/licenses/by/4.0/legalcode";". Accessed from R via rgbif (https://github.com/ropensci/rgbif) on 2026-04-21";324;"324";"324"
"693";-8.90202;42.193;"Laminaria ochroleuca Bachelot de la Pylaie, 1824";"2015";"5";"24";"http://creativecommons.org/licenses/by-nc/4.0/legalcode";". Accessed from R via rgbif (https://github.com/ropensci/rgbif) on 2026-04-21";324;"324";"324"
"694";-8.901982;42.192612;"Laminaria ochroleuca Bachelot de la Pylaie, 1824";"2015";"5";"24";"http://creativecommons.org/licenses/by-nc/4.0/legalcode";". Accessed from R via rgbif (https://github.com/ropensci/rgbif) on 2026-04-21";324;"324";"324"
"695";-2.01396;49.2924;"Laminaria ochroleuca Bachelot de la Pylaie, 1824";"2015";"6";"23";"http://creativecommons.org/licenses/by/4.0/legalcode";". Accessed from R via rgbif (https://github.com/ropensci/rgbif) on 2026-04-21";324;"324";"324"
"696";-2.204004;49.29714;"Laminaria ochroleuca Bachelot de la Pylaie, 1824";"2015";"6";"23";"http://creativecommons.org/licenses/by/4.0/legalcode";". Accessed from R via rgbif (https://github.com/ropensci/rgbif) on 2026-04-21";324;"324";"324"
"697";-1.938056;49.27853;"Laminaria ochroleuca Bachelot de la Pylaie, 1824";"2015";"6";"26";"http://creativecommons.org/licenses/by/4.0/legalcode";". Accessed from R via rgbif (https://github.com/ropensci/rgbif) on 2026-04-21";324;"324";"324"
"698";-6.286916;49.98223;"Laminaria ochroleuca Bachelot de la Pylaie, 1824";"2015";"6";"16";"http://creativecommons.org/licenses/by/4.0/legalcode";". Accessed from R via rgbif (https://github.com/ropensci/rgbif) on 2026-04-21";324;"324";"324"
"699";-6.352423;49.88222;"Laminaria ochroleuca Bachelot de la Pylaie, 1824";"2015";"6";"18";"http://creativecommons.org/licenses/by/4.0/legalcode";". Accessed from R via rgbif (https://github.com/ropensci/rgbif) on 2026-04-21";324;"324";"324"
"700";-6.322248;49.88556;"Laminaria ochroleuca Bachelot de la Pylaie, 1824";"2015";"6";"18";"http://creativecommons.org/licenses/by/4.0/legalcode";". Accessed from R via rgbif (https://github.com/ropensci/rgbif) on 2026-04-21";324;"324";"324"
"701";-6.258573;49.93506;"Laminaria ochroleuca Bachelot de la Pylaie, 1824";"2015";"6";"15";"http://creativecommons.org/licenses/by/4.0/legalcode";". Accessed from R via rgbif (https://github.com/ropensci/rgbif) on 2026-04-21";324;"324";"324"
"702";-5.06443;50.03918;"Laminaria ochroleuca Bachelot de la Pylaie, 1824";"2015";"6";"18";"http://creativecommons.org/licenses/by/4.0/legalcode";". Accessed from R via rgbif (https://github.com/ropensci/rgbif) on 2026-04-21";324;"324";"324"
"703";-5.061638;50.04052;"Laminaria ochroleuca Bachelot de la Pylaie, 1824";"2015";"6";"18";"http://creativecommons.org/licenses/by/4.0/legalcode";". Accessed from R via rgbif (https://github.com/ropensci/rgbif) on 2026-04-21";324;"324";"324"
"704";-5.050271;50.04477;"Laminaria ochroleuca Bachelot de la Pylaie, 1824";"2015";"7";"8";"http://creativecommons.org/licenses/by/4.0/legalcode";". Accessed from R via rgbif (https://github.com/ropensci/rgbif) on 2026-04-21";324;"324";"324"
"705";-5.051317;50.04537;"Laminaria ochroleuca Bachelot de la Pylaie, 1824";"2015";"7";"8";"http://creativecommons.org/licenses/by/4.0/legalcode";". Accessed from R via rgbif (https://github.com/ropensci/rgbif) on 2026-04-21";324;"324";"324"
"706";-5.406728;50.24068;"Laminaria ochroleuca Bachelot de la Pylaie, 1824";"2015";"7";"19";"http://creativecommons.org/licenses/by/4.0/legalcode";". Accessed from R via rgbif (https://github.com/ropensci/rgbif) on 2026-04-21";324;"324";"324"
"707";-5.611112;36.000655;"Laminaria ochroleuca Bachelot de la Pylaie, 1824";"2015";"9";"13";"http://creativecommons.org/licenses/by-nc/4.0/legalcode";". Accessed from R via rgbif (https://github.com/ropensci/rgbif) on 2026-04-21";324;"324";"324"
"708";-5.6111;36.0007;"Laminaria ochroleuca Bachelot de la Pylaie, 1824";"2015";"9";"13";"http://creativecommons.org/licenses/by-nc/4.0/legalcode";". Accessed from R via rgbif (https://github.com/ropensci/rgbif) on 2026-04-21";324;"324";"324"
"709";-3.9821;50.22353;"Laminaria ochroleuca Bachelot de la Pylaie, 1824";"2015";"10";"17";"http://creativecommons.org/licenses/by/4.0/legalcode";". Accessed from R via rgbif (https://github.com/ropensci/rgbif) on 2026-04-21";324;"324";"324"
"710";-5.60734;36.005381;"Laminaria ochroleuca Bachelot de la Pylaie, 1824";"2015";"11";"21";"http://creativecommons.org/licenses/by-nc/4.0/legalcode";". Accessed from R via rgbif (https://github.com/ropensci/rgbif) on 2026-04-21";324;"324";"324"
"711";-5.611114;36.000492;"Laminaria ochroleuca Bachelot de la Pylaie, 1824";"2015";"11";"14";"http://creativecommons.org/licenses/by-nc/4.0/legalcode";". Accessed from R via rgbif (https://github.com/ropensci/rgbif) on 2026-04-21";324;"324";"324"
"712";-5.611112;36.000499;"Laminaria ochroleuca Bachelot de la Pylaie, 1824";"2015";"11";"14";"http://creativecommons.org/licenses/by-nc/4.0/legalcode";". Accessed from R via rgbif (https://github.com/ropensci/rgbif) on 2026-04-21";324;"324";"324"
"713";-3.755475;50.215689;"Laminaria ochroleuca Bachelot de la Pylaie, 1824";"2014";"1";"30";"http://creativecommons.org/licenses/by/4.0/legalcode";". Accessed from R via rgbif (https://github.com/ropensci/rgbif) on 2026-04-21";324;"324";"324"
"714";-4.60385;48.61549;"Laminaria ochroleuca Bachelot de la Pylaie, 1824";"2014";"4";"10";"http://creativecommons.org/licenses/by-nc/4.0/legalcode";". Accessed from R via rgbif (https://github.com/ropensci/rgbif) on 2026-04-21";324;"324";"324"
"715";-2.98495;48.86638;"Laminaria ochroleuca Bachelot de la Pylaie, 1824";"2014";"4";"10";"http://creativecommons.org/licenses/by-nc/4.0/legalcode";". Accessed from R via rgbif (https://github.com/ropensci/rgbif) on 2026-04-21";324;"324";"324"
"716";-5.051763;50.06058;"Laminaria ochroleuca Bachelot de la Pylaie, 1824";"2014";"5";"5";"http://creativecommons.org/licenses/by/4.0/legalcode";". Accessed from R via rgbif (https://github.com/ropensci/rgbif) on 2026-04-21";324;"324";"324"
"717";-6.348415;49.88039;"Laminaria ochroleuca Bachelot de la Pylaie, 1824";"2014";"7";"9";"http://creativecommons.org/licenses/by/4.0/legalcode";". Accessed from R via rgbif (https://github.com/ropensci/rgbif) on 2026-04-21";324;"324";"324"
"718";-6.25155;49.93606;"Laminaria ochroleuca Bachelot de la Pylaie, 1824";"2014";"7";"7";"http://creativecommons.org/licenses/by/4.0/legalcode";". Accessed from R via rgbif (https://github.com/ropensci/rgbif) on 2026-04-21";324;"324";"324"
"719";-6.259074;49.93489;"Laminaria ochroleuca Bachelot de la Pylaie, 1824";"2014";"7";"11";"http://creativecommons.org/licenses/by/4.0/legalcode";". Accessed from R via rgbif (https://github.com/ropensci/rgbif) on 2026-04-21";324;"324";"324"
"720";-3.60244;48.77533;"Laminaria ochroleuca Bachelot de la Pylaie, 1824";"2014";"7";NA;"http://creativecommons.org/licenses/by/4.0/legalcode";". Accessed from R via rgbif (https://github.com/ropensci/rgbif) on 2026-04-21";324;"324";"324"
"721";-1.942824;49.2571;"Laminaria ochroleuca Bachelot de la Pylaie, 1824";"2014";"8";"1";"http://creativecommons.org/licenses/by/4.0/legalcode";". Accessed from R via rgbif (https://github.com/ropensci/rgbif) on 2026-04-21";324;"324";"324"
"722";-2.527317;49.45242;"Laminaria ochroleuca Bachelot de la Pylaie, 1824";"2014";"8";"31";"http://creativecommons.org/licenses/by/4.0/legalcode";". Accessed from R via rgbif (https://github.com/ropensci/rgbif) on 2026-04-21";324;"324";"324"
"723";-2.527399;49.45232;"Laminaria ochroleuca Bachelot de la Pylaie, 1824";"2014";"8";"31";"http://creativecommons.org/licenses/by/4.0/legalcode";". Accessed from R via rgbif (https://github.com/ropensci/rgbif) on 2026-04-21";324;"324";"324"
"724";-2.524741;49.42182;"Laminaria ochroleuca Bachelot de la Pylaie, 1824";"2014";"8";"31";"http://creativecommons.org/licenses/by/4.0/legalcode";". Accessed from R via rgbif (https://github.com/ropensci/rgbif) on 2026-04-21";324;"324";"324"
"725";-2.91123;47.56788;"Laminaria ochroleuca Bachelot de la Pylaie, 1824";"2014";"8";"9";"http://creativecommons.org/licenses/by/4.0/legalcode";". Accessed from R via rgbif (https://github.com/ropensci/rgbif) on 2026-04-21";324;"324";"324"
"726";-2.90643;47.56918;"Laminaria ochroleuca Bachelot de la Pylaie, 1824";"2014";"8";"16";"http://creativecommons.org/licenses/by/4.0/legalcode";". Accessed from R via rgbif (https://github.com/ropensci/rgbif) on 2026-04-21";324;"324";"324"
"727";-2.367894;49.39998;"Laminaria ochroleuca Bachelot de la Pylaie, 1824";"2014";"9";"1";"http://creativecommons.org/licenses/by/4.0/legalcode";". Accessed from R via rgbif (https://github.com/ropensci/rgbif) on 2026-04-21";324;"324";"324"
"728";-9.216383;38.411133;"Laminaria ochroleuca Bachelot de la Pylaie, 1824";"2014";"9";"29";"http://creativecommons.org/licenses/by-nc/4.0/legalcode";". Accessed from R via rgbif (https://github.com/ropensci/rgbif) on 2026-04-21";324;"324";"324"
"729";-9.215448;38.40923;"Laminaria ochroleuca Bachelot de la Pylaie, 1824";"2014";NA;NA;"http://creativecommons.org/licenses/by-nc/4.0/legalcode";". Accessed from R via rgbif (https://github.com/ropensci/rgbif) on 2026-04-21";324;"324";"324"
"730";-3.47897;47.64934;"Laminaria ochroleuca Bachelot de la Pylaie, 1824";"2013";"4";"15";"http://creativecommons.org/licenses/by/4.0/legalcode";". Accessed from R via rgbif (https://github.com/ropensci/rgbif) on 2026-04-21";324;"324";"324"
"731";-6.334848;49.887946;"Laminaria ochroleuca Bachelot de la Pylaie, 1824";"2013";"5";"16";"http://creativecommons.org/licenses/by/4.0/legalcode";". Accessed from R via rgbif (https://github.com/ropensci/rgbif) on 2026-04-21";324;"324";"324"
"732";-6.27861;49.913435;"Laminaria ochroleuca Bachelot de la Pylaie, 1824";"2013";"5";NA;"http://creativecommons.org/licenses/by/4.0/legalcode";". Accessed from R via rgbif (https://github.com/ropensci/rgbif) on 2026-04-21";324;"324";"324"
"733";-6.26031;49.942904;"Laminaria ochroleuca Bachelot de la Pylaie, 1824";"2013";"5";"12";"http://creativecommons.org/licenses/by/4.0/legalcode";". Accessed from R via rgbif (https://github.com/ropensci/rgbif) on 2026-04-21";324;"324";"324"
"734";-6.252404;49.96756;"Laminaria ochroleuca Bachelot de la Pylaie, 1824";"2013";"5";"8";"http://creativecommons.org/licenses/by/4.0/legalcode";". Accessed from R via rgbif (https://github.com/ropensci/rgbif) on 2026-04-21";324;"324";"324"
"735";-3.980258;50.22373;"Laminaria ochroleuca Bachelot de la Pylaie, 1824";"2013";"5";"19";"http://creativecommons.org/licenses/by/4.0/legalcode";". Accessed from R via rgbif (https://github.com/ropensci/rgbif) on 2026-04-21";324;"324";"324"
"736";-6.260377;49.96936;"Laminaria ochroleuca Bachelot de la Pylaie, 1824";"2013";"5";"6";"http://creativecommons.org/licenses/by/4.0/legalcode";". Accessed from R via rgbif (https://github.com/ropensci/rgbif) on 2026-04-21";324;"324";"324"
"737";-6.36075;49.89439;"Laminaria ochroleuca Bachelot de la Pylaie, 1824";"2013";"5";"7";"http://creativecommons.org/licenses/by/4.0/legalcode";". Accessed from R via rgbif (https://github.com/ropensci/rgbif) on 2026-04-21";324;"324";"324"
"738";-6.347414;49.95607;"Laminaria ochroleuca Bachelot de la Pylaie, 1824";"2013";"5";"6";"http://creativecommons.org/licenses/by/4.0/legalcode";". Accessed from R via rgbif (https://github.com/ropensci/rgbif) on 2026-04-21";324;"324";"324"
"739";-2.020099;48.96398;"Laminaria ochroleuca Bachelot de la Pylaie, 1824";"2013";"6";"30";"http://creativecommons.org/licenses/by/4.0/legalcode";". Accessed from R via rgbif (https://github.com/ropensci/rgbif) on 2026-04-21";324;"324";"324"
"740";-4.12713;50.33669;"Laminaria ochroleuca Bachelot de la Pylaie, 1824";"2013";"6";"30";"http://creativecommons.org/licenses/by/4.0/legalcode";". Accessed from R via rgbif (https://github.com/ropensci/rgbif) on 2026-04-21";324;"324";"324"
"741";-6.296782;49.976649;"Laminaria ochroleuca Bachelot de la Pylaie, 1824";"2013";"7";"23";"http://creativecommons.org/licenses/by/4.0/legalcode";". Accessed from R via rgbif (https://github.com/ropensci/rgbif) on 2026-04-21";324;"324";"324"
"742";-6.313145;49.92565;"Laminaria ochroleuca Bachelot de la Pylaie, 1824";"2013";"7";"21";"http://creativecommons.org/licenses/by/4.0/legalcode";". Accessed from R via rgbif (https://github.com/ropensci/rgbif) on 2026-04-21";324;"324";"324"
"743";-6.349882;49.962069;"Laminaria ochroleuca Bachelot de la Pylaie, 1824";"2013";"7";"22";"http://creativecommons.org/licenses/by/4.0/legalcode";". Accessed from R via rgbif (https://github.com/ropensci/rgbif) on 2026-04-21";324;"324";"324"
"744";-6.260469;49.944698;"Laminaria ochroleuca Bachelot de la Pylaie, 1824";"2013";"7";"25";"http://creativecommons.org/licenses/by/4.0/legalcode";". Accessed from R via rgbif (https://github.com/ropensci/rgbif) on 2026-04-21";324;"324";"324"
"745";-2.180942;49.00478;"Laminaria ochroleuca Bachelot de la Pylaie, 1824";"2013";"7";"1";"http://creativecommons.org/licenses/by/4.0/legalcode";". Accessed from R via rgbif (https://github.com/ropensci/rgbif) on 2026-04-21";324;"324";"324"
"746";-5.064282;50.06557;"Laminaria ochroleuca Bachelot de la Pylaie, 1824";"2013";"7";"25";"http://creativecommons.org/licenses/by/4.0/legalcode";". Accessed from R via rgbif (https://github.com/ropensci/rgbif) on 2026-04-21";324;"324";"324"
"747";-5.064365;50.06512;"Laminaria ochroleuca Bachelot de la Pylaie, 1824";"2013";"7";"5";"http://creativecommons.org/licenses/by/4.0/legalcode";". Accessed from R via rgbif (https://github.com/ropensci/rgbif) on 2026-04-21";324;"324";"324"
"748";-3.60244;48.77533;"Laminaria ochroleuca Bachelot de la Pylaie, 1824";"2013";"7";NA;"http://creativecommons.org/licenses/by/4.0/legalcode";". Accessed from R via rgbif (https://github.com/ropensci/rgbif) on 2026-04-21";324;"324";"324"
"749";-6.348742;49.957163;"Laminaria ochroleuca Bachelot de la Pylaie, 1824";"2013";"8";"22";"http://creativecommons.org/publicdomain/zero/1.0/legalcode";". Accessed from R via rgbif (https://github.com/ropensci/rgbif) on 2026-04-21";324;"324";"324"
"750";-5.070276;50.083112;"Laminaria ochroleuca Bachelot de la Pylaie, 1824";"2013";"9";"7";"http://creativecommons.org/licenses/by/4.0/legalcode";". Accessed from R via rgbif (https://github.com/ropensci/rgbif) on 2026-04-21";324;"324";"324"
"751";-3.954691;50.22805;"Laminaria ochroleuca Bachelot de la Pylaie, 1824";"2012";"2";"26";"http://creativecommons.org/licenses/by/4.0/legalcode";". Accessed from R via rgbif (https://github.com/ropensci/rgbif) on 2026-04-21";324;"324";"324"
"752";-6.389591;49.9479;"Laminaria ochroleuca Bachelot de la Pylaie, 1824";"2012";"5";"1";"http://creativecommons.org/licenses/by/4.0/legalcode";". Accessed from R via rgbif (https://github.com/ropensci/rgbif) on 2026-04-21";324;"324";"324"
"753";-4.129279;50.34169;"Laminaria ochroleuca Bachelot de la Pylaie, 1824";"2012";"5";"17";"http://creativecommons.org/licenses/by/4.0/legalcode";". Accessed from R via rgbif (https://github.com/ropensci/rgbif) on 2026-04-21";324;"324";"324"
"754";-5.043469;48.472042;"Laminaria ochroleuca Bachelot de la Pylaie, 1824";"2012";"5";"17";"http://creativecommons.org/licenses/by/4.0/legalcode";". Accessed from R via rgbif (https://github.com/ropensci/rgbif) on 2026-04-21";324;"324";"324"
"755";-5.04346;48.47204;"Laminaria ochroleuca Bachelot de la Pylaie, 1824";"2012";"5";"17";"http://creativecommons.org/licenses/by/4.0/legalcode";". Accessed from R via rgbif (https://github.com/ropensci/rgbif) on 2026-04-21";324;"324";"324"
"756";-5.06395;50.06541;"Laminaria ochroleuca Bachelot de la Pylaie, 1824";"2012";"6";"8";"http://creativecommons.org/licenses/by/4.0/legalcode";". Accessed from R via rgbif (https://github.com/ropensci/rgbif) on 2026-04-21";324;"324";"324"
"757";-4.184133;50.32374;"Laminaria ochroleuca Bachelot de la Pylaie, 1824";"2012";"6";"24";"http://creativecommons.org/licenses/by/4.0/legalcode";". Accessed from R via rgbif (https://github.com/ropensci/rgbif) on 2026-04-21";324;"324";"324"
"758";-4.200348;50.333587;"Laminaria ochroleuca Bachelot de la Pylaie, 1824";"2012";"7";"7";"http://creativecommons.org/licenses/by/4.0/legalcode";". Accessed from R via rgbif (https://github.com/ropensci/rgbif) on 2026-04-21";324;"324";"324"
"759";-5.015096;50.139435;"Laminaria ochroleuca Bachelot de la Pylaie, 1824";"2012";"8";"18";"http://creativecommons.org/licenses/by/4.0/legalcode";". Accessed from R via rgbif (https://github.com/ropensci/rgbif) on 2026-04-21";324;"324";"324"
"760";-5.073758;50.093815;"Laminaria ochroleuca Bachelot de la Pylaie, 1824";"2012";"8";"20";"http://creativecommons.org/licenses/by/4.0/legalcode";". Accessed from R via rgbif (https://github.com/ropensci/rgbif) on 2026-04-21";324;"324";"324"
"761";-5.073758;50.093815;"Laminaria ochroleuca Bachelot de la Pylaie, 1824";"2012";"8";"19";"http://creativecommons.org/licenses/by/4.0/legalcode";". Accessed from R via rgbif (https://github.com/ropensci/rgbif) on 2026-04-21";324;"324";"324"
"762";-5.015096;50.139435;"Laminaria ochroleuca Bachelot de la Pylaie, 1824";"2012";"8";"22";"http://creativecommons.org/licenses/by/4.0/legalcode";". Accessed from R via rgbif (https://github.com/ropensci/rgbif) on 2026-04-21";324;"324";"324"
"763";-6.321913;49.89006;"Laminaria ochroleuca Bachelot de la Pylaie, 1824";"2011";"5";"11";"http://creativecommons.org/licenses/by/4.0/legalcode";". Accessed from R via rgbif (https://github.com/ropensci/rgbif) on 2026-04-21";324;"324";"324"
"764";-6.272746;49.97573;"Laminaria ochroleuca Bachelot de la Pylaie, 1824";"2011";"5";"10";"http://creativecommons.org/licenses/by/4.0/legalcode";". Accessed from R via rgbif (https://github.com/ropensci/rgbif) on 2026-04-21";324;"324";"324"
"765";-6.259577;49.93506;"Laminaria ochroleuca Bachelot de la Pylaie, 1824";"2011";"5";"10";"http://creativecommons.org/licenses/by/4.0/legalcode";". Accessed from R via rgbif (https://github.com/ropensci/rgbif) on 2026-04-21";324;"324";"324"
"766";-6.274879;49.97193;"Laminaria ochroleuca Bachelot de la Pylaie, 1824";"2011";"5";"8";"http://creativecommons.org/licenses/by/4.0/legalcode";". Accessed from R via rgbif (https://github.com/ropensci/rgbif) on 2026-04-21";324;"324";"324"
"767";-2.357299;49.4006;"Laminaria ochroleuca Bachelot de la Pylaie, 1824";"2011";"6";"27";"http://creativecommons.org/licenses/by/4.0/legalcode";". Accessed from R via rgbif (https://github.com/ropensci/rgbif) on 2026-04-21";324;"324";"324"
"768";-2.357704;49.40138;"Laminaria ochroleuca Bachelot de la Pylaie, 1824";"2011";"6";"29";"http://creativecommons.org/licenses/by/4.0/legalcode";". Accessed from R via rgbif (https://github.com/ropensci/rgbif) on 2026-04-21";324;"324";"324"
"769";-2.345234;49.44727;"Laminaria ochroleuca Bachelot de la Pylaie, 1824";"2011";"6";"27";"http://creativecommons.org/licenses/by/4.0/legalcode";". Accessed from R via rgbif (https://github.com/ropensci/rgbif) on 2026-04-21";324;"324";"324"
"770";-4.127313;50.33701;"Laminaria ochroleuca Bachelot de la Pylaie, 1824";"2011";"6";"12";"http://creativecommons.org/licenses/by/4.0/legalcode";". Accessed from R via rgbif (https://github.com/ropensci/rgbif) on 2026-04-21";324;"324";"324"
"771";-2.368716;49.39935;"Laminaria ochroleuca Bachelot de la Pylaie, 1824";"2011";"7";"28";"http://creativecommons.org/licenses/by/4.0/legalcode";". Accessed from R via rgbif (https://github.com/ropensci/rgbif) on 2026-04-21";324;"324";"324"
"772";-2.364774;49.40112;"Laminaria ochroleuca Bachelot de la Pylaie, 1824";"2011";"7";"26";"http://creativecommons.org/licenses/by/4.0/legalcode";". Accessed from R via rgbif (https://github.com/ropensci/rgbif) on 2026-04-21";324;"324";"324"
"773";-3.954691;50.22805;"Laminaria ochroleuca Bachelot de la Pylaie, 1824";"2011";"7";"15";"http://creativecommons.org/licenses/by/4.0/legalcode";". Accessed from R via rgbif (https://github.com/ropensci/rgbif) on 2026-04-21";324;"324";"324"
"774";-4.06075;50.29156;"Laminaria ochroleuca Bachelot de la Pylaie, 1824";"2011";"7";"16";"http://creativecommons.org/licenses/by/4.0/legalcode";". Accessed from R via rgbif (https://github.com/ropensci/rgbif) on 2026-04-21";324;"324";"324"
"775";-4.187463;50.32251;"Laminaria ochroleuca Bachelot de la Pylaie, 1824";"2011";"7";"26";"http://creativecommons.org/licenses/by/4.0/legalcode";". Accessed from R via rgbif (https://github.com/ropensci/rgbif) on 2026-04-21";324;"324";"324"
"776";-5.063954;50.0659;"Laminaria ochroleuca Bachelot de la Pylaie, 1824";"2011";"7";"16";"http://creativecommons.org/licenses/by/4.0/legalcode";". Accessed from R via rgbif (https://github.com/ropensci/rgbif) on 2026-04-21";324;"324";"324"
"777";-2.376555;49.40965;"Laminaria ochroleuca Bachelot de la Pylaie, 1824";"2011";"8";"2";"http://creativecommons.org/licenses/by/4.0/legalcode";". Accessed from R via rgbif (https://github.com/ropensci/rgbif) on 2026-04-21";324;"324";"324"
"778";-5.062447;50.0552;"Laminaria ochroleuca Bachelot de la Pylaie, 1824";"2011";"9";"4";"http://creativecommons.org/licenses/by/4.0/legalcode";". Accessed from R via rgbif (https://github.com/ropensci/rgbif) on 2026-04-21";324;"324";"324"
"779";-2.984963;48.866379;"Laminaria ochroleuca Bachelot de la Pylaie, 1824";"2010";"4";"24";"http://creativecommons.org/licenses/by/4.0/legalcode";". Accessed from R via rgbif (https://github.com/ropensci/rgbif) on 2026-04-21";324;"324";"324"
"780";-4.603862;48.615486;"Laminaria ochroleuca Bachelot de la Pylaie, 1824";"2010";"4";"21";"http://creativecommons.org/licenses/by/4.0/legalcode";". Accessed from R via rgbif (https://github.com/ropensci/rgbif) on 2026-04-21";324;"324";"324"
"781";-3.056564;48.838978;"Laminaria ochroleuca Bachelot de la Pylaie, 1824";"2010";"4";"25";"http://creativecommons.org/licenses/by/4.0/legalcode";". Accessed from R via rgbif (https://github.com/ropensci/rgbif) on 2026-04-21";324;"324";"324"
"782";-4.60385;48.61549;"Laminaria ochroleuca Bachelot de la Pylaie, 1824";"2010";"4";"21";"http://creativecommons.org/licenses/by-nc/4.0/legalcode";". Accessed from R via rgbif (https://github.com/ropensci/rgbif) on 2026-04-21";324;"324";"324"
"783";-2.98495;48.86638;"Laminaria ochroleuca Bachelot de la Pylaie, 1824";"2010";"4";"24";"http://creativecommons.org/licenses/by-nc/4.0/legalcode";". Accessed from R via rgbif (https://github.com/ropensci/rgbif) on 2026-04-21";324;"324";"324"
"784";-3.05655;48.83898;"Laminaria ochroleuca Bachelot de la Pylaie, 1824";"2010";"4";"25";"http://creativecommons.org/licenses/by-nc/4.0/legalcode";". Accessed from R via rgbif (https://github.com/ropensci/rgbif) on 2026-04-21";324;"324";"324"
"785";-3.05655;48.83898;"Laminaria ochroleuca Bachelot de la Pylaie, 1824";"2010";"4";"25";"http://creativecommons.org/licenses/by/4.0/legalcode";". Accessed from R via rgbif (https://github.com/ropensci/rgbif) on 2026-04-21";324;"324";"324"
"786";-4.60385;48.61549;"Laminaria ochroleuca Bachelot de la Pylaie, 1824";"2010";"4";"21";"http://creativecommons.org/licenses/by/4.0/legalcode";". Accessed from R via rgbif (https://github.com/ropensci/rgbif) on 2026-04-21";324;"324";"324"
"787";-2.98495;48.86638;"Laminaria ochroleuca Bachelot de la Pylaie, 1824";"2010";"4";"24";"http://creativecommons.org/licenses/by/4.0/legalcode";". Accessed from R via rgbif (https://github.com/ropensci/rgbif) on 2026-04-21";324;"324";"324"
"788";-2.220279;49.69923;"Laminaria ochroleuca Bachelot de la Pylaie, 1824";"2010";"5";"24";"http://creativecommons.org/licenses/by/4.0/legalcode";". Accessed from R via rgbif (https://github.com/ropensci/rgbif) on 2026-04-21";324;"324";"324"
"789";-2.221274;49.69987;"Laminaria ochroleuca Bachelot de la Pylaie, 1824";"2010";"5";"24";"http://creativecommons.org/licenses/by/4.0/legalcode";". Accessed from R via rgbif (https://github.com/ropensci/rgbif) on 2026-04-21";324;"324";"324"
"790";-6.354759;49.88789;"Laminaria ochroleuca Bachelot de la Pylaie, 1824";"2010";"5";"9";"http://creativecommons.org/licenses/by/4.0/legalcode";". Accessed from R via rgbif (https://github.com/ropensci/rgbif) on 2026-04-21";324;"324";"324"
"791";-6.358248;49.88272;"Laminaria ochroleuca Bachelot de la Pylaie, 1824";"2010";"5";"17";"http://creativecommons.org/licenses/by/4.0/legalcode";". Accessed from R via rgbif (https://github.com/ropensci/rgbif) on 2026-04-21";324;"324";"324"
"792";-6.260562;49.93406;"Laminaria ochroleuca Bachelot de la Pylaie, 1824";"2010";"5";"16";"http://creativecommons.org/licenses/by/4.0/legalcode";". Accessed from R via rgbif (https://github.com/ropensci/rgbif) on 2026-04-21";324;"324";"324"
"793";-6.273667;49.92883;"Laminaria ochroleuca Bachelot de la Pylaie, 1824";"2010";"5";"16";"http://creativecommons.org/licenses/by/4.0/legalcode";". Accessed from R via rgbif (https://github.com/ropensci/rgbif) on 2026-04-21";324;"324";"324"
"794";-6.346753;49.87972;"Laminaria ochroleuca Bachelot de la Pylaie, 1824";"2010";"5";"12";"http://creativecommons.org/licenses/by/4.0/legalcode";". Accessed from R via rgbif (https://github.com/ropensci/rgbif) on 2026-04-21";324;"324";"324"
"795";-6.262581;49.96873;"Laminaria ochroleuca Bachelot de la Pylaie, 1824";"2010";"5";"13";"http://creativecommons.org/licenses/by/4.0/legalcode";". Accessed from R via rgbif (https://github.com/ropensci/rgbif) on 2026-04-21";324;"324";"324"
"796";-6.366258;49.87255;"Laminaria ochroleuca Bachelot de la Pylaie, 1824";"2010";"5";"10";"http://creativecommons.org/licenses/by/4.0/legalcode";". Accessed from R via rgbif (https://github.com/ropensci/rgbif) on 2026-04-21";324;"324";"324"
"797";-6.250567;49.95939;"Laminaria ochroleuca Bachelot de la Pylaie, 1824";"2010";"5";"18";"http://creativecommons.org/licenses/by/4.0/legalcode";". Accessed from R via rgbif (https://github.com/ropensci/rgbif) on 2026-04-21";324;"324";"324"
"798";-6.306586;49.96606;"Laminaria ochroleuca Bachelot de la Pylaie, 1824";"2010";"5";"11";"http://creativecommons.org/licenses/by/4.0/legalcode";". Accessed from R via rgbif (https://github.com/ropensci/rgbif) on 2026-04-21";324;"324";"324"
"799";-6.267408;49.97423;"Laminaria ochroleuca Bachelot de la Pylaie, 1824";"2010";"5";"13";"http://creativecommons.org/licenses/by/4.0/legalcode";". Accessed from R via rgbif (https://github.com/ropensci/rgbif) on 2026-04-21";324;"324";"324"
"800";-6.334422;49.88106;"Laminaria ochroleuca Bachelot de la Pylaie, 1824";"2010";"5";"12";"http://creativecommons.org/licenses/by/4.0/legalcode";". Accessed from R via rgbif (https://github.com/ropensci/rgbif) on 2026-04-21";324;"324";"324"
"801";-6.384751;49.86305;"Laminaria ochroleuca Bachelot de la Pylaie, 1824";"2010";"5";"10";"http://creativecommons.org/licenses/by/4.0/legalcode";". Accessed from R via rgbif (https://github.com/ropensci/rgbif) on 2026-04-21";324;"324";"324"
"802";-6.383584;49.86538;"Laminaria ochroleuca Bachelot de la Pylaie, 1824";"2010";"5";"20";"http://creativecommons.org/licenses/by/4.0/legalcode";". Accessed from R via rgbif (https://github.com/ropensci/rgbif) on 2026-04-21";324;"324";"324"
"803";-6.250574;49.93589;"Laminaria ochroleuca Bachelot de la Pylaie, 1824";"2010";"5";"14";"http://creativecommons.org/licenses/by/4.0/legalcode";". Accessed from R via rgbif (https://github.com/ropensci/rgbif) on 2026-04-21";324;"324";"324"
"804";-6.352245;49.88689;"Laminaria ochroleuca Bachelot de la Pylaie, 1824";"2010";"5";"20";"http://creativecommons.org/licenses/by/4.0/legalcode";". Accessed from R via rgbif (https://github.com/ropensci/rgbif) on 2026-04-21";324;"324";"324"
"805";-6.330578;49.88789;"Laminaria ochroleuca Bachelot de la Pylaie, 1824";"2010";"5";"14";"http://creativecommons.org/licenses/by/4.0/legalcode";". Accessed from R via rgbif (https://github.com/ropensci/rgbif) on 2026-04-21";324;"324";"324"
"806";-2.341554;49.43198;"Laminaria ochroleuca Bachelot de la Pylaie, 1824";"2010";"6";"30";"http://creativecommons.org/licenses/by/4.0/legalcode";". Accessed from R via rgbif (https://github.com/ropensci/rgbif) on 2026-04-21";324;"324";"324"
"807";-3.978897;50.22338;"Laminaria ochroleuca Bachelot de la Pylaie, 1824";"2010";"6";"11";"http://creativecommons.org/licenses/by/4.0/legalcode";". Accessed from R via rgbif (https://github.com/ropensci/rgbif) on 2026-04-21";324;"324";"324"
"808";-4.187197;50.32375;"Laminaria ochroleuca Bachelot de la Pylaie, 1824";"2010";"7";"1";"http://creativecommons.org/licenses/by/4.0/legalcode";". Accessed from R via rgbif (https://github.com/ropensci/rgbif) on 2026-04-21";324;"324";"324"
"809";-2.493336;47.18483;"Laminaria ochroleuca Bachelot de la Pylaie, 1824";"2010";"7";"8";"http://creativecommons.org/licenses/by/4.0/legalcode";". Accessed from R via rgbif (https://github.com/ropensci/rgbif) on 2026-04-21";324;"324";"324"
"810";-2.49335;47.18483;"Laminaria ochroleuca Bachelot de la Pylaie, 1824";"2010";"7";"8";"http://creativecommons.org/licenses/by-nc/4.0/legalcode";". Accessed from R via rgbif (https://github.com/ropensci/rgbif) on 2026-04-21";324;"324";"324"
"811";-2.49335;47.18483;"Laminaria ochroleuca Bachelot de la Pylaie, 1824";"2010";"7";"8";"http://creativecommons.org/licenses/by/4.0/legalcode";". Accessed from R via rgbif (https://github.com/ropensci/rgbif) on 2026-04-21";324;"324";"324"
"812";-2.384556;49.40665;"Laminaria ochroleuca Bachelot de la Pylaie, 1824";"2010";"8";"19";"http://creativecommons.org/licenses/by/4.0/legalcode";". Accessed from R via rgbif (https://github.com/ropensci/rgbif) on 2026-04-21";324;"324";"324"
"813";-2.345399;49.44714;"Laminaria ochroleuca Bachelot de la Pylaie, 1824";"2010";"8";"16";"http://creativecommons.org/licenses/by/4.0/legalcode";". Accessed from R via rgbif (https://github.com/ropensci/rgbif) on 2026-04-21";324;"324";"324"
"814";-2.357465;49.40063;"Laminaria ochroleuca Bachelot de la Pylaie, 1824";"2010";"8";"19";"http://creativecommons.org/licenses/by/4.0/legalcode";". Accessed from R via rgbif (https://github.com/ropensci/rgbif) on 2026-04-21";324;"324";"324"
"815";-2.364003;49.40134;"Laminaria ochroleuca Bachelot de la Pylaie, 1824";"2010";"8";"15";"http://creativecommons.org/licenses/by/4.0/legalcode";". Accessed from R via rgbif (https://github.com/ropensci/rgbif) on 2026-04-21";324;"324";"324"
"816";-2.352095;49.41504;"Laminaria ochroleuca Bachelot de la Pylaie, 1824";"2010";"8";"17";"http://creativecommons.org/licenses/by/4.0/legalcode";". Accessed from R via rgbif (https://github.com/ropensci/rgbif) on 2026-04-21";324;"324";"324"
"817";-2.368241;49.44447;"Laminaria ochroleuca Bachelot de la Pylaie, 1824";"2010";"8";"17";"http://creativecommons.org/licenses/by/4.0/legalcode";". Accessed from R via rgbif (https://github.com/ropensci/rgbif) on 2026-04-21";324;"324";"324"
"818";-2.345795;49.41515;"Laminaria ochroleuca Bachelot de la Pylaie, 1824";"2010";"8";"18";"http://creativecommons.org/licenses/by/4.0/legalcode";". Accessed from R via rgbif (https://github.com/ropensci/rgbif) on 2026-04-21";324;"324";"324"
"819";-2.367392;49.39915;"Laminaria ochroleuca Bachelot de la Pylaie, 1824";"2010";"8";"20";"http://creativecommons.org/licenses/by/4.0/legalcode";". Accessed from R via rgbif (https://github.com/ropensci/rgbif) on 2026-04-21";324;"324";"324"
"820";-2.364003;49.40134;"Laminaria ochroleuca Bachelot de la Pylaie, 1824";"2010";"8";"18";"http://creativecommons.org/licenses/by/4.0/legalcode";". Accessed from R via rgbif (https://github.com/ropensci/rgbif) on 2026-04-21";324;"324";"324"
"821";-6.279412;49.91206;"Laminaria ochroleuca Bachelot de la Pylaie, 1824";"2010";"8";"13";"http://creativecommons.org/licenses/by/4.0/legalcode";". Accessed from R via rgbif (https://github.com/ropensci/rgbif) on 2026-04-21";324;"324";"324"
"822";-5.672884;50.0223;"Laminaria ochroleuca Bachelot de la Pylaie, 1824";"2010";"8";"8";"http://creativecommons.org/licenses/by/4.0/legalcode";". Accessed from R via rgbif (https://github.com/ropensci/rgbif) on 2026-04-21";324;"324";"324"
"823";-6.385749;49.86438;"Laminaria ochroleuca Bachelot de la Pylaie, 1824";"2010";"8";"13";"http://creativecommons.org/licenses/by/4.0/legalcode";". Accessed from R via rgbif (https://github.com/ropensci/rgbif) on 2026-04-21";324;"324";"324"
"824";-6.252407;49.93739;"Laminaria ochroleuca Bachelot de la Pylaie, 1824";"2010";"8";"9";"http://creativecommons.org/licenses/by/4.0/legalcode";". Accessed from R via rgbif (https://github.com/ropensci/rgbif) on 2026-04-21";324;"324";"324"
"825";-6.280741;49.91022;"Laminaria ochroleuca Bachelot de la Pylaie, 1824";"2010";"8";"11";"http://creativecommons.org/licenses/by/4.0/legalcode";". Accessed from R via rgbif (https://github.com/ropensci/rgbif) on 2026-04-21";324;"324";"324"
"826";-6.264915;49.9549;"Laminaria ochroleuca Bachelot de la Pylaie, 1824";"2010";"8";"9";"http://creativecommons.org/licenses/by/4.0/legalcode";". Accessed from R via rgbif (https://github.com/ropensci/rgbif) on 2026-04-21";324;"324";"324"
"827";-6.284075;49.97272;"Laminaria ochroleuca Bachelot de la Pylaie, 1824";"2010";"8";"10";"http://creativecommons.org/licenses/by/4.0/legalcode";". Accessed from R via rgbif (https://github.com/ropensci/rgbif) on 2026-04-21";324;"324";"324"
"828";-6.292645;49.90352;"Laminaria ochroleuca Bachelot de la Pylaie, 1824";"2010";"8";"8";"http://creativecommons.org/licenses/by/4.0/legalcode";". Accessed from R via rgbif (https://github.com/ropensci/rgbif) on 2026-04-21";324;"324";"324"
"829";-6.264915;49.9549;"Laminaria ochroleuca Bachelot de la Pylaie, 1824";"2010";"8";"11";"http://creativecommons.org/licenses/by/4.0/legalcode";". Accessed from R via rgbif (https://github.com/ropensci/rgbif) on 2026-04-21";324;"324";"324"
"830";-6.358916;49.88255;"Laminaria ochroleuca Bachelot de la Pylaie, 1824";"2010";"8";"8";"http://creativecommons.org/licenses/by/4.0/legalcode";". Accessed from R via rgbif (https://github.com/ropensci/rgbif) on 2026-04-21";324;"324";"324"
"831";-6.404085;49.87355;"Laminaria ochroleuca Bachelot de la Pylaie, 1824";"2010";"8";"12";"http://creativecommons.org/licenses/by/4.0/legalcode";". Accessed from R via rgbif (https://github.com/ropensci/rgbif) on 2026-04-21";324;"324";"324"
"832";-6.27391;49.92373;"Laminaria ochroleuca Bachelot de la Pylaie, 1824";"2010";"9";"11";"http://creativecommons.org/licenses/by/4.0/legalcode";". Accessed from R via rgbif (https://github.com/ropensci/rgbif) on 2026-04-21";324;"324";"324"
"833";-6.285266;49.90814;"Laminaria ochroleuca Bachelot de la Pylaie, 1824";"2010";"9";"12";"http://creativecommons.org/licenses/by/4.0/legalcode";". Accessed from R via rgbif (https://github.com/ropensci/rgbif) on 2026-04-21";324;"324";"324"
"834";-4.111044;50.30609;"Laminaria ochroleuca Bachelot de la Pylaie, 1824";"2010";"12";"15";"http://creativecommons.org/licenses/by/4.0/legalcode";". Accessed from R via rgbif (https://github.com/ropensci/rgbif) on 2026-04-21";324;"324";"324"
"835";-8.9;42.45;"Laminaria ochroleuca Bachelot de la Pylaie, 1824";"2009";"3";"18";"http://creativecommons.org/licenses/by-nc/4.0/legalcode";". Accessed from R via rgbif (https://github.com/ropensci/rgbif) on 2026-04-21";324;"324";"324"
"836";-6.274078;49.92122;"Laminaria ochroleuca Bachelot de la Pylaie, 1824";"2009";"4";"27";"http://creativecommons.org/licenses/by/4.0/legalcode";". Accessed from R via rgbif (https://github.com/ropensci/rgbif) on 2026-04-21";324;"324";"324"
"837";-6.301253;49.90239;"Laminaria ochroleuca Bachelot de la Pylaie, 1824";"2009";"4";"26";"http://creativecommons.org/licenses/by/4.0/legalcode";". Accessed from R via rgbif (https://github.com/ropensci/rgbif) on 2026-04-21";324;"324";"324"
"838";-6.346753;49.87972;"Laminaria ochroleuca Bachelot de la Pylaie, 1824";"2009";"4";"28";"http://creativecommons.org/licenses/by/4.0/legalcode";". Accessed from R via rgbif (https://github.com/ropensci/rgbif) on 2026-04-21";324;"324";"324"
"839";-5.043469;48.472042;"Laminaria ochroleuca Bachelot de la Pylaie, 1824";"2009";"4";"15";"http://creativecommons.org/licenses/by/4.0/legalcode";". Accessed from R via rgbif (https://github.com/ropensci/rgbif) on 2026-04-21";324;"324";"324"
"840";-5.04346;48.47204;"Laminaria ochroleuca Bachelot de la Pylaie, 1824";"2009";"4";"15";"http://creativecommons.org/licenses/by-nc/4.0/legalcode";". Accessed from R via rgbif (https://github.com/ropensci/rgbif) on 2026-04-21";324;"324";"324"
"841";-5.04346;48.47204;"Laminaria ochroleuca Bachelot de la Pylaie, 1824";"2009";"4";"15";"http://creativecommons.org/licenses/by/4.0/legalcode";". Accessed from R via rgbif (https://github.com/ropensci/rgbif) on 2026-04-21";324;"324";"324"
"842";-6.362422;49.88605;"Laminaria ochroleuca Bachelot de la Pylaie, 1824";"2009";"6";"9";"http://creativecommons.org/licenses/by/4.0/legalcode";". Accessed from R via rgbif (https://github.com/ropensci/rgbif) on 2026-04-21";324;"324";"324"
"843";-6.319081;49.96973;"Laminaria ochroleuca Bachelot de la Pylaie, 1824";"2009";"6";"8";"http://creativecommons.org/licenses/by/4.0/legalcode";". Accessed from R via rgbif (https://github.com/ropensci/rgbif) on 2026-04-21";324;"324";"324"
"844";-6.273071;49.92905;"Laminaria ochroleuca Bachelot de la Pylaie, 1824";"2009";"6";"12";"http://creativecommons.org/licenses/by/4.0/legalcode";". Accessed from R via rgbif (https://github.com/ropensci/rgbif) on 2026-04-21";324;"324";"324"
"845";-6.384094;49.86272;"Laminaria ochroleuca Bachelot de la Pylaie, 1824";"2009";"6";"10";"http://creativecommons.org/licenses/by/4.0/legalcode";". Accessed from R via rgbif (https://github.com/ropensci/rgbif) on 2026-04-21";324;"324";"324"
"846";-6.365;49.895;"Laminaria ochroleuca Bachelot de la Pylaie, 1824";"2009";"6";"9";"http://creativecommons.org/licenses/by/4.0/legalcode";". Accessed from R via rgbif (https://github.com/ropensci/rgbif) on 2026-04-21";324;"324";"324"
"847";-6.253239;49.9669;"Laminaria ochroleuca Bachelot de la Pylaie, 1824";"2009";"6";"11";"http://creativecommons.org/licenses/by/4.0/legalcode";". Accessed from R via rgbif (https://github.com/ropensci/rgbif) on 2026-04-21";324;"324";"324"
"848";-6.25408;49.96773;"Laminaria ochroleuca Bachelot de la Pylaie, 1824";"2009";"6";"11";"http://creativecommons.org/licenses/by/4.0/legalcode";". Accessed from R via rgbif (https://github.com/ropensci/rgbif) on 2026-04-21";324;"324";"324"
"849";-6.260737;49.93272;"Laminaria ochroleuca Bachelot de la Pylaie, 1824";"2009";"6";"12";"http://creativecommons.org/licenses/by/4.0/legalcode";". Accessed from R via rgbif (https://github.com/ropensci/rgbif) on 2026-04-21";324;"324";"324"
"850";-6.273077;49.92913;"Laminaria ochroleuca Bachelot de la Pylaie, 1824";"2009";"6";"12";"http://creativecommons.org/licenses/by/4.0/legalcode";". Accessed from R via rgbif (https://github.com/ropensci/rgbif) on 2026-04-21";324;"324";"324"
"851";-3.982087;50.22286;"Laminaria ochroleuca Bachelot de la Pylaie, 1824";"2009";"7";"20";"http://creativecommons.org/licenses/by/4.0/legalcode";". Accessed from R via rgbif (https://github.com/ropensci/rgbif) on 2026-04-21";324;"324";"324"
"852";-6.278069;49.91389;"Laminaria ochroleuca Bachelot de la Pylaie, 1824";"2009";"8";"21";"http://creativecommons.org/licenses/by/4.0/legalcode";". Accessed from R via rgbif (https://github.com/ropensci/rgbif) on 2026-04-21";324;"324";"324"
"853";-4.112577;50.30524;"Laminaria ochroleuca Bachelot de la Pylaie, 1824";"2009";"8";"21";"http://creativecommons.org/licenses/by-nc/4.0/legalcode";". Accessed from R via rgbif (https://github.com/ropensci/rgbif) on 2026-04-21";324;"324";"324"
"854";-6.340747;49.87922;"Laminaria ochroleuca Bachelot de la Pylaie, 1824";"2009";"9";"29";"http://creativecommons.org/licenses/by/4.0/legalcode";". Accessed from R via rgbif (https://github.com/ropensci/rgbif) on 2026-04-21";324;"324";"324"
"855";-6.259367;49.96946;"Laminaria ochroleuca Bachelot de la Pylaie, 1824";"2009";"9";"30";"http://creativecommons.org/licenses/by/4.0/legalcode";". Accessed from R via rgbif (https://github.com/ropensci/rgbif) on 2026-04-21";324;"324";"324"
"856";-6.260238;49.93323;"Laminaria ochroleuca Bachelot de la Pylaie, 1824";"2009";"9";"27";"http://creativecommons.org/licenses/by/4.0/legalcode";". Accessed from R via rgbif (https://github.com/ropensci/rgbif) on 2026-04-21";324;"324";"324"
"857";-6.384081;49.93439;"Laminaria ochroleuca Bachelot de la Pylaie, 1824";"2009";"9";"28";"http://creativecommons.org/licenses/by/4.0/legalcode";". Accessed from R via rgbif (https://github.com/ropensci/rgbif) on 2026-04-21";324;"324";"324"
"858";-6.299076;49.90173;"Laminaria ochroleuca Bachelot de la Pylaie, 1824";"2009";"9";"29";"http://creativecommons.org/licenses/by/4.0/legalcode";". Accessed from R via rgbif (https://github.com/ropensci/rgbif) on 2026-04-21";324;"324";"324"
"859";-6.270736;49.92739;"Laminaria ochroleuca Bachelot de la Pylaie, 1824";"2009";"9";"27";"http://creativecommons.org/licenses/by/4.0/legalcode";". Accessed from R via rgbif (https://github.com/ropensci/rgbif) on 2026-04-21";324;"324";"324"
"860";-5.04346;48.47204;"Laminaria ochroleuca Bachelot de la Pylaie, 1824";"2009";"9";"21";"http://creativecommons.org/licenses/by-nc/4.0/legalcode";". Accessed from R via rgbif (https://github.com/ropensci/rgbif) on 2026-04-21";324;"324";"324"
"861";-6.270736;49.92739;"Laminaria ochroleuca Bachelot de la Pylaie, 1824";"2009";"10";"1";"http://creativecommons.org/licenses/by/4.0/legalcode";". Accessed from R via rgbif (https://github.com/ropensci/rgbif) on 2026-04-21";324;"324";"324"
"862";-6.27124;49.97606;"Laminaria ochroleuca Bachelot de la Pylaie, 1824";"2009";"10";"2";"http://creativecommons.org/licenses/by/4.0/legalcode";". Accessed from R via rgbif (https://github.com/ropensci/rgbif) on 2026-04-21";324;"324";"324"
"863";-6.258074;49.96873;"Laminaria ochroleuca Bachelot de la Pylaie, 1824";"2008";"5";"22";"http://creativecommons.org/licenses/by/4.0/legalcode";". Accessed from R via rgbif (https://github.com/ropensci/rgbif) on 2026-04-21";324;"324";"324"
"864";-6.311574;49.97923;"Laminaria ochroleuca Bachelot de la Pylaie, 1824";"2008";"5";"23";"http://creativecommons.org/licenses/by/4.0/legalcode";". Accessed from R via rgbif (https://github.com/ropensci/rgbif) on 2026-04-21";324;"324";"324"
"865";-4.143006;50.32219;"Laminaria ochroleuca Bachelot de la Pylaie, 1824";"2008";"5";"27";"http://creativecommons.org/licenses/by/4.0/legalcode";". Accessed from R via rgbif (https://github.com/ropensci/rgbif) on 2026-04-21";324;"324";"324"
"866";-2.368185;49.44439;"Laminaria ochroleuca Bachelot de la Pylaie, 1824";"2008";"6";"26";"http://creativecommons.org/licenses/by/4.0/legalcode";". Accessed from R via rgbif (https://github.com/ropensci/rgbif) on 2026-04-21";324;"324";"324"
"867";-2.357055;49.40115;"Laminaria ochroleuca Bachelot de la Pylaie, 1824";"2008";"6";"22";"http://creativecommons.org/licenses/by/4.0/legalcode";". Accessed from R via rgbif (https://github.com/ropensci/rgbif) on 2026-04-21";324;"324";"324"
"868";-2.364869;49.40092;"Laminaria ochroleuca Bachelot de la Pylaie, 1824";"2008";"6";"24";"http://creativecommons.org/licenses/by/4.0/legalcode";". Accessed from R via rgbif (https://github.com/ropensci/rgbif) on 2026-04-21";324;"324";"324"
"869";-2.368185;49.44439;"Laminaria ochroleuca Bachelot de la Pylaie, 1824";"2008";"6";"22";"http://creativecommons.org/licenses/by/4.0/legalcode";". Accessed from R via rgbif (https://github.com/ropensci/rgbif) on 2026-04-21";324;"324";"324"
"870";-2.393965;49.42482;"Laminaria ochroleuca Bachelot de la Pylaie, 1824";"2008";"6";"23";"http://creativecommons.org/licenses/by/4.0/legalcode";". Accessed from R via rgbif (https://github.com/ropensci/rgbif) on 2026-04-21";324;"324";"324"
"871";-2.376716;49.43057;"Laminaria ochroleuca Bachelot de la Pylaie, 1824";"2008";"6";"24";"http://creativecommons.org/licenses/by/4.0/legalcode";". Accessed from R via rgbif (https://github.com/ropensci/rgbif) on 2026-04-21";324;"324";"324"
"872";-2.351633;49.41598;"Laminaria ochroleuca Bachelot de la Pylaie, 1824";"2008";"6";"27";"http://creativecommons.org/licenses/by/4.0/legalcode";". Accessed from R via rgbif (https://github.com/ropensci/rgbif) on 2026-04-21";324;"324";"324"
"873";-2.364137;49.4529;"Laminaria ochroleuca Bachelot de la Pylaie, 1824";"2008";"6";"26";"http://creativecommons.org/licenses/by/4.0/legalcode";". Accessed from R via rgbif (https://github.com/ropensci/rgbif) on 2026-04-21";324;"324";"324"
"874";-2.32385;49.42455;"Laminaria ochroleuca Bachelot de la Pylaie, 1824";"2008";"6";"25";"http://creativecommons.org/licenses/by/4.0/legalcode";". Accessed from R via rgbif (https://github.com/ropensci/rgbif) on 2026-04-21";324;"324";"324"
"875";-2.34548;49.44688;"Laminaria ochroleuca Bachelot de la Pylaie, 1824";"2008";"6";"27";"http://creativecommons.org/licenses/by/4.0/legalcode";". Accessed from R via rgbif (https://github.com/ropensci/rgbif) on 2026-04-21";324;"324";"324"
"876";-2.286855;49.72051;"Laminaria ochroleuca Bachelot de la Pylaie, 1824";"2008";"7";"1";"http://creativecommons.org/licenses/by/4.0/legalcode";". Accessed from R via rgbif (https://github.com/ropensci/rgbif) on 2026-04-21";324;"324";"324"
"877";-3.981085;50.22373;"Laminaria ochroleuca Bachelot de la Pylaie, 1824";"2008";"7";"23";"http://creativecommons.org/licenses/by/4.0/legalcode";". Accessed from R via rgbif (https://github.com/ropensci/rgbif) on 2026-04-21";324;"324";"324"
"878";-6.272914;49.92255;"Laminaria ochroleuca Bachelot de la Pylaie, 1824";"2008";"9";"11";"http://creativecommons.org/licenses/by/4.0/legalcode";". Accessed from R via rgbif (https://github.com/ropensci/rgbif) on 2026-04-21";324;"324";"324"
"879";-6.27058;49.92706;"Laminaria ochroleuca Bachelot de la Pylaie, 1824";"2008";"9";"9";"http://creativecommons.org/licenses/by/4.0/legalcode";". Accessed from R via rgbif (https://github.com/ropensci/rgbif) on 2026-04-21";324;"324";"324"
"880";-6.256408;49.9704;"Laminaria ochroleuca Bachelot de la Pylaie, 1824";"2008";"9";"9";"http://creativecommons.org/licenses/by/4.0/legalcode";". Accessed from R via rgbif (https://github.com/ropensci/rgbif) on 2026-04-21";324;"324";"324"
"881";-6.274849;49.92269;"Laminaria ochroleuca Bachelot de la Pylaie, 1824";"2008";"9";"11";"http://creativecommons.org/licenses/by/4.0/legalcode";". Accessed from R via rgbif (https://github.com/ropensci/rgbif) on 2026-04-21";324;"324";"324"
"882";-6.310748;49.98123;"Laminaria ochroleuca Bachelot de la Pylaie, 1824";"2008";"9";"8";"http://creativecommons.org/licenses/by/4.0/legalcode";". Accessed from R via rgbif (https://github.com/ropensci/rgbif) on 2026-04-21";324;"324";"324"
"883";-27.4;38.8;"Laminaria ochroleuca Bachelot de la Pylaie, 1824";"2008";"9";"4";"http://creativecommons.org/publicdomain/zero/1.0/legalcode";". Accessed from R via rgbif (https://github.com/ropensci/rgbif) on 2026-04-21";324;"324";"324"
"884";-8.7105;41.1973;"Laminaria ochroleuca Bachelot de la Pylaie, 1824";"2007";"3";"19";"http://creativecommons.org/licenses/by/4.0/legalcode";". Accessed from R via rgbif (https://github.com/ropensci/rgbif) on 2026-04-21";324;"324";"324"
"885";-5.052412;50.044002;"Laminaria ochroleuca Bachelot de la Pylaie, 1824";"2007";"4";"8";"http://creativecommons.org/licenses/by/4.0/legalcode";". Accessed from R via rgbif (https://github.com/ropensci/rgbif) on 2026-04-21";324;"324";"324"
"886";-6.257825;49.93622;"Laminaria ochroleuca Bachelot de la Pylaie, 1824";"2007";"5";"17";"http://creativecommons.org/licenses/by/4.0/legalcode";". Accessed from R via rgbif (https://github.com/ropensci/rgbif) on 2026-04-21";324;"324";"324"
"887";-6.278079;49.91242;"Laminaria ochroleuca Bachelot de la Pylaie, 1824";"2007";"5";"16";"http://creativecommons.org/licenses/by/4.0/legalcode";". Accessed from R via rgbif (https://github.com/ropensci/rgbif) on 2026-04-21";324;"324";"324"
"888";-6.278141;49.91242;"Laminaria ochroleuca Bachelot de la Pylaie, 1824";"2007";"5";"16";"http://creativecommons.org/licenses/by/4.0/legalcode";". Accessed from R via rgbif (https://github.com/ropensci/rgbif) on 2026-04-21";324;"324";"324"
"889";-6.253786;49.96961;"Laminaria ochroleuca Bachelot de la Pylaie, 1824";"2007";"5";"18";"http://creativecommons.org/licenses/by/4.0/legalcode";". Accessed from R via rgbif (https://github.com/ropensci/rgbif) on 2026-04-21";324;"324";"324"
"890";-6.274849;49.92269;"Laminaria ochroleuca Bachelot de la Pylaie, 1824";"2007";"5";"18";"http://creativecommons.org/licenses/by/4.0/legalcode";". Accessed from R via rgbif (https://github.com/ropensci/rgbif) on 2026-04-21";324;"324";"324"
"891";-3.056564;48.838978;"Laminaria ochroleuca Bachelot de la Pylaie, 1824";"2007";"5";"12";"http://creativecommons.org/licenses/by/4.0/legalcode";". Accessed from R via rgbif (https://github.com/ropensci/rgbif) on 2026-04-21";324;"324";"324"
"892";-3.056564;48.838978;"Laminaria ochroleuca Bachelot de la Pylaie, 1824";"2007";"5";"13";"http://creativecommons.org/licenses/by/4.0/legalcode";". Accessed from R via rgbif (https://github.com/ropensci/rgbif) on 2026-04-21";324;"324";"324"
"893";-3.05655;48.83898;"Laminaria ochroleuca Bachelot de la Pylaie, 1824";"2007";"5";"13";"http://creativecommons.org/licenses/by-nc/4.0/legalcode";". Accessed from R via rgbif (https://github.com/ropensci/rgbif) on 2026-04-21";324;"324";"324"
"894";-3.05655;48.83898;"Laminaria ochroleuca Bachelot de la Pylaie, 1824";"2007";"5";"12";"http://creativecommons.org/licenses/by-nc/4.0/legalcode";". Accessed from R via rgbif (https://github.com/ropensci/rgbif) on 2026-04-21";324;"324";"324"
"895";-3.05655;48.83898;"Laminaria ochroleuca Bachelot de la Pylaie, 1824";"2007";"5";"13";"http://creativecommons.org/licenses/by/4.0/legalcode";". Accessed from R via rgbif (https://github.com/ropensci/rgbif) on 2026-04-21";324;"324";"324"
"896";-3.05655;48.83898;"Laminaria ochroleuca Bachelot de la Pylaie, 1824";"2007";"5";"12";"http://creativecommons.org/licenses/by/4.0/legalcode";". Accessed from R via rgbif (https://github.com/ropensci/rgbif) on 2026-04-21";324;"324";"324"
"897";-2.256381;49.72612;"Laminaria ochroleuca Bachelot de la Pylaie, 1824";"2007";"6";"30";"http://creativecommons.org/licenses/by/4.0/legalcode";". Accessed from R via rgbif (https://github.com/ropensci/rgbif) on 2026-04-21";324;"324";"324"
"898";-4.603862;48.615486;"Laminaria ochroleuca Bachelot de la Pylaie, 1824";"2007";"6";"11";"http://creativecommons.org/licenses/by/4.0/legalcode";". Accessed from R via rgbif (https://github.com/ropensci/rgbif) on 2026-04-21";324;"324";"324"
"899";-4.60385;48.61549;"Laminaria ochroleuca Bachelot de la Pylaie, 1824";"2007";"6";"11";"http://creativecommons.org/licenses/by-nc/4.0/legalcode";". Accessed from R via rgbif (https://github.com/ropensci/rgbif) on 2026-04-21";324;"324";"324"
"900";-4.60385;48.61549;"Laminaria ochroleuca Bachelot de la Pylaie, 1824";"2007";"6";"11";"http://creativecommons.org/licenses/by/4.0/legalcode";". Accessed from R via rgbif (https://github.com/ropensci/rgbif) on 2026-04-21";324;"324";"324"
"901";-4.184561;50.32238;"Laminaria ochroleuca Bachelot de la Pylaie, 1824";"2007";"7";"2";"http://creativecommons.org/licenses/by/4.0/legalcode";". Accessed from R via rgbif (https://github.com/ropensci/rgbif) on 2026-04-21";324;"324";"324"
"902";-8.8225;41.640833;"Laminaria ochroleuca Bachelot de la Pylaie, 1824";"2007";"11";"7";"http://creativecommons.org/licenses/by/4.0/legalcode";". Accessed from R via rgbif (https://github.com/ropensci/rgbif) on 2026-04-21";324;"324";"324"
"903";-8.87734;41.74468;"Laminaria ochroleuca Bachelot de la Pylaie, 1824";"2006";"2";"27";"http://creativecommons.org/licenses/by/4.0/legalcode";". Accessed from R via rgbif (https://github.com/ropensci/rgbif) on 2026-04-21";324;"324";"324"
"904";-8.7105;41.1973;"Laminaria ochroleuca Bachelot de la Pylaie, 1824";"2006";"3";"1";"http://creativecommons.org/licenses/by/4.0/legalcode";". Accessed from R via rgbif (https://github.com/ropensci/rgbif) on 2026-04-21";324;"324";"324"
"905";-4.603862;48.615486;"Laminaria ochroleuca Bachelot de la Pylaie, 1824";"2006";"4";"8";"http://creativecommons.org/licenses/by/4.0/legalcode";". Accessed from R via rgbif (https://github.com/ropensci/rgbif) on 2026-04-21";324;"324";"324"
"906";-4.60385;48.61549;"Laminaria ochroleuca Bachelot de la Pylaie, 1824";"2006";"4";"8";"http://creativecommons.org/licenses/by-nc/4.0/legalcode";". Accessed from R via rgbif (https://github.com/ropensci/rgbif) on 2026-04-21";324;"324";"324"
"907";-3.056564;48.838978;"Laminaria ochroleuca Bachelot de la Pylaie, 1824";"2006";"5";"7";"http://creativecommons.org/licenses/by/4.0/legalcode";". Accessed from R via rgbif (https://github.com/ropensci/rgbif) on 2026-04-21";324;"324";"324"
"908";-3.056564;48.838978;"Laminaria ochroleuca Bachelot de la Pylaie, 1824";"2006";"5";"6";"http://creativecommons.org/licenses/by/4.0/legalcode";". Accessed from R via rgbif (https://github.com/ropensci/rgbif) on 2026-04-21";324;"324";"324"
"909";-3.05655;48.83898;"Laminaria ochroleuca Bachelot de la Pylaie, 1824";"2006";"5";"7";"http://creativecommons.org/licenses/by-nc/4.0/legalcode";". Accessed from R via rgbif (https://github.com/ropensci/rgbif) on 2026-04-21";324;"324";"324"
"910";-3.05655;48.83898;"Laminaria ochroleuca Bachelot de la Pylaie, 1824";"2006";"5";"6";"http://creativecommons.org/licenses/by-nc/4.0/legalcode";". Accessed from R via rgbif (https://github.com/ropensci/rgbif) on 2026-04-21";324;"324";"324"
"911";-4.005863;48.759628;"Laminaria ochroleuca Bachelot de la Pylaie, 1824";"2006";"6";"5";"http://creativecommons.org/licenses/by/4.0/legalcode";". Accessed from R via rgbif (https://github.com/ropensci/rgbif) on 2026-04-21";324;"324";"324"
"912";-4.00586;48.75963;"Laminaria ochroleuca Bachelot de la Pylaie, 1824";"2006";"6";"5";"http://creativecommons.org/licenses/by-nc/4.0/legalcode";". Accessed from R via rgbif (https://github.com/ropensci/rgbif) on 2026-04-21";324;"324";"324"
"913";-3.513446;48.888771;"Laminaria ochroleuca Bachelot de la Pylaie, 1824";"2006";"7";"2";"http://creativecommons.org/licenses/by/4.0/legalcode";". Accessed from R via rgbif (https://github.com/ropensci/rgbif) on 2026-04-21";324;"324";"324"
"914";-3.51346;48.88877;"Laminaria ochroleuca Bachelot de la Pylaie, 1824";"2006";"7";"2";"http://creativecommons.org/licenses/by-nc/4.0/legalcode";". Accessed from R via rgbif (https://github.com/ropensci/rgbif) on 2026-04-21";324;"324";"324"
"915";-8.7105;41.1973;"Laminaria ochroleuca Bachelot de la Pylaie, 1824";"2006";"8";"9";"http://creativecommons.org/licenses/by/4.0/legalcode";". Accessed from R via rgbif (https://github.com/ropensci/rgbif) on 2026-04-21";324;"324";"324"
"916";-8.851667;41.691667;"Laminaria ochroleuca Bachelot de la Pylaie, 1824";"2006";"11";"6";"http://creativecommons.org/publicdomain/zero/1.0/legalcode";". Accessed from R via rgbif (https://github.com/ropensci/rgbif) on 2026-04-21";324;"324";"324"
"917";-6.374916;49.90559;"Laminaria ochroleuca Bachelot de la Pylaie, 1824";"2005";"5";"10";"http://creativecommons.org/licenses/by/4.0/legalcode";". Accessed from R via rgbif (https://github.com/ropensci/rgbif) on 2026-04-21";324;"324";"324"
"918";-6.252124;49.93435;"Laminaria ochroleuca Bachelot de la Pylaie, 1824";"2005";"5";"8";"http://creativecommons.org/licenses/by/4.0/legalcode";". Accessed from R via rgbif (https://github.com/ropensci/rgbif) on 2026-04-21";324;"324";"324"
"919";-6.346699;49.95834;"Laminaria ochroleuca Bachelot de la Pylaie, 1824";"2005";"5";"13";"http://creativecommons.org/licenses/by/4.0/legalcode";". Accessed from R via rgbif (https://github.com/ropensci/rgbif) on 2026-04-21";324;"324";"324"
"920";-4.101269;50.317432;"Laminaria ochroleuca Bachelot de la Pylaie, 1824";"2005";"6";NA;"http://creativecommons.org/publicdomain/zero/1.0/legalcode";". Accessed from R via rgbif (https://github.com/ropensci/rgbif) on 2026-04-21";324;"324";"324"
"921";-27.4;38.8;"Laminaria ochroleuca Bachelot de la Pylaie, 1824";"2005";"6";"8";"http://creativecommons.org/publicdomain/zero/1.0/legalcode";". Accessed from R via rgbif (https://github.com/ropensci/rgbif) on 2026-04-21";324;"324";"324"
"922";-8.716389;41.205;"Laminaria ochroleuca Bachelot de la Pylaie, 1824";"2004";"8";"3";"http://creativecommons.org/licenses/by/4.0/legalcode";". Accessed from R via rgbif (https://github.com/ropensci/rgbif) on 2026-04-21";324;"324";"324"
"923";-6.305875;49.969113;"Laminaria ochroleuca Bachelot de la Pylaie, 1824";"2004";"9";"13";"http://creativecommons.org/licenses/by/4.0/legalcode";". Accessed from R via rgbif (https://github.com/ropensci/rgbif) on 2026-04-21";324;"324";"324"
"924";-6.284141;49.98323;"Laminaria ochroleuca Bachelot de la Pylaie, 1824";"2004";"9";"17";"http://creativecommons.org/licenses/by/4.0/legalcode";". Accessed from R via rgbif (https://github.com/ropensci/rgbif) on 2026-04-21";324;"324";"324"
"925";-8.716389;41.205;"Laminaria ochroleuca Bachelot de la Pylaie, 1824";"2004";"10";"26";"http://creativecommons.org/licenses/by/4.0/legalcode";". Accessed from R via rgbif (https://github.com/ropensci/rgbif) on 2026-04-21";324;"324";"324"
"926";-8.88;41.750278;"Laminaria ochroleuca Bachelot de la Pylaie, 1824";"2003";"2";"2";"http://creativecommons.org/licenses/by/4.0/legalcode";". Accessed from R via rgbif (https://github.com/ropensci/rgbif) on 2026-04-21";324;"324";"324"
"927";-8.822778;41.640556;"Laminaria ochroleuca Bachelot de la Pylaie, 1824";"2003";"2";"1";"http://creativecommons.org/licenses/by/4.0/legalcode";". Accessed from R via rgbif (https://github.com/ropensci/rgbif) on 2026-04-21";324;"324";"324"
"928";-8.821944;41.629722;"Laminaria ochroleuca Bachelot de la Pylaie, 1824";"2003";"5";"15";"http://creativecommons.org/licenses/by/4.0/legalcode";". Accessed from R via rgbif (https://github.com/ropensci/rgbif) on 2026-04-21";324;"324";"324"
"929";-4.1352;50.33795;"Laminaria ochroleuca Bachelot de la Pylaie, 1824";"2003";"8";"7";"http://creativecommons.org/licenses/by/4.0/legalcode";". Accessed from R via rgbif (https://github.com/ropensci/rgbif) on 2026-04-21";324;"324";"324"
"930";-8.853889;41.697222;"Laminaria ochroleuca Bachelot de la Pylaie, 1824";"2003";NA;NA;"http://creativecommons.org/licenses/by-nc/4.0/legalcode";". Accessed from R via rgbif (https://github.com/ropensci/rgbif) on 2026-04-21";324;"324";"324"
"931";-8.903539;40.177513;"Laminaria ochroleuca Bachelot de la Pylaie, 1824";"2002";"1";"2";"http://creativecommons.org/licenses/by/4.0/legalcode";". Accessed from R via rgbif (https://github.com/ropensci/rgbif) on 2026-04-21";324;"324";"324"
"932";-8.825918;41.642586;"Laminaria ochroleuca Bachelot de la Pylaie, 1824";"2002";"6";"25";"http://creativecommons.org/licenses/by/4.0/legalcode";". Accessed from R via rgbif (https://github.com/ropensci/rgbif) on 2026-04-21";324;"324";"324"
"933";-8.298182;37.072434;"Laminaria ochroleuca Bachelot de la Pylaie, 1824";"2002";"10";"5";"http://creativecommons.org/licenses/by/4.0/legalcode";". Accessed from R via rgbif (https://github.com/ropensci/rgbif) on 2026-04-21";324;"324";"324"
"934";-8.681465;37.08385;"Laminaria ochroleuca Bachelot de la Pylaie, 1824";"2002";"10";"6";"http://creativecommons.org/licenses/by/4.0/legalcode";". Accessed from R via rgbif (https://github.com/ropensci/rgbif) on 2026-04-21";324;"324";"324"
"935";-8.853935;41.698016;"Laminaria ochroleuca Bachelot de la Pylaie, 1824";"2002";"11";"6";"http://creativecommons.org/licenses/by/4.0/legalcode";". Accessed from R via rgbif (https://github.com/ropensci/rgbif) on 2026-04-21";324;"324";"324"
"936";-8.658869;41.068286;"Laminaria ochroleuca Bachelot de la Pylaie, 1824";"2002";"11";"4";"http://creativecommons.org/licenses/by/4.0/legalcode";". Accessed from R via rgbif (https://github.com/ropensci/rgbif) on 2026-04-21";324;"324";"324"
"937";-8.852222;41.696944;"Laminaria ochroleuca Bachelot de la Pylaie, 1824";"2002";"11";"4";"http://creativecommons.org/licenses/by/4.0/legalcode";". Accessed from R via rgbif (https://github.com/ropensci/rgbif) on 2026-04-21";324;"324";"324"
"938";-9.485069;38.805798;"Laminaria ochroleuca Bachelot de la Pylaie, 1824";"2002";"12";"6";"http://creativecommons.org/licenses/by/4.0/legalcode";". Accessed from R via rgbif (https://github.com/ropensci/rgbif) on 2026-04-21";324;"324";"324"
"939";-8.981859;38.478248;"Laminaria ochroleuca Bachelot de la Pylaie, 1824";"2002";"12";"6";"http://creativecommons.org/licenses/by/4.0/legalcode";". Accessed from R via rgbif (https://github.com/ropensci/rgbif) on 2026-04-21";324;"324";"324"
"940";-8.857093;41.699426;"Laminaria ochroleuca Bachelot de la Pylaie, 1824";"2001";"9";"19";"http://creativecommons.org/licenses/by/4.0/legalcode";". Accessed from R via rgbif (https://github.com/ropensci/rgbif) on 2026-04-21";324;"324";"324"
"941";-8.873979;41.841824;"Laminaria ochroleuca Bachelot de la Pylaie, 1824";"2001";"9";"19";"http://creativecommons.org/licenses/by/4.0/legalcode";". Accessed from R via rgbif (https://github.com/ropensci/rgbif) on 2026-04-21";324;"324";"324"
"942";-8.716956;41.223489;"Laminaria ochroleuca Bachelot de la Pylaie, 1824";"2001";"9";"18";"http://creativecommons.org/licenses/by/4.0/legalcode";". Accessed from R via rgbif (https://github.com/ropensci/rgbif) on 2026-04-21";324;"324";"324"
"943";-8.876095;41.736517;"Laminaria ochroleuca Bachelot de la Pylaie, 1824";"2001";"9";"20";"http://creativecommons.org/licenses/by/4.0/legalcode";". Accessed from R via rgbif (https://github.com/ropensci/rgbif) on 2026-04-21";324;"324";"324"
"944";-5.013698;50.139471;"Laminaria ochroleuca Bachelot de la Pylaie, 1824";"2001";"10";"12";"http://creativecommons.org/licenses/by/4.0/legalcode";". Accessed from R via rgbif (https://github.com/ropensci/rgbif) on 2026-04-21";324;"324";"324"
"945";-9.377283;39.37344;"Laminaria ochroleuca Bachelot de la Pylaie, 1824";"2001";"10";"18";"http://creativecommons.org/licenses/by/4.0/legalcode";". Accessed from R via rgbif (https://github.com/ropensci/rgbif) on 2026-04-21";324;"324";"324"
"946";-9.360986;38.688432;"Laminaria ochroleuca Bachelot de la Pylaie, 1824";"2001";"10";"16";"http://creativecommons.org/licenses/by/4.0/legalcode";". Accessed from R via rgbif (https://github.com/ropensci/rgbif) on 2026-04-21";324;"324";"324"
"947";-8.66897;37.091115;"Laminaria ochroleuca Bachelot de la Pylaie, 1824";"2001";"11";"14";"http://creativecommons.org/licenses/by/4.0/legalcode";". Accessed from R via rgbif (https://github.com/ropensci/rgbif) on 2026-04-21";324;"324";"324"
"948";-8.854811;37.340579;"Laminaria ochroleuca Bachelot de la Pylaie, 1824";"2001";"11";"16";"http://creativecommons.org/licenses/by/4.0/legalcode";". Accessed from R via rgbif (https://github.com/ropensci/rgbif) on 2026-04-21";324;"324";"324"
"949";-8.877728;37.045155;"Laminaria ochroleuca Bachelot de la Pylaie, 1824";"2001";"11";"15";"http://creativecommons.org/licenses/by/4.0/legalcode";". Accessed from R via rgbif (https://github.com/ropensci/rgbif) on 2026-04-21";324;"324";"324"
"950";-9.215187;38.423685;"Laminaria ochroleuca Bachelot de la Pylaie, 1824";"2001";"12";"6";"http://creativecommons.org/licenses/by/4.0/legalcode";". Accessed from R via rgbif (https://github.com/ropensci/rgbif) on 2026-04-21";324;"324";"324"
"951";-8.983333;38.466667;"Laminaria ochroleuca Bachelot de la Pylaie, 1824";"2000";"6";NA;"http://creativecommons.org/licenses/by-nc/4.0/legalcode";". Accessed from R via rgbif (https://github.com/ropensci/rgbif) on 2026-04-21";324;"324";"324"
"952";-8.983333;38.466667;"Laminaria ochroleuca Bachelot de la Pylaie, 1824";"1999";"6";NA;"http://creativecommons.org/licenses/by-nc/4.0/legalcode";". Accessed from R via rgbif (https://github.com/ropensci/rgbif) on 2026-04-21";324;"324";"324"
"953";-3.465547;43.480407;"Laminaria ochroleuca Bachelot de la Pylaie, 1824";"1998";"5";"12";"http://creativecommons.org/licenses/by-nc/4.0/legalcode";". Accessed from R via rgbif (https://github.com/ropensci/rgbif) on 2026-04-21";324;"324";"324"
"954";-3.427733;43.471578;"Laminaria ochroleuca Bachelot de la Pylaie, 1824";"1998";"5";"13";"http://creativecommons.org/licenses/by-nc/4.0/legalcode";". Accessed from R via rgbif (https://github.com/ropensci/rgbif) on 2026-04-21";324;"324";"324"
"955";-3.455806;43.490711;"Laminaria ochroleuca Bachelot de la Pylaie, 1824";"1998";"9";"25";"http://creativecommons.org/licenses/by-nc/4.0/legalcode";". Accessed from R via rgbif (https://github.com/ropensci/rgbif) on 2026-04-21";324;"324";"324"
"956";-3.465547;43.480407;"Laminaria ochroleuca Bachelot de la Pylaie, 1824";"1998";"9";"25";"http://creativecommons.org/licenses/by-nc/4.0/legalcode";". Accessed from R via rgbif (https://github.com/ropensci/rgbif) on 2026-04-21";324;"324";"324"
"957";-3.427733;43.471578;"Laminaria ochroleuca Bachelot de la Pylaie, 1824";"1998";"9";"25";"http://creativecommons.org/licenses/by-nc/4.0/legalcode";". Accessed from R via rgbif (https://github.com/ropensci/rgbif) on 2026-04-21";324;"324";"324"
"958";-4.136605;50.337924;"Laminaria ochroleuca Bachelot de la Pylaie, 1824";"1998";"10";"2";"http://creativecommons.org/licenses/by/4.0/legalcode";". Accessed from R via rgbif (https://github.com/ropensci/rgbif) on 2026-04-21";324;"324";"324"
"959";-3.92375;43.495551;"Laminaria ochroleuca Bachelot de la Pylaie, 1824";"1998";"10";"13";"http://creativecommons.org/licenses/by-nc/4.0/legalcode";". Accessed from R via rgbif (https://github.com/ropensci/rgbif) on 2026-04-21";324;"324";"324"
"960";-4.136071;50.338249;"Laminaria ochroleuca Bachelot de la Pylaie, 1824";"1998";"10";"2";"http://creativecommons.org/licenses/by-nc/4.0/legalcode";". Accessed from R via rgbif (https://github.com/ropensci/rgbif) on 2026-04-21";324;"324";"324"
"961";-6.305126;49.976339;"Laminaria ochroleuca Bachelot de la Pylaie, 1824";"1997";"10";"20";"http://creativecommons.org/licenses/by/4.0/legalcode";". Accessed from R via rgbif (https://github.com/ropensci/rgbif) on 2026-04-21";324;"324";"324"
"962";-6.281714;49.948413;"Laminaria ochroleuca Bachelot de la Pylaie, 1824";"1997";"10";"22";"http://creativecommons.org/licenses/by/4.0/legalcode";". Accessed from R via rgbif (https://github.com/ropensci/rgbif) on 2026-04-21";324;"324";"324"
"963";-6.346937;49.882994;"Laminaria ochroleuca Bachelot de la Pylaie, 1824";"1997";"10";"19";"http://creativecommons.org/licenses/by/4.0/legalcode";". Accessed from R via rgbif (https://github.com/ropensci/rgbif) on 2026-04-21";324;"324";"324"
"964";-6.326738;49.906247;"Laminaria ochroleuca Bachelot de la Pylaie, 1824";"1997";"10";"18";"http://creativecommons.org/licenses/by/4.0/legalcode";". Accessed from R via rgbif (https://github.com/ropensci/rgbif) on 2026-04-21";324;"324";"324"
"965";-4.151766;50.331348;"Laminaria ochroleuca Bachelot de la Pylaie, 1824";"1993";"7";"6";"http://creativecommons.org/licenses/by/4.0/legalcode";". Accessed from R via rgbif (https://github.com/ropensci/rgbif) on 2026-04-21";324;"324";"324"
"966";-9.85;31.1;"Laminaria ochroleuca Bachelot de la Pylaie, 1824";"1988";"7";"19";"http://creativecommons.org/publicdomain/zero/1.0/legalcode";". Accessed from R via rgbif (https://github.com/ropensci/rgbif) on 2026-04-21";324;"324";"324"
"967";-8.5167;33.2833;"Laminaria ochroleuca Bachelot de la Pylaie, 1824";"1988";"7";"20";"http://creativecommons.org/publicdomain/zero/1.0/legalcode";". Accessed from R via rgbif (https://github.com/ropensci/rgbif) on 2026-04-21";324;"324";"324"
"968";-9.85;31.3917;"Laminaria ochroleuca Bachelot de la Pylaie, 1824";"1987";"8";"11";"http://creativecommons.org/publicdomain/zero/1.0/legalcode";". Accessed from R via rgbif (https://github.com/ropensci/rgbif) on 2026-04-21";324;"324";"324"
"969";-9.275;32.5417;"Laminaria ochroleuca Bachelot de la Pylaie, 1824";"1987";"8";"12";"http://creativecommons.org/publicdomain/zero/1.0/legalcode";". Accessed from R via rgbif (https://github.com/ropensci/rgbif) on 2026-04-21";324;"324";"324"
"970";-9.215448;38.40923;"Laminaria ochroleuca Bachelot de la Pylaie, 1824";"1987";NA;NA;"http://creativecommons.org/licenses/by-nc/4.0/legalcode";". Accessed from R via rgbif (https://github.com/ropensci/rgbif) on 2026-04-21";324;"324";"324"
"971";-4.154737;50.334891;"Laminaria ochroleuca Bachelot de la Pylaie, 1824";"1986";"5";"24";"http://creativecommons.org/licenses/by/4.0/legalcode";". Accessed from R via rgbif (https://github.com/ropensci/rgbif) on 2026-04-21";324;"324";"324"
"972";-4.19661;50.328711;"Laminaria ochroleuca Bachelot de la Pylaie, 1824";"1986";"7";"25";"http://creativecommons.org/licenses/by/4.0/legalcode";". Accessed from R via rgbif (https://github.com/ropensci/rgbif) on 2026-04-21";324;"324";"324"
"973";-4.178894;50.340737;"Laminaria ochroleuca Bachelot de la Pylaie, 1824";"1986";"7";"23";"http://creativecommons.org/licenses/by/4.0/legalcode";". Accessed from R via rgbif (https://github.com/ropensci/rgbif) on 2026-04-21";324;"324";"324"
"974";-4.124488;50.349839;"Laminaria ochroleuca Bachelot de la Pylaie, 1824";"1986";"7";"23";"http://creativecommons.org/licenses/by/4.0/legalcode";". Accessed from R via rgbif (https://github.com/ropensci/rgbif) on 2026-04-21";324;"324";"324"
"975";-6.259079;49.944749;"Laminaria ochroleuca Bachelot de la Pylaie, 1824";"1986";"9";NA;"http://creativecommons.org/licenses/by/4.0/legalcode";". Accessed from R via rgbif (https://github.com/ropensci/rgbif) on 2026-04-21";324;"324";"324"
"976";-6.274167;49.926196;"Laminaria ochroleuca Bachelot de la Pylaie, 1824";"1986";"9";NA;"http://creativecommons.org/licenses/by/4.0/legalcode";". Accessed from R via rgbif (https://github.com/ropensci/rgbif) on 2026-04-21";324;"324";"324"
"977";-6.351262;49.884631;"Laminaria ochroleuca Bachelot de la Pylaie, 1824";"1986";"9";NA;"http://creativecommons.org/licenses/by/4.0/legalcode";". Accessed from R via rgbif (https://github.com/ropensci/rgbif) on 2026-04-21";324;"324";"324"
"978";-6.278732;49.930527;"Laminaria ochroleuca Bachelot de la Pylaie, 1824";"1986";"9";NA;"http://creativecommons.org/licenses/by/4.0/legalcode";". Accessed from R via rgbif (https://github.com/ropensci/rgbif) on 2026-04-21";324;"324";"324"
"979";-6.274485;49.929784;"Laminaria ochroleuca Bachelot de la Pylaie, 1824";"1986";"9";NA;"http://creativecommons.org/licenses/by/4.0/legalcode";". Accessed from R via rgbif (https://github.com/ropensci/rgbif) on 2026-04-21";324;"324";"324"
"980";-6.328689;49.912472;"Laminaria ochroleuca Bachelot de la Pylaie, 1824";"1986";"9";NA;"http://creativecommons.org/licenses/by/4.0/legalcode";". Accessed from R via rgbif (https://github.com/ropensci/rgbif) on 2026-04-21";324;"324";"324"
"981";-6.274405;49.928887;"Laminaria ochroleuca Bachelot de la Pylaie, 1824";"1986";"9";NA;"http://creativecommons.org/licenses/by/4.0/legalcode";". Accessed from R via rgbif (https://github.com/ropensci/rgbif) on 2026-04-21";324;"324";"324"
"982";-6.307136;49.905178;"Laminaria ochroleuca Bachelot de la Pylaie, 1824";"1986";"9";NA;"http://creativecommons.org/licenses/by/4.0/legalcode";". Accessed from R via rgbif (https://github.com/ropensci/rgbif) on 2026-04-21";324;"324";"324"
"983";-6.316296;49.898538;"Laminaria ochroleuca Bachelot de la Pylaie, 1824";"1986";"9";NA;"http://creativecommons.org/licenses/by/4.0/legalcode";". Accessed from R via rgbif (https://github.com/ropensci/rgbif) on 2026-04-21";324;"324";"324"
"984";-6.328528;49.910679;"Laminaria ochroleuca Bachelot de la Pylaie, 1824";"1986";"9";NA;"http://creativecommons.org/licenses/by/4.0/legalcode";". Accessed from R via rgbif (https://github.com/ropensci/rgbif) on 2026-04-21";324;"324";"324"
"985";-3.775622;50.229774;"Laminaria ochroleuca Bachelot de la Pylaie, 1824";"1985";"4";"7";"http://creativecommons.org/licenses/by/4.0/legalcode";". Accessed from R via rgbif (https://github.com/ropensci/rgbif) on 2026-04-21";324;"324";"324"
"986";-9.195278;38.408611;"Laminaria ochroleuca Bachelot de la Pylaie, 1824";"1985";"6";"25";"http://creativecommons.org/licenses/by-nc/4.0/legalcode";". Accessed from R via rgbif (https://github.com/ropensci/rgbif) on 2026-04-21";324;"324";"324"
"987";-5.01655;50.140296;"Laminaria ochroleuca Bachelot de la Pylaie, 1824";"1985";"7";"1";"http://creativecommons.org/licenses/by/4.0/legalcode";". Accessed from R via rgbif (https://github.com/ropensci/rgbif) on 2026-04-21";324;"324";"324"
"988";-5.029524;50.146255;"Laminaria ochroleuca Bachelot de la Pylaie, 1824";"1985";"7";"1";"http://creativecommons.org/licenses/by/4.0/legalcode";". Accessed from R via rgbif (https://github.com/ropensci/rgbif) on 2026-04-21";324;"324";"324"
"989";-3.774187;50.228896;"Laminaria ochroleuca Bachelot de la Pylaie, 1824";"1985";"9";"9";"http://creativecommons.org/licenses/by/4.0/legalcode";". Accessed from R via rgbif (https://github.com/ropensci/rgbif) on 2026-04-21";324;"324";"324"
"990";-3.772719;50.22712;"Laminaria ochroleuca Bachelot de la Pylaie, 1824";"1985";"9";"12";"http://creativecommons.org/licenses/by/4.0/legalcode";". Accessed from R via rgbif (https://github.com/ropensci/rgbif) on 2026-04-21";324;"324";"324"
"991";-9.166667;38.416667;"Laminaria ochroleuca Bachelot de la Pylaie, 1824";"1985";"9";"21";"http://creativecommons.org/licenses/by-nc/4.0/legalcode";". Accessed from R via rgbif (https://github.com/ropensci/rgbif) on 2026-04-21";324;"324";"324"
"992";-9.215756;38.437477;"Laminaria ochroleuca Bachelot de la Pylaie, 1824";"1985";"11";"29";"http://creativecommons.org/licenses/by-nc/4.0/legalcode";". Accessed from R via rgbif (https://github.com/ropensci/rgbif) on 2026-04-21";324;"324";"324"
"993";-9.166667;38.416667;"Laminaria ochroleuca Bachelot de la Pylaie, 1824";"1984";"8";"3";"http://creativecommons.org/licenses/by-nc/4.0/legalcode";". Accessed from R via rgbif (https://github.com/ropensci/rgbif) on 2026-04-21";324;"324";"324"
"994";-6.307056;49.904281;"Laminaria ochroleuca Bachelot de la Pylaie, 1824";"1984";"9";NA;"http://creativecommons.org/licenses/by/4.0/legalcode";". Accessed from R via rgbif (https://github.com/ropensci/rgbif) on 2026-04-21";324;"324";"324"
"995";-6.316296;49.898538;"Laminaria ochroleuca Bachelot de la Pylaie, 1824";"1984";"9";NA;"http://creativecommons.org/licenses/by/4.0/legalcode";". Accessed from R via rgbif (https://github.com/ropensci/rgbif) on 2026-04-21";324;"324";"324"
"996";-6.271469;49.958689;"Laminaria ochroleuca Bachelot de la Pylaie, 1824";"1984";"9";"23";"http://creativecommons.org/licenses/by/4.0/legalcode";". Accessed from R via rgbif (https://github.com/ropensci/rgbif) on 2026-04-21";324;"324";"324"
"997";-6.259079;49.944749;"Laminaria ochroleuca Bachelot de la Pylaie, 1824";"1984";"9";NA;"http://creativecommons.org/licenses/by/4.0/legalcode";". Accessed from R via rgbif (https://github.com/ropensci/rgbif) on 2026-04-21";324;"324";"324"
"998";-6.32877;49.913369;"Laminaria ochroleuca Bachelot de la Pylaie, 1824";"1984";"9";NA;"http://creativecommons.org/licenses/by/4.0/legalcode";". Accessed from R via rgbif (https://github.com/ropensci/rgbif) on 2026-04-21";324;"324";"324"
"999";-6.275874;49.929732;"Laminaria ochroleuca Bachelot de la Pylaie, 1824";"1984";"9";NA;"http://creativecommons.org/licenses/by/4.0/legalcode";". Accessed from R via rgbif (https://github.com/ropensci/rgbif) on 2026-04-21";324;"324";"324"
"1000";-6.273016;49.928938;"Laminaria ochroleuca Bachelot de la Pylaie, 1824";"1984";"9";NA;"http://creativecommons.org/licenses/by/4.0/legalcode";". Accessed from R via rgbif (https://github.com/ropensci/rgbif) on 2026-04-21";324;"324";"324"
"1001";-9.166667;38.416667;"Laminaria ochroleuca Bachelot de la Pylaie, 1824";"1984";"10";"27";"http://creativecommons.org/licenses/by-nc/4.0/legalcode";". Accessed from R via rgbif (https://github.com/ropensci/rgbif) on 2026-04-21";324;"324";"324"
"1002";-6.298828;49.976123;"Laminaria ochroleuca Bachelot de la Pylaie, 1824";"1983";"3";"30";"http://creativecommons.org/publicdomain/zero/1.0/legalcode";". Accessed from R via rgbif (https://github.com/ropensci/rgbif) on 2026-04-21";324;"324";"324"
"1003";-6.298172;49.976597;"Laminaria ochroleuca Bachelot de la Pylaie, 1824";"1983";"3";"30";"http://creativecommons.org/licenses/by/4.0/legalcode";". Accessed from R via rgbif (https://github.com/ropensci/rgbif) on 2026-04-21";324;"324";"324"
"1004";-6.348809;49.888322;"Laminaria ochroleuca Bachelot de la Pylaie, 1824";"1983";"3";"29";"http://creativecommons.org/licenses/by/4.0/legalcode";". Accessed from R via rgbif (https://github.com/ropensci/rgbif) on 2026-04-21";324;"324";"324"
"1005";-6.361014;49.946353;"Laminaria ochroleuca Bachelot de la Pylaie, 1824";"1983";"3";"28";"http://creativecommons.org/licenses/by/4.0/legalcode";". Accessed from R via rgbif (https://github.com/ropensci/rgbif) on 2026-04-21";324;"324";"324"
"1006";-6.35606;49.906946;"Laminaria ochroleuca Bachelot de la Pylaie, 1824";"1983";"3";"29";"http://creativecommons.org/licenses/by/4.0/legalcode";". Accessed from R via rgbif (https://github.com/ropensci/rgbif) on 2026-04-21";324;"324";"324"
"1007";-6.34833;49.960327;"Laminaria ochroleuca Bachelot de la Pylaie, 1824";"1983";"3";"31";"http://creativecommons.org/licenses/by/4.0/legalcode";". Accessed from R via rgbif (https://github.com/ropensci/rgbif) on 2026-04-21";324;"324";"324"
"1008";-6.361095;49.947249;"Laminaria ochroleuca Bachelot de la Pylaie, 1824";"1983";"3";"28";"http://creativecommons.org/licenses/by/4.0/legalcode";". Accessed from R via rgbif (https://github.com/ropensci/rgbif) on 2026-04-21";324;"324";"324"
"1009";-6.346194;49.89022;"Laminaria ochroleuca Bachelot de la Pylaie, 1824";"1983";"3";"29";"http://creativecommons.org/licenses/by/4.0/legalcode";". Accessed from R via rgbif (https://github.com/ropensci/rgbif) on 2026-04-21";324;"324";"324"
"1010";-9.195278;38.408611;"Laminaria ochroleuca Bachelot de la Pylaie, 1824";"1983";"4";"7";"http://creativecommons.org/licenses/by-nc/4.0/legalcode";". Accessed from R via rgbif (https://github.com/ropensci/rgbif) on 2026-04-21";324;"324";"324"
"1011";-9.059603;38.433885;"Laminaria ochroleuca Bachelot de la Pylaie, 1824";"1983";"4";"7";"http://creativecommons.org/licenses/by-nc/4.0/legalcode";". Accessed from R via rgbif (https://github.com/ropensci/rgbif) on 2026-04-21";324;"324";"324"
"1012";-9.118103;38.429803;"Laminaria ochroleuca Bachelot de la Pylaie, 1824";"1983";"4";"7";"http://creativecommons.org/licenses/by-nc/4.0/legalcode";". Accessed from R via rgbif (https://github.com/ropensci/rgbif) on 2026-04-21";324;"324";"324"
"1013";-9.137414;38.428305;"Laminaria ochroleuca Bachelot de la Pylaie, 1824";"1983";"4";"7";"http://creativecommons.org/licenses/by-nc/4.0/legalcode";". Accessed from R via rgbif (https://github.com/ropensci/rgbif) on 2026-04-21";324;"324";"324"
"1014";-8.98963;38.467201;"Laminaria ochroleuca Bachelot de la Pylaie, 1824";"1983";"4";"7";"http://creativecommons.org/licenses/by-nc/4.0/legalcode";". Accessed from R via rgbif (https://github.com/ropensci/rgbif) on 2026-04-21";324;"324";"324"
"1015";-9.166667;38.416667;"Laminaria ochroleuca Bachelot de la Pylaie, 1824";"1983";"6";"30";"http://creativecommons.org/licenses/by-nc/4.0/legalcode";". Accessed from R via rgbif (https://github.com/ropensci/rgbif) on 2026-04-21";324;"324";"324"
"1016";-9.195278;38.408611;"Laminaria ochroleuca Bachelot de la Pylaie, 1824";"1983";"6";"30";"http://creativecommons.org/licenses/by-nc/4.0/legalcode";". Accessed from R via rgbif (https://github.com/ropensci/rgbif) on 2026-04-21";324;"324";"324"
"1017";-9.059603;38.433885;"Laminaria ochroleuca Bachelot de la Pylaie, 1824";"1983";"6";"30";"http://creativecommons.org/licenses/by-nc/4.0/legalcode";". Accessed from R via rgbif (https://github.com/ropensci/rgbif) on 2026-04-21";324;"324";"324"
"1018";-9.118103;38.429803;"Laminaria ochroleuca Bachelot de la Pylaie, 1824";"1983";"6";"30";"http://creativecommons.org/licenses/by-nc/4.0/legalcode";". Accessed from R via rgbif (https://github.com/ropensci/rgbif) on 2026-04-21";324;"324";"324"
"1019";-9.066751;38.434013;"Laminaria ochroleuca Bachelot de la Pylaie, 1824";"1983";"6";"30";"http://creativecommons.org/licenses/by-nc/4.0/legalcode";". Accessed from R via rgbif (https://github.com/ropensci/rgbif) on 2026-04-21";324;"324";"324"
"1020";-9.063888;38.434648;"Laminaria ochroleuca Bachelot de la Pylaie, 1824";"1983";"6";"30";"http://creativecommons.org/licenses/by-nc/4.0/legalcode";". Accessed from R via rgbif (https://github.com/ropensci/rgbif) on 2026-04-21";324;"324";"324"
"1021";-6.384149;49.94008;"Laminaria ochroleuca Bachelot de la Pylaie, 1824";"1983";"7";"8";"http://creativecommons.org/licenses/by/4.0/legalcode";". Accessed from R via rgbif (https://github.com/ropensci/rgbif) on 2026-04-21";324;"324";"324"
"1022";-6.395919;49.946832;"Laminaria ochroleuca Bachelot de la Pylaie, 1824";"1983";"7";"4";"http://creativecommons.org/licenses/by/4.0/legalcode";". Accessed from R via rgbif (https://github.com/ropensci/rgbif) on 2026-04-21";324;"324";"324"
"1023";-6.250299;49.955869;"Laminaria ochroleuca Bachelot de la Pylaie, 1824";"1983";"7";"6";"http://creativecommons.org/licenses/by/4.0/legalcode";". Accessed from R via rgbif (https://github.com/ropensci/rgbif) on 2026-04-21";324;"324";"324"
"1024";-6.29253;49.975907;"Laminaria ochroleuca Bachelot de la Pylaie, 1824";"1983";"7";"12";"http://creativecommons.org/licenses/by/4.0/legalcode";". Accessed from R via rgbif (https://github.com/ropensci/rgbif) on 2026-04-21";324;"324";"324"
"1025";-6.298983;49.938775;"Laminaria ochroleuca Bachelot de la Pylaie, 1824";"1983";"7";"11";"http://creativecommons.org/licenses/by/4.0/legalcode";". Accessed from R via rgbif (https://github.com/ropensci/rgbif) on 2026-04-21";324;"324";"324"
"1026";-6.315789;49.908455;"Laminaria ochroleuca Bachelot de la Pylaie, 1824";"1983";"7";"15";"http://creativecommons.org/licenses/by/4.0/legalcode";". Accessed from R via rgbif (https://github.com/ropensci/rgbif) on 2026-04-21";324;"324";"324"
"1027";-6.346937;49.882994;"Laminaria ochroleuca Bachelot de la Pylaie, 1824";"1983";"7";"3";"http://creativecommons.org/licenses/by/4.0/legalcode";". Accessed from R via rgbif (https://github.com/ropensci/rgbif) on 2026-04-21";324;"324";"324"
"1028";-6.320906;49.98115;"Laminaria ochroleuca Bachelot de la Pylaie, 1824";"1983";"7";"10";"http://creativecommons.org/licenses/by/4.0/legalcode";". Accessed from R via rgbif (https://github.com/ropensci/rgbif) on 2026-04-21";324;"324";"324"
"1029";-6.312985;49.923857;"Laminaria ochroleuca Bachelot de la Pylaie, 1824";"1983";"7";"15";"http://creativecommons.org/licenses/by/4.0/legalcode";". Accessed from R via rgbif (https://github.com/ropensci/rgbif) on 2026-04-21";324;"324";"324"
"1030";-6.407347;49.87351;"Laminaria ochroleuca Bachelot de la Pylaie, 1824";"1983";"7";"5";"http://creativecommons.org/licenses/by/4.0/legalcode";". Accessed from R via rgbif (https://github.com/ropensci/rgbif) on 2026-04-21";324;"324";"324"
"1031";-6.32877;49.913369;"Laminaria ochroleuca Bachelot de la Pylaie, 1824";"1983";"7";"15";"http://creativecommons.org/licenses/by/4.0/legalcode";". Accessed from R via rgbif (https://github.com/ropensci/rgbif) on 2026-04-21";324;"324";"324"
"1032";-6.375012;49.900832;"Laminaria ochroleuca Bachelot de la Pylaie, 1824";"1983";"7";"14";"http://creativecommons.org/licenses/by/4.0/legalcode";". Accessed from R via rgbif (https://github.com/ropensci/rgbif) on 2026-04-21";324;"324";"324"
"1033";-6.395022;49.875778;"Laminaria ochroleuca Bachelot de la Pylaie, 1824";"1983";"7";"7";"http://creativecommons.org/licenses/by/4.0/legalcode";". Accessed from R via rgbif (https://github.com/ropensci/rgbif) on 2026-04-21";324;"324";"324"
"1034";-6.358003;49.928469;"Laminaria ochroleuca Bachelot de la Pylaie, 1824";"1983";"7";"8";"http://creativecommons.org/licenses/by/4.0/legalcode";". Accessed from R via rgbif (https://github.com/ropensci/rgbif) on 2026-04-21";324;"324";"324"
"1035";-6.285816;49.978855;"Laminaria ochroleuca Bachelot de la Pylaie, 1824";"1983";"7";"12";"http://creativecommons.org/licenses/by/4.0/legalcode";". Accessed from R via rgbif (https://github.com/ropensci/rgbif) on 2026-04-21";324;"324";"324"
"1036";-6.272898;49.94334;"Laminaria ochroleuca Bachelot de la Pylaie, 1824";"1983";"7";"13";"http://creativecommons.org/licenses/by/4.0/legalcode";". Accessed from R via rgbif (https://github.com/ropensci/rgbif) on 2026-04-21";324;"324";"324"
"1037";-6.289403;49.909436;"Laminaria ochroleuca Bachelot de la Pylaie, 1824";"1983";"7";"13";"http://creativecommons.org/licenses/by/4.0/legalcode";". Accessed from R via rgbif (https://github.com/ropensci/rgbif) on 2026-04-21";324;"324";"324"
"1038";-6.294559;49.904746;"Laminaria ochroleuca Bachelot de la Pylaie, 1824";"1983";"7";"11";"http://creativecommons.org/licenses/by/4.0/legalcode";". Accessed from R via rgbif (https://github.com/ropensci/rgbif) on 2026-04-21";324;"324";"324"
"1039";-6.296862;49.977546;"Laminaria ochroleuca Bachelot de la Pylaie, 1824";"1983";"7";"12";"http://creativecommons.org/licenses/by/4.0/legalcode";". Accessed from R via rgbif (https://github.com/ropensci/rgbif) on 2026-04-21";324;"324";"324"
"1040";-6.348647;49.886529;"Laminaria ochroleuca Bachelot de la Pylaie, 1824";"1983";"7";"3";"http://creativecommons.org/licenses/by/4.0/legalcode";". Accessed from R via rgbif (https://github.com/ropensci/rgbif) on 2026-04-21";324;"324";"324"
"1041";-6.274087;49.925299;"Laminaria ochroleuca Bachelot de la Pylaie, 1824";"1983";"7";"13";"http://creativecommons.org/licenses/by/4.0/legalcode";". Accessed from R via rgbif (https://github.com/ropensci/rgbif) on 2026-04-21";324;"324";"324"
"1042";-6.346775;49.8812;"Laminaria ochroleuca Bachelot de la Pylaie, 1824";"1983";"7";"3";"http://creativecommons.org/licenses/by/4.0/legalcode";". Accessed from R via rgbif (https://github.com/ropensci/rgbif) on 2026-04-21";324;"324";"324"
"1043";-6.347259;49.886581;"Laminaria ochroleuca Bachelot de la Pylaie, 1824";"1983";"7";"3";"http://creativecommons.org/licenses/by/4.0/legalcode";". Accessed from R via rgbif (https://github.com/ropensci/rgbif) on 2026-04-21";324;"324";"324"
"1044";-6.305715;49.967319;"Laminaria ochroleuca Bachelot de la Pylaie, 1824";"1983";"7";"10";"http://creativecommons.org/licenses/by/4.0/legalcode";". Accessed from R via rgbif (https://github.com/ropensci/rgbif) on 2026-04-21";324;"324";"324"
"1045";-6.368241;49.887591;"Laminaria ochroleuca Bachelot de la Pylaie, 1824";"1983";"7";"7";"http://creativecommons.org/licenses/by/4.0/legalcode";". Accessed from R via rgbif (https://github.com/ropensci/rgbif) on 2026-04-21";324;"324";"324"
"1046";-6.298493;49.980185;"Laminaria ochroleuca Bachelot de la Pylaie, 1824";"1983";"7";"12";"http://creativecommons.org/licenses/by/4.0/legalcode";". Accessed from R via rgbif (https://github.com/ropensci/rgbif) on 2026-04-21";324;"324";"324"
"1047";-6.276707;49.923403;"Laminaria ochroleuca Bachelot de la Pylaie, 1824";"1983";"7";"11";"http://creativecommons.org/licenses/by/4.0/legalcode";". Accessed from R via rgbif (https://github.com/ropensci/rgbif) on 2026-04-21";324;"324";"324"
"1048";-6.285998;49.933857;"Laminaria ochroleuca Bachelot de la Pylaie, 1824";"1983";"7";"11";"http://creativecommons.org/licenses/by/4.0/legalcode";". Accessed from R via rgbif (https://github.com/ropensci/rgbif) on 2026-04-21";324;"324";"324"
"1049";-6.3144;49.908507;"Laminaria ochroleuca Bachelot de la Pylaie, 1824";"1983";"7";"13";"http://creativecommons.org/licenses/by/4.0/legalcode";". Accessed from R via rgbif (https://github.com/ropensci/rgbif) on 2026-04-21";324;"324";"324"
"1050";-6.333459;49.887998;"Laminaria ochroleuca Bachelot de la Pylaie, 1824";"1983";"7";"14";"http://creativecommons.org/licenses/by/4.0/legalcode";". Accessed from R via rgbif (https://github.com/ropensci/rgbif) on 2026-04-21";324;"324";"324"
"1051";-9.137414;38.428305;"Laminaria ochroleuca Bachelot de la Pylaie, 1824";"1983";"8";"1";"http://creativecommons.org/licenses/by-nc/4.0/legalcode";". Accessed from R via rgbif (https://github.com/ropensci/rgbif) on 2026-04-21";324;"324";"324"
"1052";-9.195278;38.408611;"Laminaria ochroleuca Bachelot de la Pylaie, 1824";"1983";"8";"1";"http://creativecommons.org/licenses/by-nc/4.0/legalcode";". Accessed from R via rgbif (https://github.com/ropensci/rgbif) on 2026-04-21";324;"324";"324"
"1053";-9.059603;38.433885;"Laminaria ochroleuca Bachelot de la Pylaie, 1824";"1983";"8";"1";"http://creativecommons.org/licenses/by-nc/4.0/legalcode";". Accessed from R via rgbif (https://github.com/ropensci/rgbif) on 2026-04-21";324;"324";"324"
"1054";-9.063888;38.434648;"Laminaria ochroleuca Bachelot de la Pylaie, 1824";"1983";"8";"1";"http://creativecommons.org/licenses/by-nc/4.0/legalcode";". Accessed from R via rgbif (https://github.com/ropensci/rgbif) on 2026-04-21";324;"324";"324"
"1055";-9.066751;38.434013;"Laminaria ochroleuca Bachelot de la Pylaie, 1824";"1983";"8";"1";"http://creativecommons.org/licenses/by-nc/4.0/legalcode";". Accessed from R via rgbif (https://github.com/ropensci/rgbif) on 2026-04-21";324;"324";"324"
"1056";-9.137414;38.428305;"Laminaria ochroleuca Bachelot de la Pylaie, 1824";"1983";"10";"14";"http://creativecommons.org/licenses/by-nc/4.0/legalcode";". Accessed from R via rgbif (https://github.com/ropensci/rgbif) on 2026-04-21";324;"324";"324"
"1057";-9.166667;38.416667;"Laminaria ochroleuca Bachelot de la Pylaie, 1824";"1983";"10";"14";"http://creativecommons.org/licenses/by-nc/4.0/legalcode";". Accessed from R via rgbif (https://github.com/ropensci/rgbif) on 2026-04-21";324;"324";"324"
"1058";-9.195278;38.408611;"Laminaria ochroleuca Bachelot de la Pylaie, 1824";"1983";"10";"14";"http://creativecommons.org/licenses/by-nc/4.0/legalcode";". Accessed from R via rgbif (https://github.com/ropensci/rgbif) on 2026-04-21";324;"324";"324"
"1059";-9.059603;38.433885;"Laminaria ochroleuca Bachelot de la Pylaie, 1824";"1983";"10";"14";"http://creativecommons.org/licenses/by-nc/4.0/legalcode";". Accessed from R via rgbif (https://github.com/ropensci/rgbif) on 2026-04-21";324;"324";"324"
"1060";-9.081321;38.433059;"Laminaria ochroleuca Bachelot de la Pylaie, 1824";"1983";"10";"14";"http://creativecommons.org/licenses/by-nc/4.0/legalcode";". Accessed from R via rgbif (https://github.com/ropensci/rgbif) on 2026-04-21";324;"324";"324"
"1061";-9.118103;38.429803;"Laminaria ochroleuca Bachelot de la Pylaie, 1824";"1983";"10";"14";"http://creativecommons.org/licenses/by-nc/4.0/legalcode";". Accessed from R via rgbif (https://github.com/ropensci/rgbif) on 2026-04-21";324;"324";"324"
"1062";-9.063888;38.434648;"Laminaria ochroleuca Bachelot de la Pylaie, 1824";"1983";"10";"14";"http://creativecommons.org/licenses/by-nc/4.0/legalcode";". Accessed from R via rgbif (https://github.com/ropensci/rgbif) on 2026-04-21";324;"324";"324"
"1063";-9.066751;38.434013;"Laminaria ochroleuca Bachelot de la Pylaie, 1824";"1983";"10";"14";"http://creativecommons.org/licenses/by-nc/4.0/legalcode";". Accessed from R via rgbif (https://github.com/ropensci/rgbif) on 2026-04-21";324;"324";"324"
"1064";-9.215756;38.437477;"Laminaria ochroleuca Bachelot de la Pylaie, 1824";"1983";"10";"14";"http://creativecommons.org/licenses/by-nc/4.0/legalcode";". Accessed from R via rgbif (https://github.com/ropensci/rgbif) on 2026-04-21";324;"324";"324"
"1065";-9.065333;38.433333;"Laminaria ochroleuca Bachelot de la Pylaie, 1824";"1981";"4";"17";"http://creativecommons.org/licenses/by-nc/4.0/legalcode";". Accessed from R via rgbif (https://github.com/ropensci/rgbif) on 2026-04-21";324;"324";"324"
"1066";-9.194166;38.408333;"Laminaria ochroleuca Bachelot de la Pylaie, 1824";"1981";"4";"14";"http://creativecommons.org/licenses/by-nc/4.0/legalcode";". Accessed from R via rgbif (https://github.com/ropensci/rgbif) on 2026-04-21";324;"324";"324"
"1067";-9.211667;38.443333;"Laminaria ochroleuca Bachelot de la Pylaie, 1824";"1981";"6";"23";"http://creativecommons.org/licenses/by-nc/4.0/legalcode";". Accessed from R via rgbif (https://github.com/ropensci/rgbif) on 2026-04-21";324;"324";"324"
"1068";-9.081321;38.433059;"Laminaria ochroleuca Bachelot de la Pylaie, 1824";"1981";"6";"23";"http://creativecommons.org/licenses/by-nc/4.0/legalcode";". Accessed from R via rgbif (https://github.com/ropensci/rgbif) on 2026-04-21";324;"324";"324"
"1069";-9.221667;38.41;"Laminaria ochroleuca Bachelot de la Pylaie, 1824";"1981";"6";"20";"http://creativecommons.org/licenses/by-nc/4.0/legalcode";". Accessed from R via rgbif (https://github.com/ropensci/rgbif) on 2026-04-21";324;"324";"324"
"1070";-5.074751;50.087492;"Laminaria ochroleuca Bachelot de la Pylaie, 1824";"1981";"8";"28";"http://creativecommons.org/licenses/by/4.0/legalcode";". Accessed from R via rgbif (https://github.com/ropensci/rgbif) on 2026-04-21";324;"324";"324"
"1071";-5.186003;49.972936;"Laminaria ochroleuca Bachelot de la Pylaie, 1824";"1981";"8";"25";"http://creativecommons.org/licenses/by/4.0/legalcode";". Accessed from R via rgbif (https://github.com/ropensci/rgbif) on 2026-04-21";324;"324";"324"
"1072";-5.269974;49.997586;"Laminaria ochroleuca Bachelot de la Pylaie, 1824";"1981";"8";"24";"http://creativecommons.org/licenses/by/4.0/legalcode";". Accessed from R via rgbif (https://github.com/ropensci/rgbif) on 2026-04-21";324;"324";"324"
"1073";-4.906454;50.194381;"Laminaria ochroleuca Bachelot de la Pylaie, 1824";"1981";"8";"29";"http://creativecommons.org/licenses/by/4.0/legalcode";". Accessed from R via rgbif (https://github.com/ropensci/rgbif) on 2026-04-21";324;"324";"324"
"1074";-5.285877;49.96475;"Laminaria ochroleuca Bachelot de la Pylaie, 1824";"1981";"8";"24";"http://creativecommons.org/licenses/by/4.0/legalcode";". Accessed from R via rgbif (https://github.com/ropensci/rgbif) on 2026-04-21";324;"324";"324"
"1075";-6.366195;49.895766;"Laminaria ochroleuca Bachelot de la Pylaie, 1824";"1980";"7";"9";"http://creativecommons.org/licenses/by/4.0/legalcode";". Accessed from R via rgbif (https://github.com/ropensci/rgbif) on 2026-04-21";324;"324";"324"
"1076";-6.302811;49.903539;"Laminaria ochroleuca Bachelot de la Pylaie, 1824";"1980";"7";NA;"http://creativecommons.org/licenses/by/4.0/legalcode";". Accessed from R via rgbif (https://github.com/ropensci/rgbif) on 2026-04-21";324;"324";"324"
"1077";-5.089142;50.028636;"Laminaria ochroleuca Bachelot de la Pylaie, 1824";"1980";"7";"5";"http://creativecommons.org/licenses/by/4.0/legalcode";". Accessed from R via rgbif (https://github.com/ropensci/rgbif) on 2026-04-21";324;"324";"324"
"1078";-6.356073;49.891649;"Laminaria ochroleuca Bachelot de la Pylaie, 1824";"1980";"7";"8";"http://creativecommons.org/licenses/by/4.0/legalcode";". Accessed from R via rgbif (https://github.com/ropensci/rgbif) on 2026-04-21";324;"324";"324"
"1079";-6.327987;49.889103;"Laminaria ochroleuca Bachelot de la Pylaie, 1824";"1980";"7";"8";"http://creativecommons.org/licenses/by/4.0/legalcode";". Accessed from R via rgbif (https://github.com/ropensci/rgbif) on 2026-04-21";324;"324";"324"
"1080";-6.356801;49.89972;"Laminaria ochroleuca Bachelot de la Pylaie, 1824";"1980";"7";"8";"http://creativecommons.org/licenses/by/4.0/legalcode";". Accessed from R via rgbif (https://github.com/ropensci/rgbif) on 2026-04-21";324;"324";"324"
"1081";-6.387107;49.865281;"Laminaria ochroleuca Bachelot de la Pylaie, 1824";"1980";"7";NA;"http://creativecommons.org/licenses/by/4.0/legalcode";". Accessed from R via rgbif (https://github.com/ropensci/rgbif) on 2026-04-21";324;"324";"324"
"1082";-6.345952;49.88753;"Laminaria ochroleuca Bachelot de la Pylaie, 1824";"1980";"7";"9";"http://creativecommons.org/licenses/by/4.0/legalcode";". Accessed from R via rgbif (https://github.com/ropensci/rgbif) on 2026-04-21";324;"324";"324"
"1083";-6.337382;49.885152;"Laminaria ochroleuca Bachelot de la Pylaie, 1824";"1980";"7";"9";"http://creativecommons.org/licenses/by/4.0/legalcode";". Accessed from R via rgbif (https://github.com/ropensci/rgbif) on 2026-04-21";324;"324";"324"
"1084";-6.280079;49.91428;"Laminaria ochroleuca Bachelot de la Pylaie, 1824";"1980";"7";"8";"http://creativecommons.org/licenses/by/4.0/legalcode";". Accessed from R via rgbif (https://github.com/ropensci/rgbif) on 2026-04-21";324;"324";"324"
"1085";-6.366367;49.882262;"Laminaria ochroleuca Bachelot de la Pylaie, 1824";"1980";"7";"9";"http://creativecommons.org/licenses/by/4.0/legalcode";". Accessed from R via rgbif (https://github.com/ropensci/rgbif) on 2026-04-21";324;"324";"324"
"1086";-6.444973;49.87387;"Laminaria ochroleuca Bachelot de la Pylaie, 1824";"1980";"7";NA;"http://creativecommons.org/licenses/by/4.0/legalcode";". Accessed from R via rgbif (https://github.com/ropensci/rgbif) on 2026-04-21";324;"324";"324"
"1087";-5.063548;50.065299;"Laminaria ochroleuca Bachelot de la Pylaie, 1824";"1980";"7";"5";"http://creativecommons.org/licenses/by/4.0/legalcode";". Accessed from R via rgbif (https://github.com/ropensci/rgbif) on 2026-04-21";324;"324";"324"
"1088";-4.649499;51.164754;"Laminaria ochroleuca Bachelot de la Pylaie, 1824";"1978";"7";"25";"http://creativecommons.org/licenses/by/4.0/legalcode";". Accessed from R via rgbif (https://github.com/ropensci/rgbif) on 2026-04-21";324;"324";"324"
"1089";-5.707619;50.13466;"Laminaria ochroleuca Bachelot de la Pylaie, 1824";"1978";"9";"4";"http://creativecommons.org/licenses/by/4.0/legalcode";". Accessed from R via rgbif (https://github.com/ropensci/rgbif) on 2026-04-21";324;"324";"324"
"1090";-5.8;43.63;"Laminaria ochroleuca Bachelot de la Pylaie, 1824";"1978";"10";NA;"http://creativecommons.org/licenses/by-nc/4.0/legalcode";". Accessed from R via rgbif (https://github.com/ropensci/rgbif) on 2026-04-21";324;"324";"324"
"1091";-5.017115;50.149278;"Laminaria ochroleuca Bachelot de la Pylaie, 1824";"1977";"9";"16";"http://creativecommons.org/licenses/by/4.0/legalcode";". Accessed from R via rgbif (https://github.com/ropensci/rgbif) on 2026-04-21";324;"324";"324"
"1092";-3.775622;50.229774;"Laminaria ochroleuca Bachelot de la Pylaie, 1824";"1976";"1";"20";"http://creativecommons.org/licenses/by/4.0/legalcode";". Accessed from R via rgbif (https://github.com/ropensci/rgbif) on 2026-04-21";324;"324";"324"
"1093";-9.77328;31.513;"Laminaria ochroleuca Bachelot de la Pylaie, 1824";"1973";"6";"1";"http://creativecommons.org/licenses/by-nc/4.0/legalcode";". Accessed from R via rgbif (https://github.com/ropensci/rgbif) on 2026-04-21";324;"324";"324"
"1094";-6.284369;49.915921;"Laminaria ochroleuca Bachelot de la Pylaie, 1824";"1968";"1";"1";"http://creativecommons.org/licenses/by-nc/4.0/legalcode";". Accessed from R via rgbif (https://github.com/ropensci/rgbif) on 2026-04-21";324;"324";"324"
"1095";-6.300636;49.910819;"Laminaria ochroleuca Bachelot de la Pylaie, 1824";"1968";"1";"1";"http://creativecommons.org/licenses/by-nc/4.0/legalcode";". Accessed from R via rgbif (https://github.com/ropensci/rgbif) on 2026-04-21";324;"324";"324"
"1096";-8.8984;42.11336;"Laminaria ochroleuca Bachelot de la Pylaie, 1824";"1968";"9";"10";"http://creativecommons.org/licenses/by-nc/4.0/legalcode";". Accessed from R via rgbif (https://github.com/ropensci/rgbif) on 2026-04-21";324;"324";"324"
"1097";-5.074213;50.068165;"Laminaria ochroleuca Bachelot de la Pylaie, 1824";"1967";"8";"1";"http://creativecommons.org/licenses/by-nc/4.0/legalcode";". Accessed from R via rgbif (https://github.com/ropensci/rgbif) on 2026-04-21";324;"324";"324"
"1098";-3.43;43.49;"Laminaria ochroleuca Bachelot de la Pylaie, 1824";"1964";"10";"19";"http://creativecommons.org/licenses/by-nc/4.0/legalcode";". Accessed from R via rgbif (https://github.com/ropensci/rgbif) on 2026-04-21";324;"324";"324"
"1099";-9.38044;39.35635;"Laminaria ochroleuca Bachelot de la Pylaie, 1824";"1963";NA;NA;"http://creativecommons.org/licenses/by/4.0/legalcode";". Accessed from R via rgbif (https://github.com/ropensci/rgbif) on 2026-04-21";324;"324";"324"
"1100";-4.38781;48.66071;"Laminaria ochroleuca Bachelot de la Pylaie, 1824";"1959";"7";"7";"http://creativecommons.org/licenses/by/4.0/legalcode";". Accessed from R via rgbif (https://github.com/ropensci/rgbif) on 2026-04-21";324;"324";"324"
"1101";-4.150343;50.339469;"Laminaria ochroleuca Bachelot de la Pylaie, 1824";"1953";"2";NA;"http://creativecommons.org/licenses/by-nc/4.0/legalcode";". Accessed from R via rgbif (https://github.com/ropensci/rgbif) on 2026-04-21";324;"324";"324"
"1102";-3.776326;50.228351;"Laminaria ochroleuca Bachelot de la Pylaie, 1824";"1951";"12";"31";"http://creativecommons.org/licenses/by-nc/4.0/legalcode";". Accessed from R via rgbif (https://github.com/ropensci/rgbif) on 2026-04-21";324;"324";"324"
"1103";-6.348985;49.959853;"Laminaria ochroleuca Bachelot de la Pylaie, 1824";"1948";"1";"1";"http://creativecommons.org/licenses/by-nc/4.0/legalcode";". Accessed from R via rgbif (https://github.com/ropensci/rgbif) on 2026-04-21";324;"324";"324"
"1104";-6.28898;49.936447;"Laminaria ochroleuca Bachelot de la Pylaie, 1824";"1948";"1";"1";"http://creativecommons.org/licenses/by-nc/4.0/legalcode";". Accessed from R via rgbif (https://github.com/ropensci/rgbif) on 2026-04-21";324;"324";"324"
"1105";-5.040927;50.050151;"Laminaria ochroleuca Bachelot de la Pylaie, 1824";"1948";"1";"1";"http://creativecommons.org/licenses/by-nc/4.0/legalcode";". Accessed from R via rgbif (https://github.com/ropensci/rgbif) on 2026-04-21";324;"324";"324"
"1106";-4.446478;50.337661;"Laminaria ochroleuca Bachelot de la Pylaie, 1824";"1948";"1";"1";"http://creativecommons.org/licenses/by-nc/4.0/legalcode";". Accessed from R via rgbif (https://github.com/ropensci/rgbif) on 2026-04-21";324;"324";"324"
"1107";-3.98488;48.72695;"Laminaria ochroleuca Bachelot de la Pylaie, 1824";"1948";"8";"17";"http://creativecommons.org/licenses/by/4.0/legalcode";". Accessed from R via rgbif (https://github.com/ropensci/rgbif) on 2026-04-21";324;"324";"324"
"1108";3.24868;36.81856;"Laminaria ochroleuca Bachelot de la Pylaie, 1824";"1939";"1";"17";"http://creativecommons.org/licenses/by/4.0/legalcode";". Accessed from R via rgbif (https://github.com/ropensci/rgbif) on 2026-04-21";324;"324";"324"
"1109";3.22819;36.79435;"Laminaria ochroleuca Bachelot de la Pylaie, 1824";"1938";"5";"12";"http://creativecommons.org/licenses/by/4.0/legalcode";". Accessed from R via rgbif (https://github.com/ropensci/rgbif) on 2026-04-21";324;"324";"324"
"1110";3.23496;36.80228;"Laminaria ochroleuca Bachelot de la Pylaie, 1824";"1938";"5";"12";"http://creativecommons.org/licenses/by/4.0/legalcode";". Accessed from R via rgbif (https://github.com/ropensci/rgbif) on 2026-04-21";324;"324";"324"
"1111";3.23196;36.79201;"Laminaria ochroleuca Bachelot de la Pylaie, 1824";"1938";"10";"21";"http://creativecommons.org/licenses/by/4.0/legalcode";". Accessed from R via rgbif (https://github.com/ropensci/rgbif) on 2026-04-21";324;"324";"324"
"1112";3.22797;36.79493;"Laminaria ochroleuca Bachelot de la Pylaie, 1824";"1938";"10";"21";"http://creativecommons.org/licenses/by/4.0/legalcode";". Accessed from R via rgbif (https://github.com/ropensci/rgbif) on 2026-04-21";324;"324";"324"
"1113";-4.57134;48.60341;"Laminaria ochroleuca Bachelot de la Pylaie, 1824";"1936";"8";NA;"http://creativecommons.org/licenses/by/4.0/legalcode";". Accessed from R via rgbif (https://github.com/ropensci/rgbif) on 2026-04-21";324;"324";"324"
"1114";-4.85085;48.03695;"Laminaria ochroleuca Bachelot de la Pylaie, 1824";"1936";"9";NA;"http://creativecommons.org/licenses/by/4.0/legalcode";". Accessed from R via rgbif (https://github.com/ropensci/rgbif) on 2026-04-21";324;"324";"324"
"1115";-4.852;48.037;"Laminaria ochroleuca Bachelot de la Pylaie, 1824";"1936";"9";NA;"http://creativecommons.org/licenses/by/4.0/legalcode";". Accessed from R via rgbif (https://github.com/ropensci/rgbif) on 2026-04-21";324;"324";"324"
"1116";-4.85156;48.03769;"Laminaria ochroleuca Bachelot de la Pylaie, 1824";"1936";"9";NA;"http://creativecommons.org/licenses/by/4.0/legalcode";". Accessed from R via rgbif (https://github.com/ropensci/rgbif) on 2026-04-21";324;"324";"324"
"1117";-4.85076;48.03704;"Laminaria ochroleuca Bachelot de la Pylaie, 1824";"1936";"10";"1";"http://creativecommons.org/licenses/by/4.0/legalcode";". Accessed from R via rgbif (https://github.com/ropensci/rgbif) on 2026-04-21";324;"324";"324"
"1118";-8.87803;41.74717;"Laminaria iberica (G.Hamel) Lami, 1934";"1931";"10";"12";"http://creativecommons.org/licenses/by/4.0/legalcode";". Accessed from R via rgbif (https://github.com/ropensci/rgbif) on 2026-04-21";324;"324";"324"
"1119";-8.86852;41.84541;"Laminaria ochroleuca Bachelot de la Pylaie, 1824";"1931";"10";NA;"http://creativecommons.org/licenses/by/4.0/legalcode";". Accessed from R via rgbif (https://github.com/ropensci/rgbif) on 2026-04-21";324;"324";"324"
"1120";-8.8799;41.74896;"Laminaria ochroleuca Bachelot de la Pylaie, 1824";"1931";"10";"12";"http://creativecommons.org/licenses/by/4.0/legalcode";". Accessed from R via rgbif (https://github.com/ropensci/rgbif) on 2026-04-21";324;"324";"324"
"1121";-8.87319;41.84522;"Laminaria iberica (G.Hamel) Lami, 1934";"1931";"10";"13";"http://creativecommons.org/licenses/by/4.0/legalcode";". Accessed from R via rgbif (https://github.com/ropensci/rgbif) on 2026-04-21";324;"324";"324"
"1122";-5.09763;48.4551;"Laminaria ochroleuca Bachelot de la Pylaie, 1824";"1926";"9";NA;"http://creativecommons.org/licenses/by/4.0/legalcode";". Accessed from R via rgbif (https://github.com/ropensci/rgbif) on 2026-04-21";324;"324";"324"
"1123";-5.073758;50.093815;"Laminaria ochroleuca Bachelot de la Pylaie, 1824";NA;NA;NA;"http://creativecommons.org/licenses/by/4.0/legalcode";". Accessed from R via rgbif (https://github.com/ropensci/rgbif) on 2026-04-21";324;"324";"324"
"1124";-5.07655;50.093741;"Laminaria ochroleuca Bachelot de la Pylaie, 1824";NA;NA;NA;"http://creativecommons.org/licenses/by/4.0/legalcode";". Accessed from R via rgbif (https://github.com/ropensci/rgbif) on 2026-04-21";324;"324";"324"
"1125";-5.015096;50.139435;"Laminaria ochroleuca Bachelot de la Pylaie, 1824";NA;NA;NA;"http://creativecommons.org/licenses/by/4.0/legalcode";". Accessed from R via rgbif (https://github.com/ropensci/rgbif) on 2026-04-21";324;"324";"324"
"1126";-8.973206;38.47748;"Laminaria ochroleuca Bachelot de la Pylaie, 1824";NA;NA;NA;"http://creativecommons.org/licenses/by-nc/4.0/legalcode";". Accessed from R via rgbif (https://github.com/ropensci/rgbif) on 2026-04-21";324;"324";"324"
"1127";-9.05249;38.43988;"Laminaria ochroleuca Bachelot de la Pylaie, 1824";NA;NA;NA;"http://creativecommons.org/licenses/by-nc/4.0/legalcode";". Accessed from R via rgbif (https://github.com/ropensci/rgbif) on 2026-04-21";324;"324";"324"
"1128";-9.190002;38.41229;"Laminaria ochroleuca Bachelot de la Pylaie, 1824";NA;NA;NA;"http://creativecommons.org/licenses/by-nc/4.0/legalcode";". Accessed from R via rgbif (https://github.com/ropensci/rgbif) on 2026-04-21";324;"324";"324"
"1129";-9.192383;38.41132;"Laminaria ochroleuca Bachelot de la Pylaie, 1824";NA;NA;NA;"http://creativecommons.org/licenses/by-nc/4.0/legalcode";". Accessed from R via rgbif (https://github.com/ropensci/rgbif) on 2026-04-21";324;"324";"324"
"1130";-9.19458;38.4101;"Laminaria ochroleuca Bachelot de la Pylaie, 1824";NA;NA;NA;"http://creativecommons.org/licenses/by-nc/4.0/legalcode";". Accessed from R via rgbif (https://github.com/ropensci/rgbif) on 2026-04-21";324;"324";"324"
"1131";-9.203308;38.4093;"Laminaria ochroleuca Bachelot de la Pylaie, 1824";NA;NA;NA;"http://creativecommons.org/licenses/by-nc/4.0/legalcode";". Accessed from R via rgbif (https://github.com/ropensci/rgbif) on 2026-04-21";324;"324";"324"
"1132";-9.2005;38.40887;"Laminaria ochroleuca Bachelot de la Pylaie, 1824";NA;NA;NA;"http://creativecommons.org/licenses/by-nc/4.0/legalcode";". Accessed from R via rgbif (https://github.com/ropensci/rgbif) on 2026-04-21";324;"324";"324"
"1133";-9.198486;38.40771;"Laminaria ochroleuca Bachelot de la Pylaie, 1824";NA;NA;NA;"http://creativecommons.org/licenses/by-nc/4.0/legalcode";". Accessed from R via rgbif (https://github.com/ropensci/rgbif) on 2026-04-21";324;"324";"324"
"1134";-9.115356;38.43391;"Laminaria ochroleuca Bachelot de la Pylaie, 1824";NA;NA;NA;"http://creativecommons.org/licenses/by-nc/4.0/legalcode";". Accessed from R via rgbif (https://github.com/ropensci/rgbif) on 2026-04-21";324;"324";"324"
"1135";-9.215756;38.437477;"Laminaria ochroleuca Bachelot de la Pylaie, 1824";NA;NA;NA;"http://creativecommons.org/licenses/by-nc/4.0/legalcode";". Accessed from R via rgbif (https://github.com/ropensci/rgbif) on 2026-04-21";324;"324";"324"
"1136";-8.850823;41.695912;"Laminaria ochroleuca Bachelot de la Pylaie, 1824";NA;NA;NA;"http://creativecommons.org/licenses/by/4.0/legalcode";". Accessed from R via rgbif (https://github.com/ropensci/rgbif) on 2026-04-21";324;"324";"324"
"1137";-9.220949;38.41024;"Laminaria ochroleuca Bachelot de la Pylaie, 1824";NA;NA;NA;"http://creativecommons.org/licenses/by/4.0/legalcode";". Accessed from R via rgbif (https://github.com/ropensci/rgbif) on 2026-04-21";324;"324";"324"
"1138";-9.21457;38.412359;"Laminaria ochroleuca Bachelot de la Pylaie, 1824";NA;NA;NA;"http://creativecommons.org/licenses/by/4.0/legalcode";". Accessed from R via rgbif (https://github.com/ropensci/rgbif) on 2026-04-21";324;"324";"324"
"1139";-9.221565;38.411123;"Laminaria ochroleuca Bachelot de la Pylaie, 1824";NA;NA;NA;"http://creativecommons.org/licenses/by/4.0/legalcode";". Accessed from R via rgbif (https://github.com/ropensci/rgbif) on 2026-04-21";324;"324";"324"
"1140";-9.212691;38.412047;"Laminaria ochroleuca Bachelot de la Pylaie, 1824";NA;NA;NA;"http://creativecommons.org/licenses/by/4.0/legalcode";". Accessed from R via rgbif (https://github.com/ropensci/rgbif) on 2026-04-21";324;"324";"324"
"1141";-9.202766;38.409667;"Laminaria ochroleuca Bachelot de la Pylaie, 1824";NA;NA;NA;"http://creativecommons.org/licenses/by/4.0/legalcode";". Accessed from R via rgbif (https://github.com/ropensci/rgbif) on 2026-04-21";324;"324";"324"
"1142";-9.202788;38.409768;"Laminaria ochroleuca Bachelot de la Pylaie, 1824";NA;NA;NA;"http://creativecommons.org/licenses/by/4.0/legalcode";". Accessed from R via rgbif (https://github.com/ropensci/rgbif) on 2026-04-21";324;"324";"324"
"1143";-9.224052;38.414728;"Laminaria ochroleuca Bachelot de la Pylaie, 1824";NA;NA;NA;"http://creativecommons.org/licenses/by/4.0/legalcode";". Accessed from R via rgbif (https://github.com/ropensci/rgbif) on 2026-04-21";324;"324";"324"
"1144";-9.202702;38.409566;"Laminaria ochroleuca Bachelot de la Pylaie, 1824";NA;NA;NA;"http://creativecommons.org/licenses/by/4.0/legalcode";". Accessed from R via rgbif (https://github.com/ropensci/rgbif) on 2026-04-21";324;"324";"324"
"1145";-8.822381;41.638739;"Laminaria ochroleuca Bachelot de la Pylaie, 1824";NA;NA;NA;"http://creativecommons.org/licenses/by/4.0/legalcode";". Accessed from R via rgbif (https://github.com/ropensci/rgbif) on 2026-04-21";324;"324";"324"
"1146";-9.773294;31.513874;"Laminaria ochroleuca Bachelot de la Pylaie, 1824";NA;NA;NA;"http://creativecommons.org/licenses/by/4.0/legalcode";". Accessed from R via rgbif (https://github.com/ropensci/rgbif) on 2026-04-21";324;"324";"324"
"1147";-9.20285;38.409648;"Laminaria ochroleuca Bachelot de la Pylaie, 1824";NA;NA;NA;"http://creativecommons.org/licenses/by/4.0/legalcode";". Accessed from R via rgbif (https://github.com/ropensci/rgbif) on 2026-04-21";324;"324";"324"
